"px_epsg28992","py_epsg28992","lon","lat","dist","ffreq2","ffreq3"
181180,333740,5.76008379942752,50.9927167494721,0,0,0
181140,333700,5.75951118495381,50.9923590365818,0,0,0
181180,333700,5.76008089329635,50.992357203926,0.0122243,0,0
181220,333700,5.76065060158647,50.9923553684693,0.0434678,0,0
181100,333660,5.758938579356,50.9920013208536,0,0,0
181140,333660,5.75950828331296,50.9919994910175,0.0122243,0,0
181180,333660,5.76007798721759,50.9919976583804,0.0373395,0,0
181220,333660,5.7606476910698,50.9919958229425,0.0593662,0,0
181060,333620,5.75836598263394,50.9916436022876,0.00135803,0,0
181100,333620,5.75893568220532,50.991641775271,0.0122243,0,0
181140,333620,5.75950538172444,50.9916399454536,0.0373395,0,0
181180,333620,5.76007508119124,50.9916381128354,0.0593662,0,0
181220,333620,5.76064478060562,50.9916362774163,0.0812247,0,0
181260,333620,5.76121447996752,50.9916344391964,0.101178,0,0
181020,333580,5.75779339478747,50.9912858808839,0,0,0
181060,333580,5.75836308997326,50.9912840566868,0.0122243,0,0
181100,333580,5.75893278510688,50.9912822296889,0.0484855,0,0
181140,333580,5.75950248018826,50.9912803998903,0.0593662,0,0
181180,333580,5.7600721752173,50.9912785672908,0.0812247,0,0
181220,333580,5.76064187019394,50.9912767318905,0.103029,0,0
181260,333580,5.76121156511809,50.9912748936895,0.12481,0,0
181300,333580,5.76178125998966,50.9912730526876,0.152165,0,0
180980,333540,5.75722081581644,50.9909281566425,0,0,0
181020,333540,5.75779050661664,50.990926335265,0.0122243,0,0
181060,333540,5.75836019736475,50.9909245110866,0.0373395,0,0
181100,333540,5.7589298880607,50.9909226841074,0.0593662,0,0
181140,333540,5.7594995787044,50.9909208543275,0.0921488,0,0
181180,333540,5.76006926929577,50.9909190217468,0.103029,0,0
181220,333540,5.76063895983473,50.9909171863653,0.12481,0,0
181260,333540,5.76120865032121,50.9909153481831,0.146578,0,0
181300,333540,5.76177834075513,50.9909135072001,0.166504,0,0
180940,333500,5.75664824572067,50.9905704295637,0,0,0
180980,333500,5.75721793213528,50.9905686110055,0.0122243,0,0
181020,333500,5.75778761849789,50.9905667896465,0.0373395,0,0
181060,333500,5.7583573048084,50.9905649654869,0.0593662,0,0
181100,333500,5.75892699106676,50.9905631385264,0.0812247,0,0
181140,333500,5.75949667727286,50.9905613087652,0.103029,0,0
181180,333500,5.76006636342665,50.9905594762033,0.135698,0,0
181220,333500,5.76063604952802,50.9905576408407,0.146578,0,0
181260,333500,5.76120573557691,50.9905558026773,0.168339,0,0
181300,333500,5.76177542157324,50.9905539617131,0.190094,0,0
181340,333500,5.76234510751692,50.9905521179482,0.206375,0,0
180940,333460,5.75664536652904,50.9902108839085,0.00135803,0,0
180980,333460,5.75721504850613,50.990209065369,0.0316663,0,0
181020,333460,5.75778473043122,50.9902072440287,0.0593636,0,0
181060,333460,5.75835441230423,50.9902054198877,0.0812247,0,0
181100,333460,5.75892409412506,50.990203592946,0.103029,0,0
181140,333460,5.75949377589366,50.9902017632036,0.12481,0,0
181180,333460,5.76006345760993,50.9901999306604,0.146578,0,0
181220,333460,5.76063313927379,50.9901980953166,0.179213,0,0
181260,333460,5.76120282088517,50.990196257172,0.190094,0,0
181300,333460,5.761772502444,50.9901944162268,0.211846,0,0
181340,333460,5.76234218395017,50.9901925724808,0.233596,0,0
180900,333420,5.75607280979776,50.9898531539742,0,0,0
180940,333420,5.75664248738934,50.9898513382539,0.0122243,0,0
180980,333420,5.75721216492899,50.989849519733,0.0484884,0,0
181020,333420,5.75778184241664,50.9898476984114,0.0756869,0,0
181060,333420,5.75835151985221,50.9898458742891,0.103027,0,0
181100,333420,5.75892119723561,50.9898440473661,0.12481,0,0
181140,333420,5.75949087456677,50.9898422176424,0.146578,0,0
181180,333420,5.76006055184561,50.9898403851181,0.168339,0,0
181220,333420,5.76063022907205,50.989838549793,0.190094,0,0
181260,333420,5.761199906246,50.9898367116673,0.222715,0,0
181300,333420,5.76176958336739,50.9898348707409,0.233596,0,0
181340,333420,5.76233926043614,50.9898330270138,0.255343,0,0
181380,333420,5.76290893745217,50.989831180486,0.275265,0,0
180860,333380,5.75550026194128,50.9894954212025,0,0,0
180900,333380,5.75606993514734,50.9894936083015,0.0054321,0,0
180940,333380,5.75663960830156,50.9894917925999,0.0373369,0,0
180980,333380,5.75720928140385,50.9894899740976,0.0593662,0,0
181020,333380,5.75777895445414,50.9894881527947,0.0921516,0,0
181060,333380,5.75834862745235,50.989486328691,0.119308,0,0
181100,333380,5.7589183003984,50.9894845017868,0.146576,0,0
181140,333380,5.75948797329221,50.9894826720818,0.168339,0,0
181180,333380,5.7600576461337,50.9894808395763,0.190094,0,0
181220,333380,5.76062731892279,50.98947900427,0.211846,0,0
181260,333380,5.76119699165939,50.9894771661631,0.233596,0,0
181300,333380,5.76176666434344,50.9894753252556,0.266209,0,0
181340,333380,5.76233633697484,50.9894734815474,0.27709,0,0
181380,333380,5.76290600955352,50.9894716350385,0.298835,0,0
181420,333380,5.7634756820794,50.989469785729,0.326079,0,0
180860,333340,5.75549739177998,50.9891358755119,0,0,0
180900,333340,5.75606706054876,50.9891340626295,0.0264645,0,0
180940,333340,5.75663672926569,50.9891322469464,0.0537889,0,0
180980,333340,5.75720639793071,50.9891304284628,0.081222,0,0
181020,333340,5.75777606654373,50.9891286071785,0.103029,0,0
181060,333340,5.75834573510466,50.9891267830935,0.1357,0,0
181100,333340,5.75891540361344,50.989124956208,0.162853,0,0
181140,333340,5.75948507206998,50.9891231265218,0.190091,0,0
181180,333340,5.76005474047419,50.989121294035,0.211846,0,0
181220,333340,5.76062440882601,50.9891194587476,0.233596,0,0
181260,333340,5.76119407712535,50.9891176206595,0.255343,0,0
181300,333340,5.76176374537212,50.9891157797708,0.27709,0,0
181340,333340,5.76233341356626,50.9891139360815,0.309699,0,0
181380,333340,5.76290308170767,50.9891120895916,0.32058,0,0
181420,333340,5.76347274979629,50.989110240301,0.342324,0,0
180820,333300,5.7549248572871,50.9887781398851,0,0,0
180860,333300,5.75549452167044,50.9887763298218,0.0054321,0,0
180900,333300,5.75606418600201,50.988774516958,0.0373369,0,0
180940,333300,5.75663385028175,50.9887727012936,0.0703468,0,0
180980,333300,5.75720351450957,50.9887708828285,0.0975136,0,0
181020,333300,5.75777317868539,50.9887690615629,0.124808,0,0
181060,333300,5.75834284280913,50.9887672374966,0.146578,0,0
181100,333300,5.75891250688071,50.9887654106298,0.179216,0,0
181140,333300,5.75948217090006,50.9887635809624,0.20637,0,0
181180,333300,5.76005183486708,50.9887617484943,0.233593,0,0
181220,333300,5.76062149878171,50.9887599132257,0.255343,0,0
181260,333300,5.76119116264386,50.9887580751565,0.27709,0,0
181300,333300,5.76176082645345,50.9887562342867,0.298835,0,0
181340,333300,5.7623304902104,50.9887543906163,0.32058,0,0
181380,333300,5.76290015391463,50.9887525441452,0.353186,0,0
181420,333300,5.76346981756607,50.9887506948736,0.364067,0,0
181460,333300,5.76403948116462,50.9887488428014,0.380356,1,0
180820,333260,5.75492199166644,50.9884185941771,0,0,0
180860,333260,5.75549165161265,50.9884167841324,0.0264645,0,0
180900,333260,5.75606131150711,50.9884149712871,0.0537889,0,0
180940,333260,5.75663097134973,50.9884131556412,0.081222,0,0
180980,333260,5.75720063114043,50.9884113371949,0.113932,0,0
181020,333260,5.75777029087913,50.9884095159479,0.141086,0,0
181060,333260,5.75833995056576,50.9884076919003,0.168336,0,0
181100,333260,5.75890961020023,50.9884058650522,0.190094,0,0
181140,333260,5.75947926978246,50.9884040354035,0.222718,0,0
181180,333260,5.76004892931237,50.9884022029542,0.249874,0,0
181220,333260,5.76061858878989,50.9884003677044,0.277087,0,0
181260,333260,5.76118824821493,50.988398529654,0.298835,0,0
181300,333260,5.76175790758741,50.9883966888031,0.32058,0,0
181340,333260,5.76232756690726,50.9883948451516,0.342324,0,0
181380,333260,5.76289722617438,50.9883929986995,0.364067,0,0
181420,333260,5.76346688538872,50.9883911494468,0.396672,1,0
181460,333260,5.76403654455017,50.9883892973936,0.407552,1,0
180780,333220,5.75434947053661,50.9880608556952,0,0,0
180820,333220,5.75491912609746,50.9880590484696,0.0054321,0,0
180860,333220,5.75548878160663,50.9880572384434,0.0373369,1,0
180900,333220,5.75605843706404,50.9880554256168,0.0703468,0,0
180940,333220,5.75662809246962,50.9880536099895,0.0975136,0,0
180980,333220,5.75719774782328,50.9880517915618,0.124808,0,0
181020,333220,5.75776740312495,50.9880499703334,0.157461,0,0
181060,333220,5.75833705837454,50.9880481463046,0.184614,0,0
181100,333220,5.75890671357198,50.9880463194752,0.211843,0,0
181140,333220,5.75947636871717,50.9880444898453,0.233596,0,0
181180,333220,5.76004602381006,50.9880426574148,0.266212,0,0
181220,333220,5.76061567885055,50.9880408221838,0.29337,0,0
181260,333220,5.76118533383856,50.9880389841522,0.320577,0,0
181300,333220,5.76175498877401,50.9880371433201,0.342324,0,0
181340,333220,5.76232464365683,50.9880352996875,0.364067,0,0
181380,333220,5.76289429848693,50.9880334532543,0.38581,0,0
181420,333220,5.76346395326424,50.9880316040206,0.407552,1,0
181460,333220,5.76403360798868,50.9880297519864,0.440156,1,0
181500,333220,5.76460326266015,50.9880278971515,0.456516,1,0
180780,333180,5.75434660945627,50.9877013099698,0,0,0
180820,333180,5.75491626058015,50.9876995027627,0.0264645,0,0
180860,333180,5.75548591165236,50.9876976927552,0.0537889,1,0
180900,333180,5.75605556267281,50.987695879947,0.081222,0,0
180940,333180,5.75662521364143,50.9876940643384,0.113932,0,0
180980,333180,5.75719486455813,50.9876922459293,0.141086,0,0
181020,333180,5.75776451542284,50.9876904247196,0.168336,0,0
181060,333180,5.75833416623548,50.9876886007094,0.200968,0,0
181100,333180,5.75890381699596,50.9876867738988,0.228123,0,0
181140,333180,5.75947346770421,50.9876849442876,0.255341,0,0
181180,333180,5.76004311836014,50.9876831118759,0.27709,0,0
181220,333180,5.76061276896368,50.9876812766637,0.309702,0,0
181260,333180,5.76118241951474,50.987679438651,0.336861,0,0
181300,333180,5.76175207001325,50.9876775978377,0.364064,0,0
181340,333180,5.76232172045913,50.9876757542239,0.38581,0,0
181380,333180,5.76289137085228,50.9876739078097,0.407552,1,0
181420,333180,5.76346102119265,50.9876720585949,0.429295,1,0
181460,333180,5.76403067148014,50.9876702065797,0.451037,1,0
181500,333180,5.76460032171468,50.9876683517639,0.483639,1,0
181540,333180,5.76516997189618,50.9876664941476,0.5,1,0
180780,333140,5.75434374842752,50.9873417642451,0.0054321,0,0
180820,333140,5.75491339511452,50.9873399570565,0.0373369,0,0
180860,333140,5.75548304174984,50.9873381470675,0.0703468,1,0
180900,333140,5.75605268833341,50.9873363342779,0.0975136,0,0
180940,333140,5.75662233486516,50.9873345186879,0.124808,0,0
180980,333140,5.75719198134498,50.9873327002974,0.157461,0,0
181020,333140,5.75776162777281,50.9873308791064,0.184614,0,0
181060,333140,5.75833127414857,50.987329055115,0.211843,0,0
181100,333140,5.75890092047218,50.987327228323,0.244466,0,0
181140,333140,5.75947056674355,50.9873253987305,0.271622,0,0
181180,333140,5.76004021296262,50.9873235663376,0.298832,0,0
181220,333140,5.76060985912928,50.9873217311442,0.32058,0,0
181260,333140,5.76117950524348,50.9873198931503,0.353189,0,0
181300,333140,5.76174915130512,50.9873180523559,0.38035,0,0
181340,333140,5.76231879731413,50.9873162087611,0.40755,1,0
181380,333140,5.76288844327043,50.9873143623657,0.429295,1,0
181420,333140,5.76345808917393,50.9873125131699,0.451037,1,0
181460,333140,5.76402773502456,50.9873106611736,0.472778,1,0
181500,333140,5.76459738082223,50.9873088063768,0.49452,1,0
181540,333140,5.76516702656688,50.9873069487796,0.521728,1,0
180740,333100,5.75377124514858,50.9869840228906,0,0,0
180780,333100,5.75434088745036,50.986982218521,0.0122243,0,0
180820,333100,5.75491052970056,50.9869804113509,0.0537778,1,0
180860,333100,5.75548017189908,50.9869786013804,0.0812194,1,0
180900,333100,5.75604981404585,50.9869767886094,0.113932,1,0
180940,333100,5.75661945614079,50.986974973038,0.141086,0,0
180980,333100,5.75718909818382,50.9869731546661,0.168336,1,0
181020,333100,5.75775874017486,50.9869713334938,0.200968,1,0
181060,333100,5.75832838211382,50.986969509521,0.228123,0,0
181100,333100,5.75889802400063,50.9869676827477,0.255341,0,0
181140,333100,5.75946766583522,50.9869658531741,0.287957,0,0
181180,333100,5.76003730761749,50.9869640207999,0.315116,0,0
181220,333100,5.76060694934736,50.9869621856253,0.342321,0,0
181260,333100,5.76117659102477,50.9869603476502,0.364067,0,0
181300,333100,5.76174623264963,50.9869585068747,0.396675,0,0
181340,333100,5.76231587422185,50.9869566632987,0.423837,1,0
181380,333100,5.76288551574136,50.9869548169224,0.451034,1,0
181420,333100,5.76345515720808,50.9869529677455,0.472778,1,0
181460,333100,5.76402479862193,50.9869511157682,0.49452,1,0
181500,333100,5.76459443998283,50.9869492609904,0.516261,1,0
180700,333060,5.75319875074316,50.9866262786992,0,0,0
180740,333060,5.75376838865974,50.9866244771486,0.0054321,0,0
180780,333060,5.75433802652479,50.9866226727974,0.0373369,0,0
180820,333060,5.75490766433827,50.9866208656459,0.0593662,1,0
180860,333060,5.75547730210007,50.986619055694,0.0975026,1,0
180900,333060,5.75604693981012,50.9866172429415,0.124805,1,0
180940,333060,5.75661657746834,50.9866154273887,0.157461,1,0
180980,333060,5.75718621507465,50.9866136090355,0.184614,1,0
181020,333060,5.75775585262897,50.9866117878818,0.211843,1,0
181060,333060,5.75832549013122,50.9866099639277,0.244466,0,0
181100,333060,5.75889512758132,50.9866081371732,0.271622,0,0
181140,333060,5.75946476497919,50.9866063076183,0.298832,0,0
181180,333060,5.76003440232475,50.9866044752629,0.331446,0,0
181220,333060,5.76060403961792,50.9866026401071,0.358606,0,0
181260,333060,5.76117367685861,50.9866008021508,0.385807,0,1
181300,333060,5.76174331404676,50.9865989613942,0.407552,0,1
181340,333060,5.76231295118228,50.9865971178371,0.440159,0,0
181380,333060,5.76288258826509,50.9865952714796,0.467322,1,0
181420,333060,5.7634522252951,50.9865934223217,0.494517,1,0
181460,333060,5.76402186227225,50.9865915703633,0.516261,1,0
181500,333060,5.76459149919645,50.9865897156046,0.532553,1,0
180700,333020,5.75319589874248,50.9862667329394,0,0,0
180740,333020,5.7537655322224,50.9862649314072,0.0264645,0,0
180780,333020,5.75433516565082,50.9862631270745,0.0537889,1,0
180820,333020,5.75490479902765,50.9862613199416,0.081222,1,0
180860,333020,5.75547443235281,50.9862595100081,0.103029,1,0
180900,333020,5.75604406562622,50.9862576972743,0.141075,1,0
180940,333020,5.7566136988478,50.9862558817401,0.168333,1,0
180980,333020,5.75718333201747,50.9862540634055,0.200968,1,0
181020,333020,5.75775296513515,50.9862522422705,0.228123,1,0
181060,333020,5.75832259820077,50.986250418335,0.255341,0,0
181100,333020,5.75889223121424,50.9862485915992,0.287957,0,0
181140,333020,5.75946186417547,50.9862467620631,0.315116,0,0
181180,333020,5.7600314970844,50.9862449297264,0.342321,0,0
181220,333020,5.76060112994094,50.9862430945894,0.374932,0,0
181260,333020,5.76117076274501,50.986241256652,0.402094,0,1
181300,333020,5.76174039549653,50.9862394159142,0.429292,0,1
181340,333020,5.76231002819542,50.986237572376,0.451037,0,0
181380,333020,5.7628796608416,50.9862357260375,0.483642,1,0
181420,333020,5.763449293435,50.9862338768985,0.510806,1,0
181460,333020,5.76401892597552,50.9862320249591,0.537999,1,0
180660,332980,5.75262341769844,50.9859089858936,0,0,0
180700,332980,5.75319304679322,50.9859071871802,0.0122243,0,0
180740,332980,5.75376267583658,50.9859053856664,0.0373395,1,0
180780,332980,5.75433230482843,50.9859035813523,0.0703468,1,0
180820,332980,5.7549019337687,50.9859017742378,0.0975136,1,0
180860,332980,5.75547156265729,50.9858999643229,0.124808,1,0
180900,332980,5.75604119149414,50.9858981516077,0.146578,1,0
180940,332980,5.75661082027917,50.9858963360921,0.184603,1,0
180980,332980,5.75718044901228,50.9858945177761,0.211841,1,0
181020,332980,5.75775007769341,50.9858926966597,0.244466,1,0
181060,332980,5.75831970632247,50.985890872743,0.271622,1,0
181100,332980,5.75888933489938,50.9858890460259,0.298832,1,0
181140,332980,5.75945896342406,50.9858872165084,0.331446,0,0
181180,332980,5.76002859189644,50.9858853841906,0.358606,0,0
181220,332980,5.76059822031643,50.9858835490724,0.385807,0,1
181260,332980,5.76116784868395,50.9858817111539,0.418417,0,1
181300,332980,5.76173747699892,50.9858798704349,0.44558,0,1
181340,332980,5.76230710526127,50.9858780269156,0.472776,0,0
181380,332980,5.76287673347091,50.9858761805959,0.49452,1,0
181420,332980,5.76344636162776,50.9858743314759,0.527124,1,0
181460,332980,5.76401598973175,50.9858724795555,0.543478,1,0
180660,332940,5.75262057023709,50.9855494401166,0,0,0
180700,332940,5.75319019489539,50.9855476414216,0.0316606,0,0
180740,332940,5.75375981950227,50.9855458399263,0.059361,1,0
180780,332940,5.75432944405763,50.9855440356307,0.0812247,1,0
180820,332940,5.75489906856142,50.9855422285347,0.113932,1,0
180860,332940,5.75546869301353,50.9855404186384,0.141086,1,0
180900,332940,5.7560383174139,50.9855386059417,0.168336,1,0
180940,332940,5.75660794176244,50.9855367904447,0.190094,1,0
180980,332940,5.75717756605908,50.9855349721473,0.228112,1,0
181020,332940,5.75774719030373,50.9855331510497,0.255338,1,0
181060,332940,5.75831681449631,50.9855313271516,0.287957,1,0
181100,332940,5.75888643863675,50.9855295004532,0.315116,1,0
181140,332940,5.75945606272496,50.9855276709545,0.342321,1,0
181180,332940,5.76002568676087,50.9855258386555,0.374932,1,0
181220,332940,5.76059531074439,50.9855240035561,0.402094,0,1
181260,332940,5.76116493467544,50.9855221656563,0.429292,0,1
181300,332940,5.76173455855395,50.9855203249563,0.4619,0,1
181340,332940,5.76230418237983,50.9855184814558,0.489064,0,0
181380,332940,5.762873806153,50.9855166351551,0.516258,1,0
181420,332940,5.76344342987339,50.985514786054,0.538002,1,0
180620,332900,5.75204810255386,50.9851916902164,0,0,0
180660,332900,5.7526177228271,50.9851898943402,0.0054321,0,0
180700,332900,5.75318734304899,50.9851880956637,0.0373369,1,0
180740,332900,5.75375696321946,50.9851862941869,0.0756759,1,0
180780,332900,5.75432658333842,50.9851844899097,0.103024,1,0
180820,332900,5.7548962034058,50.9851826828323,0.12481,1,0
180860,332900,5.75546582342151,50.9851808729545,0.157461,1,0
180900,332900,5.75603544338548,50.9851790602764,0.184614,0,1
180940,332900,5.75660506329762,50.985177244798,0.211843,0,1
180980,332900,5.75717468315786,50.9851754265192,0.233596,0,1
181020,332900,5.75774430296612,50.9851736054402,0.271611,0,1
181060,332900,5.7583139227223,50.9851717815609,0.29883,1,0
181100,332900,5.75888354242635,50.9851699548812,0.331446,1,0
181140,332900,5.75945316207817,50.9851681254012,0.358606,0,0
181180,332900,5.76002278167768,50.9851662931209,0.385807,0,1
181220,332900,5.76059240122481,50.9851644580403,0.418417,0,1
181260,332900,5.76116202071948,50.9851626201595,0.44558,0,1
181300,332900,5.7617316401616,50.9851607794782,0.472776,0,1
181340,332900,5.76230125955109,50.9851589359967,0.505383,0,1
181380,332900,5.76287087888789,50.9851570897149,0.532548,0,1
181420,332900,5.76344049817189,50.9851552406327,0.554289,1,0
180620,332860,5.75204525963154,50.9848321444224,0,0,0
180660,332860,5.75261487546845,50.9848303485646,0.0264645,0,0
180700,332860,5.75318449125401,50.9848285499065,0.0537889,1,0
180740,332860,5.75375410698816,50.9848267484481,0.081222,1,0
180780,332860,5.7543237226708,50.9848249441894,0.119297,1,0
180820,332860,5.75489333830185,50.9848231371305,0.146573,1,0
180860,332860,5.75546295388124,50.9848213272712,0.168339,1,0
180900,332860,5.75603256940888,50.9848195146117,0.200968,0,1
180940,332860,5.75660218488471,50.9848176991519,0.228123,0,1
180980,332860,5.75717180030863,50.9848158808918,0.255341,0,1
181020,332860,5.75774141568056,50.9848140598314,0.27709,0,1
181060,332860,5.75831103100044,50.9848122359708,0.315105,0,1
181100,332860,5.75888064626817,50.9848104093098,0.342318,1,0
181140,332860,5.75945026148368,50.9848085798486,0.374932,0,0
181180,332860,5.76001987664688,50.9848067475871,0.402094,0,1
181220,332860,5.7605894917577,50.9848049125253,0.429292,0,1
181260,332860,5.76115910681606,50.9848030746632,0.4619,0,1
181300,332860,5.76172872182187,50.9848012340008,0.489064,0,1
181340,332860,5.76229833677506,50.9847993905382,0.516258,0,1
181380,332860,5.76286795167555,50.9847975442753,0.548865,0,1
180620,332820,5.75204241676049,50.984472598629,0.00135803,0,0
180660,332820,5.75261202816114,50.9844708027895,0.0316663,1,0
180700,332820,5.75318163951046,50.9844690041499,0.0703387,1,0
180740,332820,5.75375125080836,50.98446720271,0.0975136,1,0
180780,332820,5.75432086205475,50.9844653984698,0.124808,1,0
180820,332820,5.75489047324956,50.9844635914293,0.162842,1,0
180860,332820,5.75546008439271,50.9844617815886,0.190089,1,0
180900,332820,5.75602969548411,50.9844599689477,0.211846,1,0
180940,332820,5.7565993065237,50.9844581535065,0.244466,1,0
180980,332820,5.75716891751138,50.984456335265,0.271622,1,0
181020,332820,5.75773852844708,50.9844545142233,0.298832,0,0
181060,332820,5.75830813933072,50.9844526903813,0.32058,0,1
181100,332820,5.75887775016222,50.9844508637391,0.358595,0,1
181140,332820,5.75944736094149,50.9844490342966,0.385804,0,1
181180,332820,5.76001697166846,50.9844472020539,0.418417,0,0
181220,332820,5.76058658234305,50.9844453670109,0.44558,0,1
181260,332820,5.76115619296518,50.9844435291676,0.472776,0,1
181300,332820,5.76172580353477,50.9844416885241,0.505383,0,1
181340,332820,5.76229541405173,50.9844398450804,0.532548,0,1
181380,332820,5.762865024516,50.9844379988364,0.554289,1,0
180580,332780,5.75146996692494,50.984114845857,0,0,0
180620,332780,5.75203957394069,50.9841130528362,0.0054321,0,0
180660,332780,5.75260918090518,50.9841112570152,0.0484831,1,0
180700,332780,5.75317878781833,50.984109458394,0.0756869,0,0
180740,332780,5.75374839468006,50.9841076569725,0.113924,1,0
180780,332780,5.75431800149028,50.9841058527508,0.141086,1,0
180820,332780,5.75488760824893,50.9841040457289,0.168336,1,0
180860,332780,5.75545721495592,50.9841022359067,0.206359,1,0
180900,332780,5.75602682161116,50.9841004232844,0.23359,0,0
180940,332780,5.75659642821459,50.9840986078617,0.255343,0,0
180980,332780,5.75716603476611,50.9840967896389,0.287957,0,0
181020,332780,5.75773564126566,50.9840949686158,0.315116,0,0
181060,332780,5.75830524771314,50.9840931447926,0.342321,0,1
181100,332780,5.75887485410848,50.984091318169,0.364067,0,1
181140,332780,5.75944446045161,50.9840894887453,0.402083,0,1
181180,332780,5.76001406674243,50.9840876565213,0.429289,0,0
181220,332780,5.76058367298087,50.9840858214971,0.4619,0,1
181260,332780,5.76115327916685,50.9840839836727,0.489064,0,1
181300,332780,5.76172288530029,50.9840821430481,0.516258,0,1
181340,332780,5.76229249138111,50.9840802996232,0.548865,0,1
180580,332740,5.7514671285925,50.9837553000465,0,1,0
180620,332740,5.75203673117216,50.9837535070442,0.0264645,0,0
180660,332740,5.75260633370056,50.9837517112415,0.0537889,0,0
180700,332740,5.75317593617762,50.9837499126387,0.0921435,0,0
180740,332740,5.75374553860326,50.9837481112357,0.119308,1,0
180780,332740,5.7543151409774,50.9837463070325,0.157453,1,0
180820,332740,5.75488474329997,50.9837445000291,0.184614,1,0
180860,332740,5.75545434557087,50.9837426902255,0.211843,0,0
180900,332740,5.75602394779003,50.9837408776217,0.249863,0,0
180940,332740,5.75659354995738,50.9837390622177,0.277084,0,0
180980,332740,5.75716315207283,50.9837372440134,0.298835,0,0
181020,332740,5.75773275413629,50.983735423009,0.331446,0,1
181060,332740,5.7583023561477,50.9837335992044,0.358606,0,1
181100,332740,5.75887195810697,50.9837317725996,0.385807,0,1
181140,332740,5.75944156001402,50.9837299431947,0.407552,0,1
181180,332740,5.76001116186877,50.9837281109895,0.445569,0,0
181220,332740,5.76058076367114,50.9837262759841,0.472773,0,1
181260,332740,5.76115036542105,50.9837244381785,0.505383,0,1
181300,332740,5.76171996711843,50.9837225975727,0.532548,0,1
181340,332740,5.76228956876318,50.9837207541667,0.554289,1,0
180540,332700,5.7508946921164,50.9833975444206,0,0,0
180580,332700,5.75146429031123,50.9833957542368,0.0054321,0,0
180620,332700,5.75203388845488,50.9833939612528,0.0373369,0,0
180660,332700,5.75260348654727,50.9833921654685,0.0703468,0,0
180700,332700,5.75317308458832,50.9833903668842,0.0975136,0,0
180740,332700,5.75374268257796,50.9833885654996,0.135692,0,0
180780,332700,5.7543122805161,50.9833867613149,0.162853,0,0
180820,332700,5.75488187840266,50.98338495433,0.20096,0,0
180860,332700,5.75545147623756,50.9833831445449,0.228123,0,0
180900,332700,5.75602107402073,50.9833813319597,0.255341,1,0
180940,332700,5.75659067175207,50.9833795165743,0.293359,0,0
180980,332700,5.75716026943152,50.9833776983887,0.320574,0,0
181020,332700,5.75772986705899,50.983375877403,0.342324,0,1
181060,332700,5.7582994646344,50.983374053617,0.374932,0,1
181100,332700,5.75886906215768,50.9833722270309,0.402094,0,1
181140,332700,5.75943865962874,50.9833703976447,0.429292,0,1
181180,332700,5.7600082570475,50.9833685654583,0.451037,0,0
181220,332700,5.76057785441388,50.9833667304717,0.489053,0,1
181260,332700,5.7611474517278,50.9833648926849,0.516255,0,1
181300,332700,5.76171704898919,50.983363052098,0.548865,1,0
180540,332660,5.75089185832225,50.9830379985933,0,0,0
180580,332660,5.75146145208114,50.9830362084277,0.0264645,0,0
180620,332660,5.75203104578886,50.9830344154621,0.0537889,0,0
180660,332660,5.75260063944532,50.9830326196963,0.081222,0,0
180700,332660,5.75317023305045,50.9830308211303,0.113932,0,0
180740,332660,5.75373982660416,50.9830290197642,0.141086,0,0
180780,332660,5.75430942010637,50.9830272155979,0.179208,0,0
180820,332660,5.75487901355701,50.9830254086316,0.20637,0,0
180860,332660,5.75544860695599,50.9830235988651,0.244457,0,0
180900,332660,5.75601820030323,50.9830217862984,0.271622,1,0
180940,332660,5.75658779359866,50.9830199709316,0.298832,0,0
180980,332660,5.75715738684219,50.9830181527647,0.336851,0,0
181020,332660,5.75772698003374,50.9830163317975,0.364062,0,1
181060,332660,5.75829657317324,50.9830145080303,0.38581,0,1
181100,332660,5.7588661662606,50.983012681463,0.418417,0,1
181140,332660,5.75943575929575,50.9830108520954,0.44558,0,1
181180,332660,5.7600053522786,50.9830090199278,0.472776,0,0
181220,332660,5.76057494520907,50.98300718496,0.49452,0,1
181260,332660,5.76114453808708,50.983005347192,0.532537,0,1
181300,332660,5.76171413091256,50.983003506624,0.554284,1,0
180500,332620,5.75031943520505,50.9826802401136,0,0,0
180540,332620,5.75088902457919,50.9826784527665,0.0122243,0,0
180580,332620,5.75145861390223,50.9826766626194,0.0373395,0,0
180620,332620,5.7520282031741,50.9826748696721,0.0703468,0,0
180660,332620,5.75259779239471,50.9826730739247,0.0975136,0,0
180700,332620,5.75316738156399,50.9826712753771,0.124808,1,0
180740,332620,5.75373697068186,50.9826694740295,0.157461,1,0
180780,332620,5.75430655974823,50.9826676698817,0.184614,1,0
180820,332620,5.75487614876302,50.9826658629339,0.22271,1,0
180860,332620,5.75544573772616,50.9826640531859,0.249874,1,0
180900,332620,5.75601532663756,50.9826622406378,0.287949,0,1
180940,332620,5.75658491549714,50.9826604252896,0.315116,0,1
180980,332620,5.75715450430484,50.9826586071413,0.342321,0,1
181020,332620,5.75772409306055,50.9826567861928,0.380339,0,1
181060,332620,5.75829368176422,50.9826549624443,0.407547,0,1
181100,332620,5.75886327041575,50.9826531358956,0.429295,0,1
181140,332620,5.75943285901506,50.9826513065468,0.4619,0,0
181180,332620,5.76000244756207,50.982649474398,0.489064,0,1
181220,332620,5.76057203605671,50.982647639449,0.516258,0,1
181260,332620,5.7611416244989,50.9826458016999,0.538002,0,1
180460,332580,5.74974702095948,50.9823224787979,0,0,0
180500,332580,5.75031660594886,50.9823206942693,0.00135803,0,0
180540,332580,5.75088619088722,50.9823189069405,0.0316663,1,0
180580,332580,5.7514557757745,50.9823171168117,0.0593636,0,0
180620,332580,5.7520253606106,50.9823153238828,0.0812247,0,0
180660,332580,5.75259494539544,50.9823135281538,0.113932,0,0
180700,332580,5.75316453012895,50.9823117296247,0.141086,1,0
180740,332580,5.75373411481105,50.9823099282955,0.168336,1,0
180780,332580,5.75430369944165,50.9823081241662,0.200968,1,0
180820,332580,5.75487328402068,50.9823063172369,0.228123,1,0
180860,332580,5.75544286854806,50.9823045075074,0.266204,1,0
180900,332580,5.7560124530237,50.9823026949779,0.29337,0,1
180940,332580,5.75658203744753,50.9823008796483,0.331438,0,1
180980,332580,5.75715162181946,50.9822990615186,0.358606,0,1
181020,332580,5.75772120613942,50.9822972405888,0.385807,0,1
181060,332580,5.75829079040733,50.982295416859,0.423826,0,1
181100,332580,5.7588603746231,50.982293590329,0.451031,0,1
181140,332580,5.75942995878666,50.982291760999,0.472778,0,0
181180,332580,5.75999954289793,50.9822899288689,0.505383,0,1
181220,332580,5.76056912695682,50.9822880939387,0.532548,0,1
181260,332580,5.76113871096326,50.9822862562084,0.554289,0,1
180420,332540,5.74917461558538,50.9819647146464,0,0,0
180460,332540,5.74974419619,50.9819629329361,0.00135803,0,0
180500,332540,5.75031377674368,50.9819611484257,0.0264697,0,0
180540,332540,5.75088335724635,50.9819593611153,0.0484965,0,0
180580,332540,5.75145293769794,50.9819575710048,0.0756869,0,0
180620,332540,5.75202251809834,50.9819557780942,0.103027,0,0
180660,332540,5.7525920984475,50.9819539823836,0.12481,1,0
180700,332540,5.75316167874532,50.9819521838729,0.157461,1,0
180740,332540,5.75373125899173,50.9819503825622,0.184614,1,0
180780,332540,5.75430083918665,50.9819485784514,0.211843,1,0
180820,332540,5.75487041933,50.9819467715406,0.244466,1,0
180860,332540,5.75543999942169,50.9819449618297,0.271622,1,0
180900,332540,5.75600957946165,50.9819431493187,0.309694,0,1
180940,332540,5.7565791594498,50.9819413340077,0.336861,0,1
180980,332540,5.75714873938606,50.9819395158966,0.374924,0,1
181020,332540,5.75771831927034,50.9819376949855,0.402094,0,0
181060,332540,5.75828789910257,50.9819358712743,0.429292,0,0
181100,332540,5.75885747888267,50.9819340447631,0.467311,0,1
181140,332540,5.75942705861056,50.9819322154518,0.494514,0,1
181180,332540,5.75999663828615,50.9819303833405,0.516261,0,1
181220,332540,5.76056621790938,50.9819285484291,0.548865,0,1
180380,332500,5.74860221908259,50.981606947659,0,0,0
180420,332500,5.74917179530244,50.981605168767,0.00135803,0,0
180460,332500,5.74974137147145,50.9816033870749,0.0264697,0,0
180500,332500,5.75031094758952,50.9816016025828,0.0484965,0,0
180540,332500,5.75088052365658,50.9815998152907,0.070355,0,0
180580,332500,5.75145009967255,50.9815980251986,0.0921598,0,0
180620,332500,5.75201967563734,50.9815962323064,0.119308,0,0
180660,332500,5.75258925155089,50.9815944366142,0.146576,1,0
180700,332500,5.7531588274131,50.9815926381219,0.168339,1,0
180740,332500,5.75372840322391,50.9815908368296,0.200968,1,0
180780,332500,5.75429797898322,50.9815890327373,0.228123,1,0
180820,332500,5.75486755469097,50.981587225845,0.255341,1,0
180860,332500,5.75543713034706,50.9815854161526,0.287957,1,0
180900,332500,5.75600670595142,50.9815836036603,0.315116,0,1
180940,332500,5.75657628150397,50.9815817883678,0.353181,0,0
180980,332500,5.75714585700462,50.9815799702754,0.38035,0,0
181020,332500,5.75771543245331,50.9815781493829,0.418409,0,0
181060,332500,5.75828500784995,50.9815763256904,0.44558,0,1
181100,332500,5.75885458319445,50.9815744991979,0.472776,0,1
181140,332500,5.75942415848675,50.9815726699053,0.510795,0,1
181180,332500,5.75999373372675,50.9815708378128,0.537997,0,1
181220,332500,5.76056330891439,50.9815690029202,0.554295,0,1
180340,332460,5.74802983145096,50.9812491778359,0,0,0
180380,332460,5.74859940328604,50.9812474017621,0.00135803,0,0
180420,332460,5.74916897507036,50.9812456228883,0.0264697,0,0
180460,332460,5.74973854680383,50.9812438412145,0.0484965,0,0
180500,332460,5.75030811848636,50.9812420567407,0.070355,0,0
180540,332460,5.75087769011789,50.9812402694669,0.0921598,0,0
180580,332460,5.75144726169833,50.9812384793931,0.113941,0,0
180620,332460,5.7520168332276,50.9812366865192,0.135709,0,0
180660,332460,5.75258640470561,50.9812348908454,0.162853,1,0
180700,332460,5.7531559761323,50.9812330923716,0.190091,1,0
180740,332460,5.75372554750758,50.9812312910978,0.211846,1,0
180780,332460,5.75429511883137,50.981229487024,0.244466,1,0
180820,332460,5.75486469010359,50.9812276801502,0.271622,1,0
180860,332460,5.75543426132415,50.9812258704764,0.298832,0,0
180900,332460,5.75600383249299,50.9812240580025,0.331446,0,1
180940,332460,5.75657340361002,50.9812222427287,0.358606,0,1
180980,332460,5.75714297467516,50.9812204246549,0.396666,0,1
181020,332460,5.75771254568833,50.981218603781,0.423837,0,1
181060,332460,5.75828211664945,50.9812167801072,0.461892,0,1
181100,332460,5.75885168755844,50.9812149536334,0.489064,0,1
181140,332460,5.75942125841523,50.9812131243596,0.516258,0,1
181180,332460,5.75999082921972,50.9812112922858,0.554278,0,1
180300,332420,5.74745745269033,50.9808914051772,0,0,0
180340,332420,5.74802702014064,50.9808896319215,0.00135803,0,0
180380,332420,5.74859658754027,50.980887855866,0.0264697,0,0
180420,332420,5.74916615488913,50.9808860770103,0.0484965,0,0
180460,332420,5.74973572218714,50.9808842953548,0.070355,0,0
180500,332420,5.75030528943422,50.9808825108993,0.0921598,0,0
180540,332420,5.7508748566303,50.9808807236438,0.113941,0,0
180580,332420,5.75144442377528,50.9808789335883,0.135709,0,0
180620,332420,5.7520139908691,50.9808771407329,0.157469,0,0
180660,332420,5.75258355791167,50.9808753450774,0.179224,1,0
180700,332420,5.7531531249029,50.9808735466221,0.20637,1,0
180740,332420,5.75372269184274,50.9808717453667,0.233593,1,0
180780,332420,5.75429225873108,50.9808699413113,0.255343,1,0
180820,332420,5.75486182556786,50.980868134456,0.287957,0,0
180860,332420,5.75543139235298,50.9808663248007,0.315116,1,0
180900,332420,5.75600095908638,50.9808645123455,0.342321,0,1
180940,332420,5.75657052576797,50.9808626970903,0.374932,0,0
180980,332420,5.75714009239767,50.9808608790351,0.402094,0,1
181020,332420,5.75770965897541,50.9808590581799,0.44015,0,1
181060,332420,5.75827922550109,50.9808572345248,0.467322,0,1
181100,332420,5.75884879197465,50.9808554080697,0.505375,0,1
181140,332420,5.759418358396,50.9808535788146,0.532548,0,1
181180,332420,5.75998792476506,50.9808517467596,0.554289,0,1
180260,332380,5.74688508280053,50.9805336296829,0,0,0
180300,332380,5.74745464586608,50.9805318592454,0.0054321,0,0
180340,332380,5.74802420888101,50.9805300860079,0.0264697,0,0
180380,332380,5.74859377184526,50.9805283099705,0.0484965,0,0
180420,332380,5.74916333475874,50.9805265311332,0.070355,0,0
180460,332380,5.74973289762138,50.9805247494959,0.0921598,0,0
180500,332380,5.75030246043309,50.9805229650586,0.113941,0,0
180540,332380,5.75087202319379,50.9805211778214,0.135709,0,0
180580,332380,5.7514415859034,50.9805193877843,0.157469,1,0
180620,332380,5.75201114856185,50.9805175949472,0.179224,1,0
180660,332380,5.75258071116905,50.9805157993102,0.200976,1,0
180700,332380,5.75315027372492,50.9805140008732,0.222726,1,0
180740,332380,5.75371983622938,50.9805121996363,0.249874,1,0
180780,332380,5.75428939868236,50.9805103955995,0.277087,0,0
180820,332380,5.75485896108377,50.9805085887627,0.298835,1,0
180860,332380,5.75542852343354,50.9805067791259,0.331446,1,0
180900,332380,5.75599808573157,50.9805049666892,0.358606,0,1
180940,332380,5.7565676479778,50.9805031514526,0.385807,0,1
180980,332380,5.75713721017215,50.980501333416,0.418417,0,1
181020,332380,5.75770677231453,50.9804995125795,0.44558,0,1
181060,332380,5.75827633440486,50.9804976889431,0.483634,0,1
181100,332380,5.75884589644306,50.9804958625067,0.510806,0,1
181140,332380,5.75941545842906,50.9804940332704,0.548857,0,1
180140,332340,5.74517360426863,50.9801793781923,0,0,0
180180,332340,5.74574316305021,50.9801776161727,0,0,0
180220,332340,5.74631272178142,50.9801758513532,0.00135803,0,0
180260,332340,5.74688228046219,50.9801740837337,0.0122243,0,0
180300,332340,5.74745183909243,50.9801723133143,0.0373369,0,0
180340,332340,5.74802139767207,50.980170540095,0.0537889,0,0
180380,332340,5.74859095620102,50.9801687640758,0.070355,0,0
180420,332340,5.74916051467921,50.9801669852567,0.0921598,0,0
180460,332340,5.74973007310655,50.9801652036377,0.113941,0,0
180500,332340,5.75029963148296,50.9801634192187,0.135709,0,0
180540,332340,5.75086918980837,50.9801616319998,0.157469,0,0
180580,332340,5.75143874808269,50.980159841981,0.179224,1,0
180620,332340,5.75200830630584,50.9801580491623,0.200976,1,0
180660,332340,5.75257786447775,50.9801562535437,0.222726,1,0
180700,332340,5.75314742259834,50.9801544551251,0.244474,1,0
180740,332340,5.75371698066752,50.9801526539067,0.26622,0,0
180780,332340,5.75428653868521,50.9801508498883,0.29337,0,0
180820,332340,5.75485609665134,50.98014904307,0.320577,1,0
180860,332340,5.75542565456582,50.9801472334518,0.342324,1,0
180900,332340,5.75599521242858,50.9801454210337,0.374932,0,1
180940,332340,5.75656477023953,50.9801436058157,0.402094,0,0
180980,332340,5.75713432799859,50.9801417877977,0.429292,0,1
181020,332340,5.75770388570569,50.9801399669799,0.4619,0,1
181060,332340,5.75827344336075,50.9801381433621,0.489064,0,1
181100,332340,5.75884300096368,50.9801363169445,0.527116,0,1
181140,332340,5.7594125585144,50.9801344877269,0.543478,0,1
180020,332300,5.74346215194603,50.9798251013949,0,0,0
180060,332300,5.744031706443,50.979823347793,0,0,0
180100,332300,5.74460126088985,50.9798215913913,0,0,0
180140,332300,5.74517081528649,50.9798198321897,0.0122243,0,0
180180,332300,5.74574036963284,50.9798180701881,0.0316606,0,0
180220,332300,5.74630992392883,50.9798163053866,0.0316663,0,0
180260,332300,5.74687947817438,50.9798145377853,0.0484884,0,0
180300,332300,5.7474490323694,50.9798127673841,0.0593662,0,0
180340,332300,5.74801858651382,50.9798109941829,0.081222,0,0
180380,332300,5.74858814060755,50.9798092181819,0.0975136,0,0
180420,332300,5.74915769465052,50.979807439381,0.113941,0,0
180460,332300,5.74972724864264,50.9798056577802,0.135709,0,0
180500,332300,5.75029680258384,50.9798038733795,0.157469,1,0
180540,332300,5.75086635647403,50.979802086179,0.179224,1,0
180580,332300,5.75143591031314,50.9798002961785,0.200976,1,0
180620,332300,5.75200546410109,50.9797985033781,0.222726,1,0
180660,332300,5.75257501783779,50.9797967077779,0.244474,1,0
180700,332300,5.75314457152316,50.9797949093778,0.26622,0,0
180740,332300,5.75371412515714,50.9797931081778,0.287966,1,0
180780,332300,5.75428367873963,50.9797913041779,0.30971,1,0
180820,332300,5.75485323227055,50.9797894973781,0.336861,1,0
180860,332300,5.75542278574983,50.9797876877785,0.364064,1,0
180900,332300,5.75599233917738,50.9797858753789,0.38581,0,1
180940,332300,5.75656189255313,50.9797840601795,0.418417,0,0
180980,332300,5.757131445877,50.9797822421802,0.44558,0,0
181020,332300,5.75770099914891,50.979780421381,0.472776,0,1
181060,332300,5.75827055236877,50.9797785977819,0.505383,0,1
181100,332300,5.7588401055365,50.9797767713829,0.532548,0,1
179860,332260,5.74118117557271,50.979472541676,0,0,0
179900,332260,5.74175072583422,50.9794707992916,0,0,0
179940,332260,5.74232027604593,50.9794690541072,0,0,0
179980,332260,5.74288982620776,50.9794673061231,0.0054321,0,0
180020,332260,5.74345937631962,50.979465555339,0.0054321,0,0
180060,332260,5.74402892638144,50.9794638017551,0.0264645,0,0
180100,332260,5.74459847639314,50.9794620453713,0.0316606,0,0
180140,332260,5.74516802635463,50.9794602861877,0.0373395,0,0
180180,332260,5.74573757626584,50.9794585242042,0.059361,0,0
180220,332260,5.74630712612669,50.9794567594209,0.0756649,0,0
180260,332260,5.74687667593709,50.9794549918376,0.0756869,1,0
180300,332260,5.74744622569697,50.9794532214545,0.0921516,1,0
180340,332260,5.74801577540625,50.9794514482716,0.103029,1,0
180380,332260,5.74858532506484,50.9794496722888,0.124808,0,0
180420,332260,5.74915487467267,50.9794478935061,0.141086,1,0
180460,332260,5.74972442422966,50.9794461119235,0.157469,1,0
180500,332260,5.75029397373572,50.9794443275411,0.179224,1,0
180540,332260,5.75086352319078,50.9794425403589,0.200976,1,0
180580,332260,5.75143307259476,50.9794407503768,0.222726,1,0
180620,332260,5.75200262194757,50.9794389575948,0.244474,1,0
180660,332260,5.75257217124915,50.9794371620129,0.26622,1,0
180700,332260,5.75314172049939,50.9794353636313,0.287966,1,0
180740,332260,5.75371126969824,50.9794335624497,0.30971,1,0
180780,332260,5.7542808188456,50.9794317584683,0.331454,1,0
180820,332260,5.7548503679414,50.979429951687,0.353197,1,0
180860,332260,5.75541991698556,50.9794281421059,0.38035,1,0
180900,332260,5.75598946597799,50.9794263297249,0.40755,0,1
180940,332260,5.75655901491863,50.9794245145441,0.429295,0,1
180980,332260,5.75712856380738,50.9794226965634,0.4619,1,0
181020,332260,5.75769811264416,50.9794208757828,0.489064,0,1
181060,332260,5.75826766142891,50.9794190522024,0.516258,0,1
181100,332260,5.75883721016153,50.9794172258222,0.543467,0,1
179700,332220,5.73890023393445,50.9791199370172,0,0,0
179740,332220,5.7394697799593,50.97911820585,0,0,0
179780,332220,5.74003932593466,50.979116471883,0.00135803,0,0
179820,332220,5.74060887186047,50.979114735116,0.0054321,0,0
179860,332220,5.74117841773663,50.9791129955493,0.0122243,0,0
179900,332220,5.74174796356307,50.9791112531827,0.0316606,0,0
179940,332220,5.7423175093397,50.9791095080163,0.0316606,0,0
179980,332220,5.74288705506646,50.9791077600501,0.0373369,0,0
180020,332220,5.74345660074325,50.9791060092839,0.0537723,0,0
180060,332220,5.74402614637,50.979104255718,0.0537889,0,0
180100,332220,5.74459569194663,50.9791024993522,0.0703333,0,0
180140,332220,5.74516523747306,50.9791007401866,0.0756759,0,0
180180,332220,5.7457347829492,50.9790989782211,0.0812247,0,0
180220,332220,5.74630432837498,50.9790972134559,0.103021,0,0
180260,332220,5.74687387375032,50.9790954458907,0.119286,0,0
180300,332220,5.74744341907514,50.9790936755258,0.119308,0,0
180340,332220,5.74801296434936,50.979091902361,0.1357,1,0
180380,332220,5.74858250957289,50.9790901263964,0.146578,1,0
180420,332220,5.74915205474567,50.9790883476319,0.168336,1,0
180460,332220,5.7497215998676,50.9790865660676,0.184614,1,0
180500,332220,5.75029114493861,50.9790847817035,0.200976,1,0
180540,332220,5.75086068995861,50.9790829945396,0.222726,1,0
180580,332220,5.75143023492754,50.9790812045758,0.244474,0,0
180620,332220,5.7519997798453,50.9790794118122,0.26622,1,0
180660,332220,5.75256932471183,50.9790776162487,0.287966,1,0
180700,332220,5.75313886952703,50.9790758178855,0.30971,1,0
180740,332220,5.75370841429082,50.9790740167224,0.331454,0,0
180780,332220,5.75427795900314,50.9790722127594,0.353197,0,0
180820,332220,5.7548475036639,50.9790704059967,0.37494,1,0
180860,332220,5.75541704827302,50.9790685964341,0.396683,1,0
180900,332220,5.75598659283041,50.9790667840716,0.423837,0,1
180940,332220,5.756556137336,50.9790649689094,0.451034,1,0
180980,332220,5.75712568178971,50.9790631509474,0.472778,0,1
181020,332220,5.75769522619146,50.9790613301855,0.505383,0,1
181060,332220,5.75826477054117,50.9790595066238,0.528931,0,1
179660,332180,5.73832795224883,50.9787621191699,0,0,0
179700,332180,5.73889749388808,50.9787603908202,0.0054321,0,0
179740,332180,5.73946703547793,50.9787586596708,0.0264645,0,0
179780,332180,5.7400365770183,50.9787569257214,0.0316663,0,0
179820,332180,5.74060611850911,50.9787551889723,0.0484831,0,0
179860,332180,5.74117565995027,50.9787534494234,0.0537778,1,0
179900,332180,5.74174520134172,50.9787517070746,0.059361,0,0
179940,332180,5.74231474268336,50.9787499619262,0.0756594,0,0
179980,332180,5.74288428397512,50.9787482139778,0.0756759,0,0
180020,332180,5.74345382521692,50.9787464632296,0.0812167,0,0
180060,332180,5.74402336640868,50.9787447096816,0.0974916,0,0
180100,332180,5.74459290755033,50.9787429533338,0.0975136,0,0
180140,332180,5.74516244864176,50.9787411941862,0.113916,0,0
180180,332180,5.74573198968292,50.9787394322389,0.119297,0,0
180220,332180,5.74630153067372,50.9787376674917,0.12481,0,0
180260,332180,5.74687107161408,50.9787358999446,0.14657,0,0
180300,332180,5.74744061250392,50.9787341295978,0.162831,0,0
180340,332180,5.74801015334315,50.9787323564512,0.162853,0,0
180380,332180,5.74857969413171,50.9787305805048,0.179216,0,0
180420,332180,5.7491492348695,50.9787288017586,0.190094,0,0
180460,332180,5.74971877555646,50.9787270202125,0.211843,0,0
180500,332180,5.75028831619249,50.9787252358667,0.228123,0,0
180540,332180,5.75085785677753,50.978723448721,0.244474,1,0
180580,332180,5.75142739731148,50.9787216587756,0.26622,1,0
180620,332180,5.75199693779427,50.9787198660303,0.287966,1,0
180660,332180,5.75256647822583,50.9787180704853,0.30971,1,0
180700,332180,5.75313601860606,50.9787162721404,0.331454,1,0
180740,332180,5.75370555893489,50.9787144709958,0.353197,1,0
180780,332180,5.75427509921225,50.9787126670513,0.37494,1,0
180820,332180,5.75484463943804,50.9787108603071,0.396683,1,0
180860,332180,5.75541417961219,50.978709050763,0.418425,1,0
180900,332180,5.75598371973462,50.9787072384192,0.440167,0,1
180940,332180,5.75655325980526,50.9787054232755,0.467322,0,1
180980,332180,5.75712279982401,50.9787036053321,0.494517,0,1
181020,332180,5.7576923397908,50.9787017845889,0.516261,0,1
181060,332180,5.75826187970556,50.9786999610458,0.543462,0,1
179620,332140,5.73775567943314,50.9784042984881,0,0,0
179660,332140,5.73832521668679,50.978402572956,0.0122243,0,0
179700,332140,5.73889475389112,50.978400844624,0.0373369,0,0
179740,332140,5.73946429104605,50.9783991134923,0.0537889,0,0
179780,332140,5.7400338281515,50.9783973795607,0.0703387,1,0
179820,332140,5.74060336520739,50.9783956428294,0.0756869,0,0
179860,332140,5.74117290221364,50.9783939032983,0.0921353,1,0
179900,332140,5.74174243917017,50.9783921609674,0.0975026,0,0
179940,332140,5.7423119760769,50.9783904158367,0.103019,0,0
179980,332140,5.74288151293375,50.9783886679063,0.119275,0,0
180020,332140,5.74345104974064,50.9783869171761,0.119297,0,0
180060,332140,5.74402058649749,50.9783851636461,0.124802,0,0
180100,332140,5.74459012320422,50.9783834073163,0.141064,0,0
180140,332140,5.74515965986075,50.9783816481867,0.141086,0,0
180180,332140,5.74572919646701,50.9783798862574,0.157444,0,0
180220,332140,5.7462987330229,50.9783781215282,0.162842,0,0
180260,332140,5.74686826952835,50.9783763539993,0.168339,0,0
180300,332140,5.74743780598329,50.9783745836706,0.190086,0,0
180340,332140,5.74800734238763,50.9783728105422,0.206348,1,0
180380,332140,5.74857687874128,50.9783710346139,0.20637,0,0
180420,332140,5.74914641504418,50.9783692558859,0.222718,1,0
180460,332140,5.74971595129624,50.9783674743581,0.233596,0,0
180500,332140,5.75028548749738,50.9783656900306,0.255341,1,0
180540,332140,5.75085502364752,50.9783639029032,0.271622,1,0
180580,332140,5.75142455974658,50.9783621129761,0.287966,1,0
180620,332140,5.75199409579449,50.9783603202493,0.30971,1,0
180660,332140,5.75256363179115,50.9783585247226,0.331454,1,0
180700,332140,5.7531331677365,50.9783567263962,0.353197,1,0
180740,332140,5.75370270363044,50.97835492527,0.37494,1,0
180780,332140,5.75427223947291,50.978353121344,0.396683,1,0
180820,332140,5.75484177526381,50.9783513146183,0.418425,1,0
180860,332140,5.75541131100309,50.9783495050928,0.440167,1,0
180900,332140,5.75598084669064,50.9783476927675,0.461908,1,0
180940,332140,5.75655038232639,50.9783458776425,0.48365,0,1
180980,332140,5.75711991791027,50.9783440597176,0.510806,0,1
181020,332140,5.75768945344218,50.9783422389931,0.536177,0,1
179580,332100,5.73718341548722,50.9780464749721,0.0054321,0,0
179620,332100,5.73775294835527,50.9780447522573,0.0264645,0,0
179660,332100,5.73832248117407,50.9780430267428,0.0373395,0,0
179700,332100,5.73889201394356,50.9780412984286,0.0593662,0,0
179740,332100,5.73946154666364,50.9780395673146,0.081222,1,0
179780,332100,5.74003107933425,50.9780378334008,0.0975136,1,0
179820,332100,5.74060061195531,50.9780360966873,0.113924,1,0
179860,332100,5.74117014452672,50.978034357174,0.119308,0,0
179900,332100,5.74173967704841,50.9780326148609,0.135684,0,0
179940,332100,5.74230920952031,50.9780308697481,0.141075,0,0
179980,332100,5.74287874194233,50.9780291218356,0.146568,0,0
180020,332100,5.74344827431439,50.9780273711233,0.16282,1,0
180060,332100,5.74401780663641,50.9780256176113,0.162842,1,0
180100,332100,5.74458733890832,50.9780238612995,0.168331,1,0
180140,332100,5.74515687113002,50.978022102188,0.184592,1,0
180180,332100,5.74572640330145,50.9780203402766,0.184614,1,0
180220,332100,5.74629593542252,50.9780185755656,0.200952,1,0
180260,332100,5.74686546749315,50.9780168080548,0.206359,1,0
180300,332100,5.74743499951326,50.9780150377443,0.211846,0,0
180340,332100,5.74800453148278,50.978013264634,0.233587,1,0
180380,332100,5.74857406340162,50.9780114887239,0.249852,1,0
180420,332100,5.7491435952697,50.9780097100141,0.249874,1,0
180460,332100,5.74971312708694,50.9780079285046,0.266212,1,0
180500,332100,5.75028265885327,50.9780061441953,0.27709,1,0
180540,332100,5.75085219056859,50.9780043570863,0.298832,1,0
180580,332100,5.75142172223284,50.9780025671775,0.315116,1,0
180620,332100,5.75199125384594,50.978000774469,0.331454,1,0
180660,332100,5.75256078540779,50.9779989789607,0.353197,1,0
180700,332100,5.75313031691833,50.9779971806528,0.37494,1,0
180740,332100,5.75369984837747,50.977995379545,0.396683,1,0
180780,332100,5.75426937978513,50.9779935756375,0.418425,1,0
180820,332100,5.75483891114124,50.9779917689303,0.440167,1,0
180860,332100,5.7554084424457,50.9779899594233,0.461908,1,0
180900,332100,5.75597797369845,50.9779881471166,0.48365,0,1
180940,332100,5.7565475048994,50.9779863320102,0.505391,0,1
180980,332100,5.75711703604848,50.977984514104,0.527132,0,1
181020,332100,5.7576865671456,50.9779826933981,0.543473,0,1
179580,332060,5.73718068889334,50.9776869287244,0.0054321,0,0
179620,332060,5.73775021732662,50.9776852060273,0.0484831,0,0
179660,332060,5.73831974571067,50.9776834805305,0.0703468,1,0
179700,332060,5.73888927404539,50.977681752234,0.0812247,0,0
179740,332060,5.73945880233072,50.9776800211377,0.103029,1,0
179780,332060,5.74002833056657,50.9776782872417,0.124808,1,0
179820,332060,5.74059785875286,50.9776765505459,0.141086,0,0
179860,332060,5.74116738688952,50.9776748110505,0.157453,0,0
179900,332060,5.74173691497646,50.9776730687553,0.162853,0,0
179940,332060,5.7423064430136,50.9776713236604,0.1792,1,0
179980,332060,5.74287597100087,50.9776695757657,0.184603,1,0
180020,332060,5.74344549893818,50.9776678250714,0.190083,1,0
180060,332060,5.74401502682545,50.9776660715773,0.206337,1,0
180100,332060,5.74458455466261,50.9776643152835,0.206359,1,0
180140,332060,5.74515408244957,50.97766255619,0.211838,1,0
180180,332060,5.74572361018625,50.9776607942967,0.228101,1,0
180220,332060,5.74629313787258,50.9776590296037,0.228123,1,0
180260,332060,5.74686266550846,50.9776572621111,0.244449,0,0
180300,332060,5.74743219309384,50.9776554918187,0.249863,1,0
180340,332060,5.74800172062861,50.9776537187265,0.255343,1,0
180380,332060,5.74857124811271,50.9776519428347,0.277082,1,0
180420,332060,5.74914077554605,50.9776501641431,0.293348,1,0
180460,332060,5.74971030292856,50.9776483826518,0.29337,1,0
180500,332060,5.75027983026015,50.9776465983608,0.309702,1,0
180540,332060,5.75084935754074,50.9776448112701,0.32058,1,0
180580,332060,5.75141888477026,50.9776430213797,0.342321,1,0
180620,332060,5.75198841194862,50.9776412286895,0.358606,1,0
180660,332060,5.75255793907575,50.9776394331996,0.37494,1,0
180700,332060,5.75312746615156,50.9776376349101,0.396683,1,0
180740,332060,5.75369699317597,50.9776358338208,0.418425,1,0
180780,332060,5.7542665201489,50.9776340299318,0.440167,1,0
180820,332060,5.75483604707029,50.977632223243,0.461908,1,0
180860,332060,5.75540557394003,50.9776304137547,0.48365,1,0
180900,332060,5.75597510075806,50.9776286014665,0.505391,0,1
180940,332060,5.7565446275243,50.9776267863786,0.527132,0,1
180980,332060,5.75711415423865,50.9776249684911,0.54348,0,1
179540,332020,5.73660843830087,50.9773291023574,0,0,0
179580,332020,5.73717796234862,50.9773273824776,0.0122243,0,0
179620,332020,5.73774748634722,50.9773256597982,0.0537778,1,0
179660,332020,5.73831701029658,50.977323934319,0.0921353,1,0
179700,332020,5.73888653419662,50.9773222060401,0.113932,1,0
179740,332020,5.73945605804727,50.9773204749616,0.12481,1,0
179780,332020,5.74002558184845,50.9773187410834,0.146578,0,0
179820,332020,5.74059510560006,50.9773170044054,0.168336,1,0
179860,332020,5.74116462930204,50.9773152649278,0.184614,1,0
179900,332020,5.74173415295431,50.9773135226504,0.20096,1,0
179940,332020,5.74230367655677,50.9773117775734,0.20637,1,0
179980,332020,5.74287320010937,50.9773100296967,0.222701,1,0
180020,332020,5.74344272361201,50.9773082790202,0.228112,1,0
180060,332020,5.74401224706461,50.9773065255441,0.233585,1,0
180100,332020,5.7445817704671,50.9773047692683,0.249841,1,0
180140,332020,5.74515129381939,50.9773030101928,0.249863,1,0
180180,332020,5.7457208171214,50.9773012483176,0.255335,1,0
180220,332020,5.74629034037307,50.9772994836427,0.2716,1,0
180260,332020,5.7468598635743,50.9772977161681,0.271622,0,0
180300,332020,5.747429386725,50.9772959458939,0.287941,0,0
180340,332020,5.74799890982512,50.9772941728199,0.293359,1,0
180380,332020,5.74856843287456,50.9772923969463,0.298835,1,0
180420,332020,5.74913795587325,50.9772906182729,0.320572,0,0
180460,332020,5.7497074788211,50.9772888367999,0.33684,0,0
180500,332020,5.75027700171803,50.9772870525271,0.336861,1,0
180540,332020,5.75084652456397,50.9772852654547,0.353189,1,0
180580,332020,5.75141604735884,50.9772834755827,0.364067,1,0
180620,332020,5.75198557010255,50.9772816829108,0.385807,1,0
180660,332020,5.75255509279502,50.9772798874394,0.402094,1,0
180700,332020,5.75312461543618,50.9772780891682,0.418425,1,0
180740,332020,5.75369413802595,50.9772762880974,0.440167,1,0
180780,332020,5.75426366056424,50.9772744842268,0.461908,1,0
180820,332020,5.75483318305098,50.9772726775566,0.48365,1,0
180860,332020,5.75540270548608,50.9772708680867,0.505391,1,0
180900,332020,5.75597222786947,50.9772690558172,0.527132,0,1
180940,332020,5.75654175020106,50.9772672407479,0.548873,0,1
180980,332020,5.75711127248078,50.977265422879,0.565212,0,1
179540,331980,5.73660571623991,50.9769695560937,0,0,0
179580,331980,5.73717523585306,50.9769678362316,0.0316606,0,0
179620,331980,5.73774475541705,50.9769661135698,0.059361,1,0
179660,331980,5.73831427493181,50.9769643881083,0.0975026,1,0
179700,331980,5.73888379439725,50.9769626598472,0.135684,1,0
179740,331980,5.7394533138133,50.9769609287863,0.157461,1,0
179780,331980,5.74002283317987,50.9769591949259,0.168339,1,0
179820,331980,5.74059235249689,50.9769574582657,0.190094,1,0
179860,331980,5.74116187176428,50.9769557188059,0.211843,1,0
179900,331980,5.74173139098195,50.9769539765464,0.228123,1,0
179940,331980,5.74230091014982,50.9769522314872,0.244457,1,0
179980,331980,5.74287042926782,50.9769504836284,0.249874,1,0
180020,331980,5.74343994833587,50.9769487329699,0.266196,1,0
180060,331980,5.74400946735388,50.9769469795118,0.271611,1,0
180100,331980,5.74457898632178,50.9769452232539,0.277079,1,0
180140,331980,5.74514850523949,50.9769434641965,0.293337,1,0
180180,331980,5.74571802410692,50.9769417023393,0.293359,1,0
180220,331980,5.74628754292399,50.9769399376825,0.298827,1,0
180260,331980,5.74685706169064,50.976938170226,0.315094,0,0
180300,331980,5.74742658040677,50.9769363999699,0.315116,0,0
180340,331980,5.7479960990723,50.9769346269141,0.331429,1,0
180380,331980,5.74856561768716,50.9769328510586,0.336851,1,0
180420,331980,5.74913513625127,50.9769310724035,0.342324,1,0
180460,331980,5.74970465476455,50.9769292909487,0.364059,0,0
180500,331980,5.75027417322691,50.9769275066943,0.380328,1,0
180540,331980,5.75084369163827,50.9769257196402,0.38035,1,0
180580,331980,5.75141320999857,50.9769239297864,0.396675,1,0
180620,331980,5.75198272830771,50.976922137133,0.407552,1,0
180660,331980,5.75255224656561,50.9769203416799,0.429292,1,0
180700,331980,5.75312176477221,50.9769185434272,0.44558,1,0
180740,331980,5.7536912829274,50.9769167423748,0.461908,1,0
180780,331980,5.75426080103113,50.9769149385228,0.48365,1,0
180820,331980,5.7548303190833,50.9769131318711,0.505391,1,0
180860,331980,5.75539983708384,50.9769113224197,0.527132,1,0
180900,331980,5.75596935503267,50.9769095101687,0.548873,0,1
180940,331980,5.7565388729297,50.976907695118,0.56522,0,1
179540,331940,5.73660299422803,50.9766100098309,0.0054321,0,0
179580,331940,5.73717250940665,50.9766082899864,0.0373369,0,0
179620,331940,5.73774202453612,50.9766065673422,0.0756759,1,0
179660,331940,5.73831153961636,50.9766048418984,0.103024,1,0
179700,331940,5.73888105464728,50.976603113655,0.141075,1,0
179740,331940,5.7394505696288,50.9766013826119,0.1792,1,0
179780,331940,5.74002008456086,50.9765996487692,0.200968,1,0
179820,331940,5.74058959944336,50.9765979121268,0.211846,1,0
179860,331940,5.74115911427623,50.9765961726848,0.233596,1,0
179900,331940,5.74172862905938,50.9765944304432,0.255341,1,0
179940,331940,5.74229814379274,50.9765926854019,0.271622,1,0
179980,331940,5.74286765847623,50.976590937561,0.287949,1,0
180020,331940,5.74343717310977,50.9765891869204,0.29337,1,0
180060,331940,5.74400668769327,50.9765874334802,0.309686,1,0
180100,331940,5.74457620222666,50.9765856772404,0.315105,1,0
180140,331940,5.74514571670986,50.9765839182009,0.320569,1,0
180180,331940,5.74571523114278,50.9765821563618,0.336829,1,0
180220,331940,5.74628474552536,50.9765803917231,0.336851,1,0
180260,331940,5.7468542598575,50.9765786242847,0.342316,1,0
180300,331940,5.74742377413912,50.9765768540467,0.358584,0,0
180340,331940,5.74799328837016,50.9765750810091,0.358606,1,0
180380,331940,5.74856280255052,50.9765733051718,0.374916,1,0
180420,331940,5.74913231668013,50.9765715265349,0.380339,0,0
180460,331940,5.74970183075891,50.9765697450984,0.38581,1,0
180500,331940,5.75027134478678,50.9765679608622,0.407544,1,0
180540,331940,5.75084085876365,50.9765661738265,0.423815,0,1
180580,331940,5.75141037268945,50.976564383991,0.423837,0,1
180620,331940,5.7519798865641,50.976562591356,0.440159,0,1
180660,331940,5.75254940038752,50.9765607959213,0.451037,0,1
180700,331940,5.75311891415962,50.976558997687,0.472776,1,0
180740,331940,5.75368842788033,50.976557196653,0.489064,1,0
180780,331940,5.75425794154957,50.9765553928195,0.505391,1,0
180820,331940,5.75482745516726,50.9765535861863,0.527132,1,0
180860,331940,5.75539696873332,50.9765517767535,0.548873,1,0
180900,331940,5.75596648224766,50.976549964521,0.570614,0,1
180940,331940,5.75653599571022,50.9765481494889,0.586952,0,1
179500,331900,5.73603076147197,50.9762521805962,0,0,0
179540,331900,5.73660027226522,50.9762504635689,0.0122243,1,0
179580,331900,5.7371697830094,50.976248743742,0.0537778,1,0
179620,331900,5.73773929370442,50.9762470211155,0.0812194,1,0
179660,331900,5.73830880435021,50.9762452956894,0.119297,1,0
179700,331900,5.73887831494669,50.9762435674636,0.146573,1,0
179740,331900,5.73944782549378,50.9762418364383,0.184603,1,0
179780,331900,5.74001733599139,50.9762401026133,0.222701,1,0
179820,331900,5.74058684643945,50.9762383659888,0.244466,0,1
179860,331900,5.74115635683789,50.9762366265646,0.255343,1,0
179900,331900,5.74172586718661,50.9762348843408,0.27709,1,0
179940,331900,5.74229537748554,50.9762331393174,0.298832,1,0
179980,331900,5.74286488773459,50.9762313914944,0.315116,1,0
180020,331900,5.7434343979337,50.9762296408718,0.331438,1,0
180060,331900,5.74400390808277,50.9762278874495,0.336861,1,0
180100,331900,5.74457341818173,50.9762261312277,0.353173,1,0
180140,331900,5.7451429282305,50.9762243722062,0.358595,1,0
180180,331900,5.745712438229,50.9762226103852,0.364056,1,0
180220,331900,5.74628194817715,50.9762208457645,0.380317,1,0
180260,331900,5.74685145807487,50.9762190783443,0.380339,1,0
180300,331900,5.74742096792207,50.9762173081244,0.385802,0,0
180340,331900,5.74799047771869,50.9762155351049,0.402072,1,0
180380,331900,5.74855998746463,50.9762137592859,0.402094,1,0
180420,331900,5.74912949715983,50.9762119806672,0.4184,1,0
180460,331900,5.74969900680419,50.9762101992489,0.423826,1,0
180500,331900,5.75026851639764,50.976208415031,0.429295,1,0
180540,331900,5.7508380259401,50.9762066280136,0.451028,0,1
180580,331900,5.75140753543149,50.9762048381964,0.4673,0,1
180620,331900,5.75197704487172,50.9762030455798,0.467322,0,1
180660,331900,5.75254655426073,50.9762012501635,0.483642,0,1
180700,331900,5.75311606359843,50.9761994519476,0.49452,0,1
180740,331900,5.75368557288473,50.9761976509321,0.516258,0,1
180780,331900,5.75425508211957,50.976195847117,0.532548,1,0
180820,331900,5.75482459130285,50.9761940405023,0.548873,1,0
180860,331900,5.75539410043451,50.976192231088,0.570614,1,0
180900,331900,5.75596360951445,50.9761904188741,0.586959,0,1
179500,331860,5.7360280439926,50.9758926343174,0.00135803,0,0
179540,331860,5.73659755035148,50.9758909173078,0.0316663,1,0
179580,331860,5.73716705666129,50.9758891974985,0.0593636,1,0
179620,331860,5.73773656292195,50.9758874748896,0.0975026,1,0
179660,331860,5.73830606913338,50.9758857494812,0.124805,1,0
179700,331860,5.7388755752955,50.9758840212731,0.162842,1,0
179740,331860,5.73944508140822,50.9758822902655,0.190089,0,1
179780,331860,5.74001458747148,50.9758805564583,0.228112,0,1
179820,331860,5.74058409348519,50.9758788198516,0.266196,0,1
179860,331860,5.74115359944926,50.9758770804452,0.287957,0,1
179900,331860,5.74172310536363,50.9758753382392,0.298835,1,0
179940,331860,5.7422926112282,50.9758735932337,0.32058,1,0
179980,331860,5.7428621170429,50.9758718454286,0.342321,1,0
180020,331860,5.74343162280766,50.9758700948239,0.358606,1,0
180060,331860,5.74400112852238,50.9758683414197,0.374924,1,0
180100,331860,5.744570634187,50.9758665852158,0.38035,1,0
180140,331860,5.74514013980142,50.9758648262124,0.396658,1,0
180180,331860,5.74570964536557,50.9758630644094,0.402083,1,0
180220,331860,5.74627915087938,50.9758612998068,0.407541,1,0
180260,331860,5.74684865634275,50.9758595324046,0.423804,1,0
180300,331860,5.74741816175561,50.9758577622029,0.423826,0,0
180340,331860,5.74798766711789,50.9758559892016,0.429286,1,0
180380,331860,5.74855717242949,50.9758542134007,0.445558,1,0
180420,331860,5.74912667769035,50.9758524348003,0.44558,1,0
180460,331860,5.74969618290037,50.9758506534002,0.461884,1,0
180500,331860,5.75026568805949,50.9758488692006,0.467311,1,0
180540,331860,5.75083519316761,50.9758470822014,0.472778,0,1
180580,331860,5.75140469822467,50.9758452924027,0.494511,0,1
180620,331860,5.75197420323058,50.9758434998044,0.510784,0,1
180660,331860,5.75254370818526,50.9758417044065,0.510806,0,1
180700,331860,5.75311321308862,50.975839906209,0.527124,0,1
180740,331860,5.7536827179406,50.975838105212,0.538002,0,1
180780,331860,5.75425222274111,50.9758363014153,0.55974,0,1
180820,331860,5.75482172749007,50.9758344948192,0.576031,0,1
180860,331860,5.7553912321874,50.9758326854234,0.592355,0,1
180900,331860,5.75596073683303,50.9758308732281,0.608691,1,0
179500,331820,5.73602532656222,50.9755330880396,0.0054321,0,0
179540,331820,5.73659482848682,50.9755313710474,0.0484831,1,0
179580,331820,5.73716433036234,50.9755296512558,0.0756869,1,0
179620,331820,5.73773383218871,50.9755279286646,0.103027,1,0
179660,331820,5.73830333396586,50.9755262032738,0.141075,1,0
179700,331820,5.7388728356937,50.9755244750835,0.168333,1,0
179740,331820,5.73944233737214,50.9755227440936,0.206359,0,1
179780,331820,5.74001183900112,50.9755210103042,0.23359,0,1
179820,331820,5.74058134058055,50.9755192737152,0.271611,0,1
179860,331820,5.74115084211035,50.9755175343266,0.309686,0,1
179900,331820,5.74172034359043,50.9755157921385,0.331446,0,1
179940,331820,5.74228984502074,50.9755140471509,0.342324,1,0
179980,331820,5.74285934640117,50.9755122993637,0.364067,1,0
180020,331820,5.74342884773165,50.9755105487769,0.385807,1,0
180060,331820,5.7439983490121,50.9755087953906,0.402094,1,0
180100,331820,5.74456785024245,50.9755070392048,0.418409,1,0
180140,331820,5.74513735142261,50.9755052802194,0.423837,1,0
180180,331820,5.7457068525525,50.9755035184345,0.440142,1,0
180220,331820,5.74627635363203,50.9755017538499,0.445569,0,1
180260,331820,5.74684585466114,50.9754999864659,0.451026,1,0
180300,331820,5.74741535563975,50.9754982162822,0.467289,0,0
180340,331820,5.74798485656776,50.9754964432991,0.467311,1,0
180380,331820,5.7485543574451,50.9754946675164,0.47277,1,0
180420,331820,5.7491238582717,50.9754928889342,0.489042,1,0
180460,331820,5.74969335904747,50.9754911075524,0.489064,1,0
180500,331820,5.75026285977233,50.9754893233711,0.505367,1,0
180540,331820,5.7508323604462,50.9754875363902,0.510795,0,1
180580,331820,5.75140186106901,50.9754857466098,0.516261,0,1
180620,331820,5.75197136164066,50.9754839540298,0.537994,0,1
180660,331820,5.75254086216109,50.9754821586503,0.554267,0,1
180700,331820,5.75311036263021,50.9754803604713,0.554289,0,1
180740,331820,5.75367986304794,50.9754785594927,0.570606,0,1
180780,331820,5.75424936341421,50.9754767557146,0.581484,0,1
180820,331820,5.75481886372892,50.9754749491369,0.603222,0,1
180860,331820,5.75538836399201,50.9754731397597,0.619507,0,1
179500,331780,5.73602260918083,50.9751735417625,0.0054321,1,0
179540,331780,5.73659210667122,50.975171824788,0.0537723,1,0
179580,331780,5.73716160411254,50.975170105014,0.09213,1,0
179620,331780,5.7377311015047,50.9751683824404,0.119308,1,0
179660,331780,5.73830059884765,50.9751666570673,0.146576,1,0
179700,331780,5.73887009614128,50.9751649288947,0.184603,1,0
179740,331780,5.73943959338553,50.9751631979226,0.211841,0,1
179780,331780,5.74000909058031,50.9751614641509,0.249863,0,1
179820,331780,5.74057858772554,50.9751597275796,0.277084,0,1
179860,331780,5.74114808482114,50.9751579882089,0.315105,0,1
179900,331780,5.74171758186703,50.9751562460387,0.353173,0,1
179940,331780,5.74228707886314,50.9751545010689,0.374932,0,1
179980,331780,5.74285657580938,50.9751527532996,0.38581,0,1
180020,331780,5.74342607270567,50.9751510027308,0.407552,1,0
180060,331780,5.74399556955194,50.9751492493625,0.429292,1,0
180100,331780,5.74456506634809,50.9751474931946,0.44558,1,0
180140,331780,5.74513456309406,50.9751457342272,0.461892,0,1
180180,331780,5.74570405978977,50.9751439724603,0.467322,0,1
180220,331780,5.74627355643512,50.9751422078939,0.483625,0,1
180260,331780,5.74684305303004,50.9751404405279,0.489053,1,0
180300,331780,5.74741254957447,50.9751386703625,0.494509,0,0
180340,331780,5.7479820460683,50.9751368973975,0.510773,1,0
180380,331780,5.74855154251146,50.975135121633,0.510795,1,0
180420,331780,5.74912103890388,50.975133343069,0.516253,1,0
180460,331780,5.74969053524548,50.9751315617054,0.532526,1,0
180500,331780,5.75026003153616,50.9751297775424,0.532548,1,0
180540,331780,5.75082952777586,50.9751279905798,0.548849,0,1
180580,331780,5.75139902396449,50.9751262008177,0.554278,0,1
180620,331780,5.75196852010197,50.9751244082561,0.559743,0,1
180660,331780,5.75253801618823,50.975122612895,0.581476,0,1
180700,331780,5.75310751222318,50.9751208147344,0.59775,0,1
180740,331780,5.75367700820675,50.9751190137742,0.597772,0,1
180780,331780,5.75424650413885,50.9751172100146,0.614087,0,1
180820,331780,5.7548160000194,50.9751154034554,0.624965,0,1
179460,331740,5.73545039874318,50.9748157096438,0,0,0
179500,331740,5.73601989184843,50.9748139954863,0.0054321,0,0
179540,331740,5.73658938490469,50.9748122785294,0.0537723,1,0
179580,331740,5.73715887791188,50.974810558773,0.0974751,1,0
179620,331740,5.73772837086993,50.9748088362171,0.135662,1,0
179660,331740,5.73829786377875,50.9748071108616,0.162853,1,0
179700,331740,5.73886735663826,50.9748053827068,0.190091,0,1
179740,331740,5.73943684944838,50.9748036517523,0.228112,0,1
179780,331740,5.74000634220904,50.9748019179984,0.255338,0,1
179820,331740,5.74057583492015,50.974800181445,0.293359,0,1
179860,331740,5.74114532758164,50.9747984420921,0.320574,0,1
179900,331740,5.74171482019342,50.9747966999397,0.358595,0,1
179940,331740,5.74228431275542,50.9747949549878,0.396658,0,1
179980,331740,5.74285380526754,50.9747932072364,0.418417,0,1
180020,331740,5.74342329772972,50.9747914566855,0.429295,1,0
180060,331740,5.74399279014187,50.9747897033351,0.451037,1,0
180100,331740,5.74456228250392,50.9747879471853,0.472776,0,1
180140,331740,5.74513177481578,50.9747861882359,0.489064,0,1
180180,331740,5.74570126707738,50.974784426487,0.505375,0,1
180220,331740,5.74627075928863,50.9747826619387,0.510806,0,1
180260,331740,5.74684025144945,50.9747808945908,0.527108,1,0
180300,331740,5.74740974355977,50.9747791244435,0.532537,0,0
180340,331740,5.7479792356195,50.9747773514967,0.537991,1,0
180380,331740,5.74854872762857,50.9747755757504,0.554256,1,0
180420,331740,5.74911821958689,50.9747737972046,0.554278,0,1
180460,331740,5.74968771149439,50.9747720158593,0.559735,0,1
180500,331740,5.75025720335098,50.9747702317145,0.576009,0,1
180540,331740,5.75082669515658,50.9747684447703,0.576031,0,1
180580,331740,5.75139618691112,50.9747666550265,0.59233,0,1
180620,331740,5.75196567861452,50.9747648624833,0.597761,0,1
180660,331740,5.75253517026668,50.9747630671406,0.603225,0,1
180700,331740,5.75310466186755,50.9747612689984,0.624957,0,1
180740,331740,5.75367415341702,50.9747594680566,0.641232,0,1
180780,331740,5.75424364491504,50.9747576643155,0.641254,0,1
180820,331740,5.7548131363615,50.9747558577749,0.65217,0,1
179460,331700,5.73544768589382,50.9744561633509,0,0,0
179500,331700,5.73601717456502,50.974454449211,0.0264645,0,0
179540,331700,5.73658666318723,50.9744527322717,0.0537889,1,0
179580,331700,5.73715615176037,50.9744510125329,0.0974916,1,0
179620,331700,5.73772564028438,50.9744492899946,0.141042,1,0
179660,331700,5.73829512875915,50.9744475646569,0.179175,1,0
179700,331700,5.73886461718462,50.9744458365197,0.20637,0,1
179740,331700,5.7394341055607,50.974444105583,0.233593,0,1
179780,331700,5.74000359388732,50.9744423718468,0.271611,0,1
179820,331700,5.7405730821644,50.9744406353112,0.29883,0,1
179860,331700,5.74114257039185,50.9744388959761,0.336851,0,1
179900,331700,5.74171205856959,50.9744371538415,0.364062,0,1
179940,331700,5.74228154669755,50.9744354089075,0.402083,0,1
179980,331700,5.74285103477564,50.9744336611741,0.440142,0,1
180020,331700,5.74342052280379,50.9744319106411,0.4619,0,1
180060,331700,5.74399001078192,50.9744301573087,0.472778,0,1
180100,331700,5.74455949870994,50.9744284011768,0.49452,0,1
180140,331700,5.74512898658777,50.9744266422455,0.516258,0,1
180180,331700,5.74569847441534,50.9744248805146,0.532548,0,1
180220,331700,5.74626796219257,50.9744231159844,0.548857,1,0
180260,331700,5.74683744991937,50.9744213486546,0.554289,0,0
180300,331700,5.74740693759566,50.9744195785254,0.57059,0,0
180340,331700,5.74797642522137,50.9744178055968,0.57602,1,0
180380,331700,5.74854591279642,50.9744160298687,0.581473,1,0
180420,331700,5.74911540032072,50.9744142513411,0.597739,1,0
180460,331700,5.7496848877942,50.974412470014,0.597761,0,1
180500,331700,5.75025437521678,50.9744106858876,0.603216,0,1
180540,331700,5.75082386258837,50.9744088989616,0.619491,0,1
180580,331700,5.75139334990889,50.9744071092362,0.619513,0,1
180620,331700,5.75196283717828,50.9744053167113,0.635812,0,1
180660,331700,5.75253232439644,50.974403521387,0.641243,0,1
180700,331700,5.75310181156329,50.9744017232632,0.646706,0,1
180740,331700,5.75367129867876,50.97439992234,0.668438,0,1
180780,331700,5.75424078574277,50.9743981186173,0.684714,0,1
179460,331660,5.73544497309336,50.9740966170589,0,0,0
179500,331660,5.73601445733059,50.9740949029366,0.0316606,0,0
179540,331660,5.73658394151883,50.9740931860149,0.0703333,1,0
179580,331660,5.73715342565801,50.9740914662937,0.0975136,1,0
179620,331660,5.73772290974805,50.9740897437731,0.141064,1,0
179660,331660,5.73829239378886,50.974088018453,0.18457,1,0
179700,331660,5.73886187778037,50.9740862903335,0.222677,0,1
179740,331660,5.73943136172249,50.9740845594145,0.249874,0,1
179780,331660,5.74000084561515,50.9740828256961,0.277087,0,1
179820,331660,5.74057032945827,50.9740810891783,0.315105,0,1
179860,331660,5.74113981325176,50.974079349861,0.342318,0,1
179900,331660,5.74170929699555,50.9740776077443,0.380339,0,1
179940,331660,5.74227878068955,50.9740758628282,0.407547,0,1
179980,331660,5.7428482643337,50.9740741151125,0.445569,0,1
180020,331660,5.74341774792789,50.9740723645976,0.483625,0,1
180060,331660,5.74398723147207,50.9740706112831,0.505383,0,1
180100,331660,5.74455671496614,50.9740688551692,0.516261,0,1
180140,331660,5.74512619841002,50.9740670962559,0.538002,0,1
180180,331660,5.74569568180365,50.9740653345431,0.55974,0,1
180220,331660,5.74626516514693,50.9740635700309,0.576031,0,0
180260,331660,5.74683464843979,50.9740618027193,0.592339,0,0
180300,331660,5.74740413168214,50.9740600326082,0.597772,1,0
180340,331660,5.74797361487391,50.9740582596977,0.614071,1,0
180380,331660,5.74854309801502,50.9740564839878,0.619502,1,0
180420,331660,5.74911258110538,50.9740547054784,0.624954,1,0
180460,331660,5.74968206414493,50.9740529241697,0.641221,0,1
180500,331660,5.75025154713356,50.9740511400614,0.641243,0,1
180540,331660,5.75082103007122,50.9740493531538,0.646698,0,1
180580,331660,5.75139051295782,50.9740475634467,0.662973,0,1
180620,331660,5.75195999579327,50.9740457709402,0.662995,0,1
180660,331660,5.75252947857749,50.9740439756343,0.679292,0,1
180700,331660,5.75309896131042,50.9740421775289,0.684725,0,1
180740,331660,5.75366844399196,50.9740403766241,0.690187,0,1
180780,331660,5.75423792662205,50.9740385729199,0.706482,0,1
179460,331620,5.7354422603418,50.9737370707678,0.00135803,0,0
179500,331620,5.73601174014514,50.973735356663,0.0316663,0,0
179540,331620,5.7365812198995,50.9737336397589,0.0756649,1,0
179580,331620,5.73715069960479,50.9737319200553,0.113908,1,0
179620,331620,5.73772017926095,50.9737301975523,0.141086,1,0
179660,331620,5.73828965886787,50.9737284722499,0.184592,1,0
179700,331620,5.7388591384255,50.9737267441482,0.228079,0,1
179740,331620,5.73942861793374,50.9737250132469,0.266171,0,1
179780,331620,5.73999809739253,50.9737232795463,0.29337,0,1
179820,331620,5.74056757680176,50.9737215430463,0.320577,0,1
179860,331620,5.74113705616138,50.9737198037468,0.358595,0,1
179900,331620,5.74170653547129,50.9737180616479,0.385804,0,1
179940,331620,5.74227601473142,50.9737163167496,0.423826,0,1
179980,331620,5.74284549394169,50.973714569052,0.451031,0,1
180020,331620,5.74341497310202,50.9737128185549,0.489053,0,1
180060,331620,5.74398445221232,50.9737110652584,0.527108,0,1
180100,331620,5.74455393127252,50.9737093091625,0.548865,0,1
180140,331620,5.74512341028254,50.9737075502672,0.559743,0,1
180180,331620,5.7456928892423,50.9737057885725,0.581484,1,0
180220,331620,5.74626236815171,50.9737040240783,0.603222,0,0
180260,331620,5.74683184701071,50.9737022567848,0.619513,0,0
180300,331620,5.7474013258192,50.9737004866919,0.63582,1,0
180340,331620,5.74797080457711,50.9736987137995,0.641254,1,0
180380,331620,5.74854028328436,50.9736969381078,0.657552,1,0
180420,331620,5.74910976194087,50.9736951596167,0.662984,1,0
180460,331620,5.74967924054655,50.9736933783261,0.668435,0,1
180500,331620,5.75024871910133,50.9736915942362,0.684703,0,1
180540,331620,5.75081819760514,50.9736898073468,0.684725,0,1
180580,331620,5.75138767605788,50.9736880176581,0.690179,0,1
180620,331620,5.75195715445948,50.97368622517,0.706454,0,1
180660,331620,5.75252663280986,50.9736844298824,0.706476,0,1
180700,331620,5.75309611110893,50.9736826317954,0.722773,0,1
180740,331620,5.75366558935663,50.9736808309091,0.728206,0,1
179420,331580,5.73487007222071,50.9733792357654,0,0,0
179460,331580,5.73543954763915,50.9733775244776,0.0122243,0,0
179500,331580,5.73600902300868,50.9733758103904,0.0484884,1,0
179540,331580,5.73657849832923,50.9733740935038,0.0756869,1,0
179580,331580,5.73714797360071,50.9733723738179,0.119286,1,0
179620,331580,5.73771744882306,50.9733706513325,0.157436,1,0
179660,331580,5.73828692399619,50.9733689260478,0.184614,1,0
179700,331580,5.73885639912001,50.9733671979637,0.228101,1,0
179740,331580,5.73942587419446,50.9733654670802,0.271579,0,1
179780,331580,5.73999534921944,50.9733637333974,0.309661,0,1
179820,331580,5.74056482419488,50.9733619969151,0.336861,0,1
179860,331580,5.7411342991207,50.9733602576334,0.364064,0,1
179900,331580,5.74170377399681,50.9733585155524,0.402083,0,1
179940,331580,5.74227324882315,50.973356770672,0.429289,0,1
179980,331580,5.74284272359963,50.9733550229923,0.467311,0,1
180020,331580,5.74341219832616,50.9733532725131,0.494514,0,1
180060,331580,5.74398167300267,50.9733515192346,0.532537,0,1
180100,331580,5.74455114762909,50.9733497631567,0.57059,0,1
180140,331580,5.74512062220532,50.9733480042794,0.592347,0,1
180180,331580,5.74569009673129,50.9733462426027,0.603225,1,0
180220,331580,5.74625957120692,50.9733444781267,0.624965,0,0
180260,331580,5.74682904563213,50.9733427108512,0.646703,0,0
180300,331580,5.74739852000684,50.9733409407764,0.662995,0,0
180340,331580,5.74796799433097,50.9733391679022,0.679301,1,0
180380,331580,5.74853746860444,50.9733373922287,0.684736,1,0
180420,331580,5.74910694282717,50.9733356137558,0.701033,0,1
180460,331580,5.74967641699908,50.9733338324835,0.706465,0,1
180500,331580,5.75024589112008,50.9733320484118,0.711916,0,1
180540,331580,5.75081536519011,50.9733302615408,0.728184,0,1
180580,331580,5.75138483920908,50.9733284718703,0.728206,0,1
180620,331580,5.75195431317691,50.9733266794006,0.733659,0,1
180660,331580,5.75252378709352,50.9733248841314,0.749936,0,1
180700,331580,5.75309326095883,50.9733230860629,0.749958,0,1
180740,331580,5.75366273477276,50.973321285195,0.760856,0,1
179420,331540,5.73486736400069,50.9730196894585,0,0,0
179460,331540,5.73543683498539,50.9730179781883,0.0316606,0,0
179500,331540,5.7360063059212,50.9730162641186,0.059361,1,0
179540,331540,5.73657577680802,50.9730145472496,0.0921516,1,0
179580,331540,5.73714524764578,50.9730128275813,0.119308,1,0
179620,331540,5.73771471843441,50.9730111051136,0.162831,1,0
179660,331540,5.73828418917381,50.9730093798466,0.200944,1,0
179700,331540,5.73885365986391,50.9730076517802,0.228123,1,0
179740,331540,5.73942313050463,50.9730059209144,0.2716,1,0
179780,331540,5.7399926010959,50.9730041872493,0.315072,0,1
179820,331540,5.74056207163761,50.9730024507848,0.353148,0,1
179860,331540,5.74113154212972,50.973000711521,0.38035,0,1
179900,331540,5.74170101257212,50.9729989694578,0.40755,0,1
179940,331540,5.74227048296474,50.9729972245953,0.445569,0,1
179980,331540,5.7428399533075,50.9729954769334,0.472773,0,1
180020,331540,5.74340942360033,50.9729937264722,0.510795,0,1
180060,331540,5.74397889384313,50.9729919732116,0.537997,1,0
180100,331540,5.74454836403583,50.9729902171517,0.57602,1,0
180140,331540,5.74511783417836,50.9729884582924,0.614071,0,0
180180,331540,5.74568730427062,50.9729866966338,0.635828,0,0
180220,331540,5.74625677431255,50.9729849321758,0.646706,1,0
180260,331540,5.74682624430405,50.9729831649185,0.668446,1,0
180300,331540,5.74739571424506,50.9729813948619,0.690184,0,0
180340,331540,5.74796518413549,50.9729796220059,0.706476,0,0
180380,331540,5.74853465397526,50.9729778463505,0.722781,1,0
180420,331540,5.74910412376429,50.9729760678958,0.728217,1,0
180460,331540,5.7496735935025,50.9729742866417,0.744513,0,1
180500,331540,5.75024306318981,50.9729725025883,0.749947,0,1
180540,331540,5.75081253282615,50.9729707157356,0.755397,0,1
180580,331540,5.75138200241142,50.9729689260835,0.771665,0,1
180620,331540,5.75195147194556,50.9729671336321,0.771687,0,1
180660,331540,5.75252094142848,50.9729653383813,0.77714,0,1
180700,331540,5.7530904108601,50.9729635403312,0.793417,0,1
179380,331500,5.73429518922962,50.972661851606,0,0,0
179420,331500,5.73486465582949,50.9726601431526,0.0122243,0,0
179460,331500,5.73543412238054,50.9726584318999,0.0373395,1,0
179500,331500,5.7360035888827,50.9726567178478,0.0756759,1,0
179540,331500,5.73657305533587,50.9726550009964,0.103024,1,0
179580,331500,5.73714252173999,50.9726532813456,0.1357,1,0
179620,331500,5.73771198809497,50.9726515588956,0.162853,1,0
179660,331500,5.73828145440072,50.9726498336462,0.206348,1,0
179700,331500,5.73885092065719,50.9726481055975,0.244441,1,0
179740,331500,5.73942038686427,50.9726463747495,0.271622,1,0
179780,331500,5.73998985302189,50.9726446411021,0.315094,0,1
179820,331500,5.74055931912997,50.9726429046554,0.358562,0,1
179860,331500,5.74112878518844,50.9726411654095,0.396634,0,1
179900,331500,5.7416982511972,50.9726394233641,0.423837,0,1
179940,331500,5.74226771715619,50.9726376785195,0.451034,0,1
179980,331500,5.74283718306532,50.9726359308755,0.489053,0,1
180020,331500,5.74340664892451,50.9726341804322,0.516255,0,1
180060,331500,5.74397611473368,50.9726324271896,0.554278,0,1
180100,331500,5.74454558049276,50.9726306711477,0.581478,0,1
180140,331500,5.74511504620166,50.9726289123064,0.619502,1,0
180180,331500,5.7456845118603,50.9726271506658,0.657552,0,0
180220,331500,5.74625397746859,50.9726253862259,0.679309,1,0
180260,331500,5.74682344302648,50.9726236189867,0.690187,1,0
180300,331500,5.74739290853386,50.9726218489482,0.711927,0,1
180340,331500,5.74796237399067,50.9726200761103,0.733665,0,1
180380,331500,5.74853183939682,50.9726183004732,0.749958,1,0
180420,331500,5.74910130475223,50.9726165220367,0.766262,1,0
180460,331500,5.74967077005683,50.9726147408009,0.771698,1,0
180500,331500,5.75024023531052,50.9726129567658,0.787994,0,1
180540,331500,5.75080970051324,50.9726111699313,0.793428,0,1
180580,331500,5.75137916566491,50.9726093802976,0.798877,0,1
180620,331500,5.75194863076543,50.9726075878645,0.815146,0,1
180660,331500,5.75251809581474,50.9726057926322,0.815168,0,1
180700,331500,5.75308756081275,50.9726039946005,0.815184,0,1
179380,331460,5.7342924855408,50.9723023052834,0.00135803,0,0
179420,331460,5.73486194770711,50.9723005968475,0.0316663,0,0
179460,331460,5.73543140982459,50.9722988856123,0.0593636,1,0
179500,331460,5.73600087189318,50.9722971715778,0.0812247,1,0
179540,331460,5.73657033391279,50.972295454744,0.119297,1,0
179580,331460,5.73713979588333,50.9722937351109,0.146573,1,0
179620,331460,5.73770925780475,50.9722920126785,0.179216,1,0
179660,331460,5.73827871967694,50.9722902874468,0.20637,1,0
179700,331460,5.73884818149984,50.9722885594158,0.249852,1,0
179740,331460,5.73941764327336,50.9722868285855,0.287933,1,0
179780,331460,5.73998710499742,50.9722850949559,0.315116,0,1
179820,331460,5.74055656667195,50.972283358527,0.358584,0,1
179860,331460,5.74112602829685,50.9722816192988,0.40205,0,1
179900,331460,5.74169548987207,50.9722798772713,0.440118,0,1
179940,331460,5.7422649513975,50.9722781324446,0.467322,0,1
179980,331460,5.74283441287307,50.9722763848185,0.494517,0,1
180020,331460,5.74340387429871,50.9722746343931,0.532537,0,1
180060,331460,5.74397333567434,50.9722728811684,0.559738,0,1
180100,331460,5.74454279699986,50.9722711251445,0.597761,0,1
180140,331460,5.74511225827521,50.9722693663213,0.62496,0,1
180180,331460,5.7456817195003,50.9722676046988,0.662984,0,0
180220,331460,5.74625118067506,50.972265840277,0.701033,0,1
180260,331460,5.7468206417994,50.9722640730558,0.72279,0,1
180300,331460,5.74739010287324,50.9722623030354,0.733667,0,1
180340,331460,5.74795956389651,50.9722605302158,0.755408,0,1
180380,331460,5.74852902486912,50.9722587545967,0.777145,0,1
180420,331460,5.74909848579099,50.9722569761785,0.793438,1,0
180460,331460,5.74966794666205,50.9722551949609,0.809742,1,0
180500,331460,5.75023740748221,50.9722534109441,0.815179,0,1
180540,331460,5.7508068682514,50.972251624128,0.831474,0,1
180580,331460,5.75137632896952,50.9722498345125,0.836908,0,1
180620,331460,5.75194578963652,50.9722480420979,0.842357,0,1
180660,331460,5.7525152502523,50.9722462468839,0.858627,0,1
179340,331420,5.73372032411918,50.971944464581,0,0,0
179380,331420,5.73428978190073,50.9719427589618,0.0122243,0,0
179420,331420,5.73485923963354,50.9719410505434,0.0484884,1,0
179460,331420,5.73542869731754,50.9719393393257,0.0756869,1,0
179500,331420,5.73599815495263,50.9719376253088,0.103027,1,0
179540,331420,5.73656761253875,50.9719359084926,0.12481,1,0
179580,331420,5.73713707007582,50.971934188877,0.162842,1,0
179620,331420,5.73770652756374,50.9719324664623,0.190089,1,0
179660,331420,5.73827598500246,50.9719307412483,0.222718,1,0
179700,331420,5.73884544239187,50.971929013235,0.249874,1,0
179740,331420,5.73941489973191,50.9719272824224,0.293348,1,0
179780,331420,5.73998435702249,50.9719255488106,0.331421,0,1
179820,331420,5.74055381426354,50.9719238123995,0.358606,0,1
179860,331420,5.74112327145497,50.9719220731891,0.402072,0,1
179900,331420,5.7416927285967,50.9719203311794,0.445536,0,1
179940,331420,5.74226218568866,50.9719185863706,0.483601,0,1
179980,331420,5.74283164273077,50.9719168387624,0.510806,0,1
180020,331420,5.74340109972294,50.971915088355,0.537999,0,1
180060,331420,5.74397055666509,50.9719133351483,0.57602,0,1
180100,331420,5.74454001355714,50.9719115791423,0.603219,0,1
180140,331420,5.74510947039903,50.9719098203371,0.641243,1,0
180180,331420,5.74567892719065,50.9719080587326,0.668441,0,0
180220,331420,5.74624838393194,50.9719062943289,0.706465,0,1
180260,331420,5.74681784062281,50.9719045271258,0.744513,0,1
180300,331420,5.7473872972632,50.9719027571236,0.76627,0,1
180340,331420,5.747956753853,50.971900984322,0.777148,0,1
180380,331420,5.74852621039215,50.9718992087213,0.798888,0,1
180420,331420,5.74909566688057,50.9718974303212,0.820626,1,0
180460,331420,5.74966512331817,50.9718956491219,0.836919,0,1
180500,331420,5.75023457970487,50.9718938651233,0.853222,0,1
180540,331420,5.7508040360406,50.9718920783255,0.85866,0,1
180580,331420,5.75137349232528,50.9718902887284,0.874954,0,1
180620,331420,5.75194294855882,50.9718884963321,0.880389,0,1
180660,331420,5.75251240474115,50.9718867011365,0.880405,0,1
179300,331380,5.73314817156447,50.9715866210452,0,0,0
179340,331380,5.73371762496126,50.9715849182428,0.0122243,0,0
179380,331380,5.7342870783094,50.9715832126411,0.0373395,1,0
179420,331380,5.73485653160879,50.9715815042402,0.0593662,1,0
179460,331380,5.73542598485938,50.97157979304,0.0921516,1,0
179500,331380,5.73599543806107,50.9715780790407,0.119308,1,0
179540,331380,5.73656489121378,50.971576362242,0.146576,1,0
179580,331380,5.73713434431744,50.9715746426441,0.168339,1,0
179620,331380,5.73770379737196,50.971572920247,0.206359,1,0
179660,331380,5.73827325037727,50.9715711950507,0.23359,1,0
179700,331380,5.73884270333328,50.9715694670551,0.266212,1,0
179740,331380,5.73941215623992,50.9715677362602,0.29337,1,0
179780,331380,5.7399816090971,50.9715660026662,0.33684,0,1
179820,331380,5.74055106190475,50.9715642662728,0.374907,0,1
179860,331380,5.74112051466278,50.9715625270803,0.402094,0,1
179900,331380,5.74168996737112,50.9715607850885,0.445558,0,1
179940,331380,5.74225942002969,50.9715590402975,0.48902,0,1
179980,331380,5.7428288726384,50.9715572927072,0.527083,0,1
180020,331380,5.74339832519717,50.9715555423177,0.554289,0,1
180060,331380,5.74396777770593,50.971553789129,0.581481,0,1
180100,331380,5.7445372301646,50.971552033141,0.619502,0,1
180140,331380,5.74510668257309,50.9715502743538,0.6467,1,0
180180,331380,5.74567613493133,50.9715485127674,0.684725,1,0
180220,331380,5.74624558723924,50.9715467483817,0.711922,0,1
180260,331380,5.74681503949673,50.9715449811968,0.749947,0,1
180300,331380,5.74738449170373,50.9715432112126,0.787994,0,1
180340,331380,5.74795394386015,50.9715414384293,0.80975,0,1
180380,331380,5.74852339596592,50.9715396628467,0.820628,0,1
180420,331380,5.74909284802096,50.9715378844648,0.842368,0,1
180460,331380,5.74966230002518,50.9715361032838,0.864106,0,1
180500,331380,5.75023175197851,50.9715343193035,0.8804,0,1
180540,331380,5.75080120388086,50.9715325325239,0.896702,0,1
180580,331380,5.75137065573217,50.9715307429452,0.90214,0,1
180620,331380,5.75194010753234,50.9715289505672,0.918434,0,1
179260,331340,5.73257602787651,50.9712287746763,0,0,0
179300,331340,5.73314547688854,50.9712270746905,0.0122243,0,0
179340,331340,5.733714925852,50.9712253719055,0.0373395,0,0
179380,331340,5.7342843747668,50.9712236663213,0.0593662,0,0
179420,331340,5.73485382363286,50.971221957938,0.0812247,1,0
179460,331340,5.73542327245012,50.9712202467553,0.103029,1,0
179500,331340,5.73599272121848,50.9712185327735,0.1357,1,0
179540,331340,5.73656216993786,50.9712168159924,0.162853,1,0
179580,331340,5.73713161860819,50.9712150964122,0.190091,1,0
179620,331340,5.73770106722939,50.9712133740327,0.211846,1,0
179660,331340,5.73827051580137,50.971211648854,0.249863,1,0
179700,331340,5.73883996432406,50.9712099208761,0.277084,1,0
179740,331340,5.73940941279738,50.971208190099,0.309702,1,0
179780,331340,5.73997886122124,50.9712064565227,0.336861,0,1
179820,331340,5.74054830959557,50.9712047201471,0.380328,0,1
179860,331340,5.74111775792029,50.9712029809724,0.418392,0,1
179900,331340,5.74168720619531,50.9712012389985,0.44558,0,1
179940,331340,5.74225665442056,50.9711994942253,0.489042,0,1
179980,331340,5.74282610259596,50.971197746653,0.532504,0,1
180020,331340,5.74339555072142,50.9711959962814,0.570565,0,1
180060,331340,5.74396499879687,50.9711942431106,0.597772,0,1
180100,331340,5.74453444682223,50.9711924871406,0.624963,1,0
180140,331340,5.74510389479742,50.9711907283714,0.662984,1,0
180180,331340,5.74567334272235,50.971188966803,0.690181,1,0
180220,331340,5.74624279059695,50.9711872024355,0.728206,1,0
180260,331340,5.74681223842113,50.9711854352686,0.755402,1,0
180300,331340,5.74738168619483,50.9711836653026,0.793428,0,1
180340,331340,5.74795113391795,50.9711818925374,0.831474,0,1
180380,331340,5.74852058159042,50.971180116973,0.853231,0,1
180420,331340,5.74909002921216,50.9711783386094,0.864109,0,1
180460,331340,5.74965947678309,50.9711765574466,0.885849,0,1
180500,331340,5.75022892430312,50.9711747734846,0.907586,0,1
180540,331340,5.75079837177218,50.9711729867233,0.92388,0,1
180580,331340,5.75136781919019,50.9711711971629,0.940182,0,1
180620,331340,5.75193726655707,50.9711694048033,0.945615,0,1
179220,331300,5.73200389305514,50.9708709254743,0,0,0
179260,331300,5.73257333768241,50.9708692283051,0.0122243,0,0
179300,331300,5.73314278226118,50.9708675283368,0.0373395,0,0
179340,331300,5.73371222679138,50.9708658255693,0.0593662,0,0
179380,331300,5.73428167127293,50.9708641200025,0.0812247,0,0
179420,331300,5.73485111570575,50.9708624116366,0.103029,1,0
179460,331300,5.73542056008975,50.9708607004715,0.12481,1,0
179500,331300,5.73599000442486,50.9708589865072,0.146578,1,0
179540,331300,5.736559448711,50.9708572697438,0.179216,1,0
179580,331300,5.73712889294808,50.9708555501811,0.20637,1,0
179620,331300,5.73769833713603,50.9708538278193,0.233593,1,0
179660,331300,5.73826778127477,50.9708521026583,0.255343,1,0
179700,331300,5.73883722536422,50.970850374698,0.293359,1,0
179740,331300,5.7394066694043,50.9708486439387,0.320574,1,0
179780,331300,5.73997611339492,50.9708469103801,0.353189,0,1
179820,331300,5.74054555733601,50.9708451740224,0.38035,0,1
179860,331300,5.74111500122749,50.9708434348655,0.423815,0,1
179900,331300,5.74168444506928,50.9708416929094,0.461876,0,1
179940,331300,5.74225388886129,50.9708399481541,0.489064,0,1
179980,331300,5.74282333260345,50.9708382005997,0.532526,0,1
180020,331300,5.74339277629568,50.970836450246,0.575987,0,1
180060,331300,5.7439622199379,50.9708346970932,0.614046,0,1
180100,331300,5.74453166353003,50.9708329411412,0.641254,1,0
180140,331300,5.74510110707199,50.97083118239,0.668444,1,0
180180,331300,5.7456705505637,50.9708294208396,0.706465,1,0
180220,331300,5.74623999400507,50.9708276564901,0.733662,1,0
180260,331300,5.74680943739603,50.9708258893414,0.771687,1,0
180300,331300,5.7473788807365,50.9708241193935,0.798883,0,1
180340,331300,5.74794832402641,50.9708223466465,0.836908,0,1
180380,331300,5.74851776726566,50.9708205711003,0.874954,0,1
180420,331300,5.74908721045418,50.9708187927549,0.896711,0,1
180460,331300,5.74965665359188,50.9708170116103,0.907589,0,1
180500,331300,5.7502260966787,50.9708152276666,0.929329,0,1
180540,331300,5.75079553971455,50.9708134409236,0.951066,0,1
180580,331300,5.75136498269934,50.9708116513816,0.963741,0,1
179180,331260,5.7314317671002,50.9705130734393,0,0,0
179220,331260,5.7320012073427,50.9705113790866,0.0122243,0,0
179260,331260,5.7325706475368,50.9705096819349,0.0373395,0,0
179300,331260,5.73314008768239,50.970507981984,0.0593662,0,0
179340,331260,5.73370952777942,50.9705062792339,0.0812247,0,0
179380,331260,5.7342789678278,50.9705045736846,0.103029,0,0
179420,331260,5.73484840782744,50.9705028653362,0.12481,0,0
179460,331260,5.73541784777827,50.9705011541887,0.146578,1,0
179500,331260,5.73598728768021,50.9704994402419,0.168339,1,0
179540,331260,5.73655672753318,50.9704977234961,0.190094,1,0
179580,331260,5.7371261673371,50.970496003951,0.222718,1,0
179620,331260,5.73769560709189,50.9704942816068,0.249874,1,0
179660,331260,5.73826504679746,50.9704925564635,0.277087,1,0
179700,331260,5.73883448645375,50.970490828521,0.298835,1,0
179740,331260,5.73940392606066,50.9704890977793,0.336851,1,0
179780,331260,5.73997336561813,50.9704873642386,0.364062,0,1
179820,331260,5.74054280512606,50.9704856278986,0.396675,0,1
179860,331260,5.74111224458438,50.9704838887595,0.423837,0,1
179900,331260,5.74168168399301,50.9704821468212,0.4673,0,1
179940,331260,5.74225112335187,50.9704804020838,0.505358,0,1
179980,331260,5.74282056266088,50.9704786545472,0.532548,0,1
180020,331260,5.74339000191996,50.9704769042115,0.576009,0,1
180060,331260,5.74395944112903,50.9704751510767,0.619469,1,0
180100,331260,5.74452888028801,50.9704733951427,0.657527,1,0
180140,331260,5.74509831939682,50.9704716364095,0.684736,1,0
180180,331260,5.74566775845537,50.9704698748772,0.711925,1,0
180220,331260,5.7462371974636,50.9704681105458,0.749947,1,0
180260,331260,5.74680663642142,50.9704663434151,0.777143,1,0
180300,331260,5.74737607532875,50.9704645734854,0.815168,0,1
180340,331260,5.74794551418551,50.9704628007565,0.842363,0,1
180380,331260,5.74851495299162,50.9704610252285,0.880389,0,1
180420,331260,5.749084391747,50.9704592469013,0.918434,0,1
180460,331260,5.74965383045157,50.970457465775,0.940191,0,1
180500,331260,5.75022326910525,50.9704556818495,0.951068,0,1
180540,331260,5.75079270770797,50.9704538951249,0.972808,0,1
180580,331260,5.75136214625963,50.9704521056011,0.978272,0,1
179140,331220,5.73085965001154,50.9701552185714,0,0,0
179180,331220,5.73142908586928,50.9701535270353,0.0122243,0,0
179220,331220,5.73199852167869,50.9701518327,0.0373395,0,0
179260,331220,5.73256795743968,50.9701501355656,0.0593662,0,0
179300,331220,5.73313739315218,50.9701484356321,0.0812247,0,0
179340,331220,5.73370682881612,50.9701467328995,0.103029,0,0
179380,331220,5.7342762644314,50.9701450273677,0.12481,0,0
179420,331220,5.73484569999795,50.9701433190368,0.146578,0,0
179460,331220,5.73541513551569,50.9701416079067,0.168339,1,0
179500,331220,5.73598457098454,50.9701398939776,0.190094,1,0
179540,331220,5.73655400640442,50.9701381772493,0.211846,1,0
179580,331220,5.73712344177525,50.9701364577219,0.233596,1,0
179620,331220,5.73769287709696,50.9701347353953,0.266212,1,0
179660,331220,5.73826231236945,50.9701330102696,0.29337,1,0
179700,331220,5.73883174759265,50.9701312823449,0.320577,1,0
179740,331220,5.73940118276648,50.970129551621,0.342324,1,0
179780,331220,5.73997061789086,50.9701278180979,0.380339,0,1
179820,331220,5.74054005296572,50.9701260817757,0.407547,0,1
179860,331220,5.74110948799096,50.9701243426544,0.440159,0,1
179900,331220,5.74167892296651,50.970122600734,0.467322,0,1
179940,331220,5.7422483578923,50.9701208560145,0.510784,0,1
179980,331220,5.74281779276824,50.9701191084958,0.548841,0,1
180020,331220,5.74338722759424,50.9701173581781,0.576031,0,1
180060,331220,5.74395666237024,50.9701156050612,0.619491,1,0
180100,331220,5.74452609709615,50.9701138491451,0.662951,1,0
180140,331220,5.74509553177189,50.9701120904299,0.701008,1,0
180180,331220,5.74566496639738,50.9701103289157,0.728217,1,0
180220,331220,5.74623440097255,50.9701085646023,0.755405,1,0
180260,331220,5.7468038354973,50.9701067974898,0.793428,1,0
180300,331220,5.74737326997157,50.9701050275782,0.820623,1,0
180340,331220,5.74794270439526,50.9701032548675,0.858648,1,0
180380,331220,5.74851213876831,50.9701014793577,0.885843,0,1
180420,331220,5.74908157309064,50.9700997010487,0.923869,0,1
180460,331220,5.74965100736215,50.9700979199406,0.961914,0,1
180500,331220,5.75022044158278,50.9700961360334,0.983578,0,1
180540,331220,5.75078987575243,50.9700943493271,0.992607,0,1
179140,331180,5.73085697326197,50.969795672151,0.0054321,0,0
179180,331180,5.73142640468669,50.9697939806323,0.0373369,0,0
179220,331180,5.73199583606308,50.9697922863144,0.0593662,0,0
179260,331180,5.73256526739105,50.9697905891973,0.0812247,0,0
179300,331180,5.73313469867054,50.9697888892812,0.103029,0,0
179340,331180,5.73370412990146,50.969787186566,0.12481,0,0
179380,331180,5.73427356108372,50.9697854810517,0.146578,0,0
179420,331180,5.73484299221727,50.9697837727383,0.168339,0,0
179460,331180,5.735412423302,50.9697820616258,0.190094,0,0
179500,331180,5.73598185433784,50.9697803477142,0.211846,1,0
179540,331180,5.73655128532471,50.9697786310035,0.233596,1,0
179580,331180,5.73712071626254,50.9697769114937,0.255343,1,0
179620,331180,5.73769014715123,50.9697751891848,0.27709,1,0
179660,331180,5.73825957799072,50.9697734640768,0.309702,1,0
179700,331180,5.73882900878092,50.9697717361697,0.336861,0,1
179740,331180,5.73939843952175,50.9697700054635,0.364064,0,1
179780,331180,5.73996787021313,50.9697682719582,0.38581,0,1
179820,331180,5.74053730085499,50.9697665356538,0.423826,0,1
179860,331180,5.74110673144723,50.9697647965503,0.451031,0,1
179900,331180,5.74167616198979,50.9697630546478,0.483642,0,1
179940,331180,5.74224559248258,50.9697613099461,0.510806,0,1
179980,331180,5.74281502292552,50.9697595624453,0.554267,0,1
180020,331180,5.74338445331854,50.9697578121455,0.592322,0,1
180060,331180,5.74395388366154,50.9697560590466,0.619513,1,0
180100,331180,5.74452331395446,50.9697543031485,0.662973,1,0
180140,331180,5.74509274419722,50.9697525444514,0.706433,1,0
180180,331180,5.74566217438972,50.9697507829552,0.744489,1,0
180220,331180,5.7462316045319,50.9697490186599,0.771698,1,0
180260,331180,5.74680103462367,50.9697472515655,0.798885,1,0
180300,331180,5.74737046466495,50.969745481672,0.836908,1,0
180340,331180,5.74793989465567,50.9697437089794,0.864103,1,0
180380,331180,5.74850932459574,50.9697419334878,0.902129,0,1
180420,331180,5.74907875448508,50.969740155197,0.929323,0,1
180460,331180,5.74964818432362,50.9697383741072,0.961637,0,1
180500,331180,5.75021761411127,50.9697365902183,0.966988,0,1
180540,331180,5.75078704384795,50.9697348035302,0.977899,0,1
179100,331140,5.73028486952063,50.969437814434,0,0,0
179140,331140,5.73085429656065,50.9694361257317,0.0122243,0,0
179180,331140,5.73142372355243,50.9694344342302,0.0537778,0,0
179220,331140,5.73199315049587,50.9694327399297,0.0812194,0,0
179260,331140,5.73256257739091,50.96943104283,0.103029,0,0
179300,331140,5.73313200423746,50.9694293429313,0.12481,0,0
179340,331140,5.73370143103545,50.9694276402336,0.146578,0,0
179380,331140,5.73427085778478,50.9694259347367,0.168339,0,0
179420,331140,5.73484028448539,50.9694242264408,0.190094,0,0
179460,331140,5.73540971113719,50.9694225153458,0.211846,0,0
179500,331140,5.7359791377401,50.9694208014518,0.233596,0,0
179540,331140,5.73654856429405,50.9694190847587,0.255343,1,0
179580,331140,5.73711799079895,50.9694173652665,0.27709,1,0
179620,331140,5.73768741725472,50.9694156429752,0.298835,1,0
179660,331140,5.73825684366128,50.9694139178849,0.32058,1,0
179700,331140,5.73882627001855,50.9694121899955,0.353189,0,1
179740,331140,5.73939569632646,50.969410459307,0.38035,0,1
179780,331140,5.73996512258493,50.9694087258195,0.40755,0,1
179820,331140,5.74053454879386,50.9694069895329,0.429295,0,1
179860,331140,5.74110397495319,50.9694052504472,0.467311,0,1
179900,331140,5.74167340106283,50.9694035085625,0.494514,0,1
179940,331140,5.74224282712271,50.9694017638787,0.527124,0,1
179980,331140,5.74281225313274,50.9694000163958,0.554289,0,1
180020,331140,5.74338167909284,50.9693982661139,0.59775,0,1
180060,331140,5.74395110500294,50.9693965130329,0.635803,0,1
180100,331140,5.74452053086294,50.9693947571529,0.662995,1,0
180140,331140,5.74508995667279,50.9693929984738,0.706454,1,0
180180,331140,5.74565938243239,50.9693912369956,0.749914,1,0
180220,331140,5.74622880814166,50.9693894727184,0.787969,1,0
180260,331140,5.74679823380052,50.9693877056421,0.815179,1,0
180300,331140,5.7473676594089,50.9693859357667,0.842366,1,0
180340,331140,5.74793708496672,50.9693841630923,0.880389,1,0
180380,331140,5.74850651047389,50.9693823876188,0.907381,0,1
180420,331140,5.74907593593033,50.9693806093463,0.923486,0,1
180460,331140,5.74964536133597,50.9693788282747,0.923508,0,1
180500,331140,5.75021478669072,50.969377044404,0.927152,0,1
179100,331100,5.73028219730041,50.9690782679983,0,0,0
179140,331100,5.73085161990758,50.9690765793133,0.0316606,0,0
179180,331100,5.73142104246649,50.9690748878291,0.059361,0,0
179220,331100,5.73199046497708,50.9690731935459,0.0975026,0,0
179260,331100,5.73255988743926,50.9690714964637,0.124805,0,0
179300,331100,5.73312930985296,50.9690697965824,0.146578,0,0
179340,331100,5.73369873221809,50.969068093902,0.168339,0,0
179380,331100,5.73426815453457,50.9690663884227,0.190094,0,0
179420,331100,5.73483757680233,50.9690646801443,0.211846,0,0
179460,331100,5.73540699902128,50.9690629690668,0.233596,0,0
179500,331100,5.73597642119134,50.9690612551903,0.255343,0,0
179540,331100,5.73654584331243,50.9690595385148,0.27709,1,0
179580,331100,5.73711526538448,50.9690578190402,0.298835,1,0
179620,331100,5.73768468740741,50.9690560967666,0.32058,1,0
179660,331100,5.73825410938113,50.9690543716939,0.342324,1,0
179700,331100,5.73882353130556,50.9690526438222,0.364067,0,1
179740,331100,5.73939295318063,50.9690509131515,0.396675,0,1
179780,331100,5.73996237500625,50.9690491796817,0.423837,0,1
179820,331100,5.74053179678234,50.9690474434129,0.451034,0,1
179860,331100,5.74110121850884,50.9690457043451,0.472778,0,1
179900,331100,5.74167064018564,50.9690439624782,0.510795,0,1
179940,331100,5.74224006181268,50.9690422178122,0.537997,0,1
179980,331100,5.74280948338988,50.9690404703473,0.570606,0,1
180020,331100,5.74337890491715,50.9690387200833,0.597772,0,1
180060,331100,5.74394832639441,50.9690369670203,0.641232,0,1
180100,331100,5.74451774782159,50.9690352111582,0.679284,0,1
180140,331100,5.74508716919861,50.9690334524971,0.706476,1,0
180180,331100,5.74565659052538,50.969031691037,0.749936,1,0
180220,331100,5.74622601180182,50.9690299267778,0.793395,1,0
180260,331100,5.74679543302786,50.9690281597196,0.831449,1,0
180300,331100,5.74736485420342,50.9690263898624,0.858553,1,0
180340,331100,5.74793427532842,50.9690246172061,0.874667,1,0
180380,331100,5.74850369640276,50.9690228417509,0.880005,0,1
180420,331100,5.74907311742639,50.9690210634965,0.880027,0,1
180460,331100,5.74964253839921,50.9690192824432,0.880049,0,1
180500,331100,5.75021195932114,50.9690174985908,0.890963,0,1
179100,331060,5.73027952512837,50.9687187215636,0.00241427,0,0
179140,331060,5.73084894330275,50.9687170328958,0.0316663,0,0
179180,331060,5.73141836142889,50.968715341429,0.0756649,0,0
179220,331060,5.7319877795067,50.9687136471632,0.103021,0,0
179260,331060,5.7325571975361,50.9687119500983,0.141075,0,0
179300,331060,5.73312661551702,50.9687102502344,0.168333,0,0
179340,331060,5.73369603344937,50.9687085475716,0.190094,0,0
179380,331060,5.73426545133308,50.9687068421097,0.211846,0,0
179420,331060,5.73483486916807,50.9687051338487,0.233596,0,0
179460,331060,5.73540428695424,50.9687034227888,0.255343,0,0
179500,331060,5.73597370469154,50.9687017089299,0.27709,0,0
179540,331060,5.73654312237987,50.9686999922719,0.298835,0,0
179580,331060,5.73711254001915,50.968698272815,0.32058,0,0
179620,331060,5.73768195760931,50.968696550559,0.342324,1,0
179660,331060,5.73825137515026,50.968694825504,0.364067,1,0
179700,331060,5.73882079264193,50.96869309765,0.38581,0,1
179740,331060,5.73939021008424,50.968691366997,0.407552,0,1
179780,331060,5.7399596274771,50.9686896335449,0.440159,0,1
179820,331060,5.74052904482043,50.9686878972939,0.467322,0,1
179860,331060,5.74109846211417,50.9686861582439,0.494517,0,1
179900,331060,5.74166787935822,50.9686844163948,0.516261,0,1
179940,331060,5.7422372965525,50.9686826717468,0.554278,0,1
179980,331060,5.74280671369694,50.9686809242997,0.581478,0,1
180020,331060,5.74337613079146,50.9686791740536,0.614087,0,1
180060,331060,5.74394554783597,50.9686774210086,0.641254,0,1
180100,331060,5.7445149648304,50.9686756651645,0.684714,0,1
180140,331060,5.74508438177467,50.9686739065214,0.722765,0,1
180180,331060,5.74565379866869,50.9686721450793,0.749958,1,0
180220,331060,5.74622321551239,50.9686703808382,0.793417,1,0
180260,331060,5.74679263230569,50.9686686137982,0.831176,1,0
180300,331060,5.7473620490485,50.9686668439591,0.836508,1,0
180340,331060,5.74793146574075,50.968665071321,0.836525,1,0
180380,331060,5.74850088238236,50.9686632958839,0.836547,0,1
180420,331060,5.74907029897325,50.9686615176477,0.836569,0,1
180460,331060,5.74963971551333,50.9686597366126,0.840214,0,1
179060,331020,5.72970743921464,50.9683608609814,0,0,0
179100,331020,5.73027685300449,50.9683591751299,0.0054321,0,0
179140,331020,5.73084626674617,50.9683574864793,0.0484831,1,0
179180,331020,5.7314156804396,50.9683557950299,0.0756869,0,0
179220,331020,5.73198509408472,50.9683541007814,0.119286,0,0
179260,331020,5.73255450768142,50.9683524037339,0.14657,0,0
179300,331020,5.73312392122964,50.9683507038875,0.184603,0,0
179340,331020,5.73369333472931,50.968349001242,0.211841,0,0
179380,331020,5.73426274818032,50.9683472957975,0.233596,0,0
179420,331020,5.73483216158261,50.9683455875542,0.255343,0,0
179460,331020,5.7354015749361,50.9683438765118,0.27709,0,0
179500,331020,5.7359709882407,50.9683421626704,0.298835,0,0
179540,331020,5.73654040149634,50.96834044603,0.32058,0,0
179580,331020,5.73710981470294,50.9683387265907,0.342324,0,0
179620,331020,5.73767922786041,50.9683370043523,0.364067,1,0
179660,331020,5.73824864096868,50.968335279315,0.38581,1,0
179700,331020,5.73881805402766,50.9683335514787,0.407552,0,1
179740,331020,5.73938746703729,50.9683318208434,0.429295,0,1
179780,331020,5.73995687999747,50.9683300874091,0.451037,0,1
179820,331020,5.74052629290813,50.9683283511759,0.483642,0,1
179860,331020,5.74109570576918,50.9683266121437,0.510806,0,1
179900,331020,5.74166511858056,50.9683248703125,0.537999,0,1
179940,331020,5.74223453134216,50.9683231256823,0.559743,0,1
179980,331020,5.74280394405393,50.9683213782531,0.597761,0,1
180020,331020,5.74337335671578,50.968319628025,0.62496,0,1
180060,331020,5.74394276932762,50.9683178749979,0.657568,0,1
180100,331020,5.74451218188938,50.9683161191718,0.684736,0,1
180140,331020,5.74508159440098,50.9683143605468,0.728195,0,1
180180,331020,5.74565100686233,50.9683125991227,0.766161,1,0
180220,331020,5.74622041927337,50.9683108348997,0.787723,1,0
180260,331020,5.746789831634,50.9683090678777,0.79305,1,0
180300,331020,5.74735924394415,50.9683072980567,0.79305,1,0
180340,331020,5.74792865620373,50.9683055254368,0.793066,0,1
180380,331020,5.74849806841268,50.9683037500178,0.793088,0,1
180420,331020,5.74906748057091,50.9683019718,0.79311,0,1
180460,331020,5.74963689267833,50.9683001907831,0.804028,0,1
178980,330980,5.72856595271294,50.968004677803,0,0,0
179020,330980,5.72913536216625,50.9680029975667,0,0,0
179060,330980,5.72970477157155,50.9680013145314,0.0122243,0,0
179100,330980,5.73027418092877,50.9679996286971,0.0316663,0,0
179140,330980,5.73084359023783,50.9679979400639,0.0537889,0,0
179180,330980,5.73141299949865,50.9679962486318,0.0921435,1,0
179220,330980,5.73198240871114,50.9679945544006,0.119308,1,0
179260,330980,5.73255181787523,50.9679928573705,0.162831,1,0
179300,330980,5.73312122699084,50.9679911575415,0.190086,0,0
179340,330980,5.73369063605788,50.9679894549135,0.228112,0,0
179380,330980,5.73426004507628,50.9679877494865,0.255338,0,0
179420,330980,5.73482945404596,50.9679860412606,0.27709,0,0
179460,330980,5.73539886296684,50.9679843302357,0.298835,0,0
179500,330980,5.73596827183883,50.9679826164119,0.32058,0,0
179540,330980,5.73653768066186,50.9679808997891,0.342324,1,0
179580,330980,5.73710708943585,50.9679791803674,0.364067,1,0
179620,330980,5.73767649816071,50.9679774581466,0.38581,0,0
179660,330980,5.73824590683638,50.967975733127,0.407552,0,0
179700,330980,5.73881531546277,50.9679740053084,0.429295,1,0
179740,330980,5.73938472403978,50.9679722746909,0.451037,1,0
179780,330980,5.73995413256737,50.9679705412744,0.472778,0,1
179820,330980,5.74052354104542,50.9679688050589,0.49452,0,1
179860,330980,5.74109294947388,50.9679670660445,0.527124,0,1
179900,330980,5.74166235785265,50.9679653242311,0.554289,0,1
179940,330980,5.74223176618167,50.9679635796188,0.581481,0,1
179980,330980,5.74280117446084,50.9679618322076,0.603225,0,1
180020,330980,5.74337058269009,50.9679600819973,0.641243,0,1
180060,330980,5.74393999086934,50.9679583289882,0.668441,0,1
180100,330980,5.74450939899851,50.9679565731801,0.701049,0,1
180140,330980,5.74507880707752,50.967954814573,0.728127,0,1
180180,330980,5.74564821510629,50.967953053167,0.749591,1,0
180220,330980,5.74621762308474,50.967951288962,0.749591,1,0
180260,330980,5.74678703101279,50.9679495219582,0.749591,1,0
180300,330980,5.74735643889035,50.9679477521553,0.749591,1,0
180340,330980,5.74792584671736,50.9679459795535,0.749607,0,1
180380,330980,5.74849525449373,50.9679442041528,0.749629,0,1
180420,330980,5.74906466221938,50.9679424259531,0.749651,0,1
178900,330940,5.7274244837978,50.9676484833609,0,0,0
178940,330940,5.72799388891433,50.9676468087397,0.00135803,0,0
178980,330940,5.72856329398302,50.9676451313195,0.0122243,0,0
179020,330940,5.72913269900378,50.9676434511004,0.0316606,0,0
179060,330940,5.72970210397654,50.9676417680824,0.0373395,1,0
179100,330940,5.73027150890122,50.9676400822654,0.0593636,0,0
179140,330940,5.73084091377774,50.9676383936495,0.0756869,0,0
179180,330940,5.73141031860601,50.9676367022346,0.0975136,1,0
179220,330940,5.73197972338597,50.9676350080208,0.135692,1,0
179260,330940,5.73254912811752,50.9676333110081,0.162853,1,0
179300,330940,5.73311853280059,50.9676316111965,0.206348,0,0
179340,330940,5.7336879374351,50.9676299085859,0.233587,0,0
179380,330940,5.73425734202096,50.9676282031764,0.271611,0,0
179420,330940,5.73482674655811,50.967626494968,0.29883,1,0
179460,330940,5.73539615104645,50.9676247839607,0.32058,0,0
179500,330940,5.73596555548592,50.9676230701544,0.342324,0,0
179540,330940,5.73653495987642,50.9676213535492,0.364067,1,0
179580,330940,5.73710436421788,50.9676196341451,0.38581,1,0
179620,330940,5.73767376851022,50.967617911942,0.407552,1,0
179660,330940,5.73824317275336,50.96761618694,0.429295,0,0
179700,330940,5.73881257694722,50.9676144591391,0.451037,1,0
179740,330940,5.73938198109172,50.9676127285393,0.472778,1,0
179780,330940,5.73995138518678,50.9676109951406,0.49452,0,1
179820,330940,5.74052078923232,50.9676092589429,0.516261,0,1
179860,330940,5.74109019322826,50.9676075199463,0.538002,1,0
179900,330940,5.74165959717452,50.9676057781508,0.570606,0,1
179940,330940,5.74222900107102,50.9676040335563,0.597772,0,1
179980,330940,5.74279840491767,50.9676022861629,0.624963,0,1
180020,330940,5.74336780871441,50.9676005359707,0.646706,0,1
180060,330940,5.74393721246115,50.9675987829794,0.684646,0,1
180100,330940,5.74450661615781,50.9675970271894,0.700798,0,1
180140,330940,5.74507601980431,50.9675952686003,0.706132,0,1
180180,330940,5.74564542340057,50.9675935072123,0.706132,0,1
180220,330940,5.74621482694652,50.9675917430255,0.706132,1,0
180260,330940,5.74678423044206,50.9675899760397,0.706132,1,0
180300,330940,5.74735363388712,50.967588206255,0.706132,0,1
180340,330940,5.74792303728163,50.9675864336713,0.706148,0,1
180380,330940,5.74849244062549,50.9675846582888,0.70617,0,1
180420,330940,5.74906184391864,50.9675828801073,0.706186,1,0
178860,330900,5.72685243324892,50.9672906086493,0,0,0
178900,330900,5.72742183398074,50.9672889368442,0.00135803,0,0
178940,330900,5.7279912346648,50.96728726224,0.0264697,1,0
178980,330900,5.72856063530102,50.9672855848371,0.0484884,0,0
179020,330900,5.72913003588932,50.9672839046352,0.059361,1,0
179060,330900,5.72969943642961,50.9672822216343,0.0756759,1,0
179100,330900,5.73026883692183,50.9672805358346,0.0812247,1,0
179140,330900,5.73083823736589,50.967278847236,0.103027,0,0
179180,330900,5.7314076377617,50.9672771558385,0.119308,1,0
179220,330900,5.7319770381092,50.9672754616421,0.141086,1,0
179260,330900,5.73254643840829,50.9672737646467,0.179208,1,0
179300,330900,5.7331158386589,50.9672720648525,0.20637,1,0
179340,330900,5.73368523886096,50.9672703622594,0.249852,1,0
179380,330900,5.73425463901437,50.9672686568674,0.277082,1,0
179420,330900,5.73482403911906,50.9672669486765,0.315105,1,0
179460,330900,5.73539343917496,50.9672652376867,0.342318,1,0
179500,330900,5.73596283918197,50.9672635238979,0.364067,0,1
179540,330900,5.73653223914002,50.9672618073103,0.38581,1,0
179580,330900,5.73710163904904,50.9672600879238,0.407552,1,0
179620,330900,5.73767103890893,50.9672583657384,0.429295,1,0
179660,330900,5.73824043871963,50.9672566407541,0.451037,1,0
179700,330900,5.73880983848105,50.9672549129708,0.472778,0,0
179740,330900,5.7393792381931,50.9672531823888,0.49452,1,0
179780,330900,5.73994863785572,50.9672514490078,0.516261,0,0
179820,330900,5.74051803746882,50.9672497128279,0.538002,1,0
179860,330900,5.74108743703232,50.9672479738491,0.559743,1,0
179900,330900,5.74165683654614,50.9672462320714,0.581484,0,1
179940,330900,5.7422262360102,50.9672444874948,0.614087,0,1
179980,330900,5.74279563542443,50.9672427401194,0.641189,0,1
180020,330900,5.74336503478873,50.967240989945,0.657361,0,1
180060,330900,5.74393443410304,50.9672392369717,0.662688,0,1
180100,330900,5.74450383336727,50.9672374811996,0.662672,0,1
180140,330900,5.74507323258134,50.9672357226286,0.662672,0,1
180180,330900,5.74564263174517,50.9672339612586,0.662672,1,0
180220,330900,5.74621203085869,50.9672321970899,0.662672,1,0
180260,330900,5.74678142992181,50.9672304301222,0.662672,1,0
180300,330900,5.74735082893445,50.9672286603556,0.662672,0,1
180340,330900,5.74792022789653,50.9672268877901,0.662688,1,0
180380,330900,5.74848962680797,50.9672251124258,0.66271,1,0
180420,330900,5.7490590256687,50.9672233342625,0.662727,1,0
178820,330860,5.7262803915649,50.9669327311056,0,0,0
178860,330860,5.72684978791201,50.9669310621165,0.00135803,0,0
178900,330860,5.72741918421144,50.9669293903284,0.0264697,0,0
178940,330860,5.72798858046311,50.9669277157414,0.0484965,1,0
178980,330860,5.72855797666694,50.9669260383556,0.070355,1,0
179020,330860,5.72912737282286,50.9669243581709,0.0921516,1,0
179060,330860,5.72969676893077,50.9669226751874,0.103024,0,0
179100,330860,5.7302661649906,50.9669209894049,0.119297,1,0
179140,330860,5.73083556100227,50.9669193008236,0.12481,0,0
179180,330860,5.73140495696571,50.9669176094434,0.146576,1,0
179220,330860,5.73197435288082,50.9669159152643,0.162853,1,0
179260,330860,5.73254374874754,50.9669142182864,0.184614,1,0
179300,330860,5.73311314456578,50.9669125185096,0.22271,1,0
179340,330860,5.73368254033546,50.9669108159339,0.249874,1,0
179380,330860,5.7342519360565,50.9669091105593,0.293348,1,0
179420,330860,5.73482133172881,50.9669074023859,0.320572,1,0
179460,330860,5.73539072735234,50.9669056914136,0.358595,0,1
179500,330860,5.73596012292698,50.9669039776425,0.385804,0,1
179540,330860,5.73652951845267,50.9669022610724,0.407552,0,1
179580,330860,5.73709891392931,50.9669005417035,0.429295,0,1
179620,330860,5.73766830935684,50.9668988195357,0.451037,0,1
179660,330860,5.73823770473517,50.9668970945691,0.472778,0,1
179700,330860,5.73880710006422,50.9668953668036,0.49452,0,1
179740,330860,5.73937649534392,50.9668936362392,0.516261,0,1
179780,330860,5.73994589057418,50.966891902876,0.538002,0,0
179820,330860,5.74051528575491,50.9668901667138,0.559743,1,0
179860,330860,5.74108468088606,50.9668884277529,0.581484,1,0
179900,330860,5.74165407596752,50.9668866859931,0.603127,0,1
179940,330860,5.74222347099923,50.9668849414344,0.613929,0,1
179980,330860,5.7427928659811,50.9668831940768,0.619272,0,1
180020,330860,5.74336226091305,50.9668814439204,0.61925,0,1
180060,330860,5.743931655795,50.9668796909651,0.619228,0,1
180100,330860,5.74450105062688,50.9668779352109,0.619212,0,1
180140,330860,5.74507044540861,50.9668761766579,0.619212,0,1
180180,330860,5.74563984014009,50.966874415306,0.619212,1,0
180220,330860,5.74620923482126,50.9668726511553,0.619212,1,0
180260,330860,5.74677862945203,50.9668708842057,0.619212,1,0
180300,330860,5.74734802403233,50.9668691144572,0.619212,1,0
180340,330860,5.74791741856207,50.9668673419099,0.619228,1,0
180380,330860,5.74848681304117,50.9668655665637,0.61925,1,0
180420,330860,5.74905620746956,50.9668637884187,0.630179,1,0
178820,330820,5.72627775070797,50.9665731845567,0.00135803,0,0
178860,330820,5.72684714262278,50.9665715155846,0.0264697,1,0
178900,330820,5.7274165344899,50.9665698438136,0.0484965,1,0
178940,330820,5.72798592630926,50.9665681692439,0.070355,0,0
178980,330820,5.72855531808079,50.9665664918752,0.0921598,1,0
179020,330820,5.72912470980439,50.9665648117077,0.113941,0,0
179060,330820,5.72969410148,50.9665631287414,0.1357,0,0
179100,330820,5.73026349310753,50.9665614429762,0.146573,1,0
179140,330820,5.7308328846869,50.9665597544122,0.162842,0,0
179180,330820,5.73140227621804,50.9665580630493,0.168339,1,0
179220,330820,5.73197166770085,50.9665563688876,0.190091,1,0
179260,330820,5.73254105913527,50.9665546719271,0.20637,1,0
179300,330820,5.73311045052121,50.9665529721677,0.228123,0,1
179340,330820,5.73367984185859,50.9665512696094,0.266204,0,1
179380,330820,5.73424923314734,50.9665495642523,0.29337,1,0
179420,330820,5.73481862438737,50.9665478560964,0.33684,0,1
179460,330820,5.7353880155786,50.9665461451416,0.364059,0,1
179500,330820,5.73595740672095,50.966544431388,0.402083,0,1
179540,330820,5.73652679781435,50.9665427148356,0.429289,0,1
179580,330820,5.7370961888587,50.9665409954843,0.451037,0,1
179620,330820,5.73766557985395,50.9665392733341,0.472778,0,1
179660,330820,5.73823497079999,50.9665375483851,0.49452,0,1
179700,330820,5.73880436169676,50.9665358206373,0.516261,0,1
179740,330820,5.73937375254417,50.9665340900907,0.538002,0,1
179780,330820,5.73994314334215,50.9665323567452,0.559689,0,1
179820,330820,5.74051253409061,50.9665306206009,0.570513,1,0
179860,330820,5.74108192478947,50.9665288816577,0.575877,0,0
179900,330820,5.74165131543866,50.9665271399157,0.575856,0,0
179940,330820,5.74222070603809,50.9665253953749,0.575834,0,1
179980,330820,5.74279009658768,50.9665236480352,0.575812,0,1
180020,330820,5.74335948708736,50.9665218978967,0.57579,0,1
180060,330820,5.74392887753705,50.9665201449594,0.575768,0,1
180100,330820,5.74449826793666,50.9665183892232,0.575752,0,1
180140,330820,5.74506765828611,50.9665166306882,0.575752,1,0
180180,330820,5.74563704858533,50.9665148693544,0.575752,1,0
180220,330820,5.74620643883423,50.9665131052217,0.575752,1,0
180260,330820,5.74677582903274,50.9665113382902,0.575752,1,0
180300,330820,5.74734521918077,50.9665095685599,0.575752,1,0
180340,330820,5.74791460927825,50.9665077960308,0.575768,1,0
180380,330820,5.74848399932509,50.9665060207027,0.57579,1,0
178780,330780,5.72570572236848,50.9662153041649,0,0,0
178820,330780,5.72627510989865,50.9662136380087,0.0122243,0,0
178860,330780,5.72684449738122,50.9662119690538,0.0484884,1,0
178900,330780,5.72741388481611,50.9662102972999,0.070355,1,0
178940,330780,5.72798327220325,50.9662086227473,0.0921598,0,0
178980,330780,5.72855265954255,50.9662069453958,0.113941,1,0
179020,330780,5.72912204683393,50.9662052652456,0.135709,0,0
179060,330780,5.72969143407731,50.9662035822965,0.157469,1,0
179100,330780,5.73026082127262,50.9662018965486,0.179216,1,0
179140,330780,5.73083020841977,50.9662002080018,0.190089,0,0
179180,330780,5.73139959551868,50.9661985166563,0.206359,1,0
179220,330780,5.73196898256928,50.966196822512,0.211846,1,0
179260,330780,5.73253836957148,50.9661951255688,0.233593,1,0
179300,330780,5.7331077565252,50.9661934258267,0.249874,1,0
179340,330780,5.73367714343037,50.966191723286,0.271622,0,1
179380,330780,5.7342465302869,50.9661900179463,0.309694,1,0
179420,330780,5.73481591709472,50.9661883098079,0.336861,1,0
179460,330780,5.73538530385373,50.9661865988707,0.380328,1,0
179500,330780,5.73595469056388,50.9661848851346,0.407544,0,1
179540,330780,5.73652407722506,50.9661831685997,0.445569,0,1
179580,330780,5.73709346383722,50.966181449266,0.472773,0,1
179620,330780,5.73766285040025,50.9661797271336,0.49452,0,1
179660,330780,5.73823223691409,50.9661780022022,0.51625,0,1
179700,330780,5.73880162337865,50.9661762744721,0.527097,0,1
179740,330780,5.73937100979387,50.9661745439432,0.532482,0,1
179780,330780,5.73994039615964,50.9661728106155,0.53246,0,1
179820,330780,5.7405097824759,50.9661710744889,0.532438,1,0
179860,330780,5.74107916874256,50.9661693355636,0.532416,0,0
179900,330780,5.74164855495955,50.9661675938394,0.532395,0,0
179940,330780,5.74221794112679,50.9661658493165,0.532373,0,1
179980,330780,5.74278732724419,50.9661641019947,0.532351,0,1
180020,330780,5.74335671331167,50.9661623518741,0.532329,0,1
180060,330780,5.74392609932917,50.9661605989547,0.532307,0,1
180100,330780,5.74449548529658,50.9661588432365,0.532291,0,1
180140,330780,5.74506487121385,50.9661570847196,0.532291,1,0
180180,330780,5.74563425708088,50.9661553234038,0.532291,1,0
180220,330780,5.74620364289759,50.9661535592892,0.532291,1,0
180260,330780,5.74677302866391,50.9661517923758,0.532291,1,0
180300,330780,5.74734241437976,50.9661500226636,0.532291,1,0
180340,330780,5.74791180004506,50.9661482501526,0.532307,1,0
180380,330780,5.74848118565972,50.9661464748428,0.532329,1,0
178740,330740,5.72513370289338,50.9658574209413,0,0,0
178780,330740,5.72570308603891,50.965855757601,0.0122243,0,0
178820,330740,5.72627246913693,50.9658540914619,0.0373395,1,0
178860,330740,5.72684185218735,50.965852422524,0.0593662,1,0
178900,330740,5.72741123519009,50.9658507507873,0.0921516,0,0
178940,330740,5.72798061814508,50.9658490762518,0.113941,1,0
178980,330740,5.72855000105223,50.9658473989175,0.135709,1,0
179020,330740,5.72911938391146,50.9658457187844,0.157469,0,0
179060,330740,5.7296887667227,50.9658440358526,0.179224,1,0
179100,330740,5.73025814948586,50.9658423501219,0.200976,0,0
179140,330740,5.73082753220087,50.9658406615925,0.222718,1,0
179180,330740,5.73139691486765,50.9658389702643,0.23359,1,0
179220,330740,5.7319662974861,50.9658372761373,0.249863,1,0
179260,330740,5.73253568005616,50.9658355792115,0.255343,1,0
179300,330740,5.73310506257775,50.9658338794869,0.277087,1,0
179340,330740,5.73367444505078,50.9658321769635,0.29337,1,0
179380,330740,5.73424382747518,50.9658304716414,0.315116,1,0
179420,330740,5.73481320985086,50.9658287635204,0.353181,1,0
179460,330740,5.73538259217775,50.9658270526007,0.38035,1,0
179500,330740,5.73595197445576,50.9658253388822,0.423815,1,0
179540,330740,5.73652135668482,50.965823622365,0.451028,0,1
179580,330740,5.73709073886484,50.9658219030489,0.489053,0,1
179620,330740,5.73766012099575,50.965820180934,0.499986,0,1
179660,330740,5.73822950307746,50.9658184560203,0.489064,0,1
179700,330740,5.7387988851099,50.9658167283079,0.489042,0,1
179740,330740,5.73936826709299,50.9658149977968,0.48902,0,1
179780,330740,5.73993764902665,50.9658132644868,0.488998,0,1
179820,330740,5.74050703091078,50.965811528378,0.488977,0,1
179860,330740,5.74107641274533,50.9658097894705,0.488955,0,0
179900,330740,5.7416457945302,50.9658080477642,0.488933,0,1
179940,330740,5.74221517626532,50.9658063032591,0.488911,0,1
179980,330740,5.74278455795061,50.9658045559552,0.488889,0,1
180020,330740,5.74335393958598,50.9658028058526,0.488867,1,0
180060,330740,5.74392332117136,50.9658010529511,0.488845,1,0
180100,330740,5.74449270270667,50.9657992972509,0.488829,1,0
180140,330740,5.74506208419182,50.9657975387519,0.488829,1,0
180180,330740,5.74563146562674,50.9657957774542,0.488829,1,0
180220,330740,5.74620084701135,50.9657940133577,0.488829,1,0
180260,330740,5.74677022834557,50.9657922464624,0.488829,1,0
180300,330740,5.74733960962931,50.9657904767683,0.488829,1,0
180340,330740,5.7479089908625,50.9657887042754,0.488845,1,0
180380,330740,5.74847837204506,50.9657869289838,0.488867,1,0
178700,330700,5.7245616922825,50.9654995348859,0,0,0
178740,330700,5.7251310710434,50.9654978743614,0.0122243,0,0
178780,330700,5.72570044975686,50.9654962110381,0.0373395,0,0
178820,330700,5.7262698284228,50.965494544916,0.0593662,0,0
178860,330700,5.72683920704115,50.9654928759952,0.0812247,0,0
178900,330700,5.72740858561182,50.9654912042756,0.103029,1,0
178940,330700,5.72797796413474,50.9654895297573,0.1357,1,0
178980,330700,5.72854734260982,50.9654878524402,0.157469,1,0
179020,330700,5.72911672103699,50.9654861723244,0.179224,1,0
179060,330700,5.72968609941617,50.9654844894098,0.200976,1,0
179100,330700,5.73025547774727,50.9654828036964,0.222726,0,0
179140,330700,5.73082485603021,50.9654811151842,0.244474,1,0
179180,330700,5.73139423426492,50.9654794238733,0.266212,1,0
179220,330700,5.73196361245132,50.9654777297637,0.277084,1,0
179260,330700,5.73253299058932,50.9654760328552,0.293359,1,0
179300,330700,5.73310236867885,50.9654743331481,0.298835,1,0
179340,330700,5.73367174671983,50.9654726306422,0.320577,1,0
179380,330700,5.73424112471217,50.9654709253375,0.336861,1,0
179420,330700,5.7348105026558,50.965469217234,0.358606,1,0
179460,330700,5.73537988055063,50.9654675063318,0.396666,1,0
179500,330700,5.7359492583966,50.9654657926309,0.423837,1,0
179540,330700,5.7365186361936,50.9654640761312,0.4673,0,1
179580,330700,5.73708801394158,50.9654623568327,0.472778,0,1
179620,330700,5.73765739164044,50.9654606347355,0.467311,0,1
179660,330700,5.73822676929011,50.9654589098395,0.461884,0,1
179700,330700,5.73879614689051,50.9654571821448,0.44558,0,1
179740,330700,5.73936552444155,50.9654554516513,0.445558,0,1
179780,330700,5.73993490194317,50.9654537183591,0.445536,0,1
179820,330700,5.74050427939526,50.9654519822681,0.445514,0,1
179860,330700,5.74107365679777,50.9654502433784,0.445492,0,1
179900,330700,5.74164303415061,50.9654485016899,0.44547,0,1
179940,330700,5.74221241145369,50.9654467572027,0.445448,1,0
179980,330700,5.74278178870694,50.9654450099167,0.445426,1,0
180020,330700,5.74335116591028,50.965443259832,0.445404,1,0
180060,330700,5.74392054306362,50.9654415069485,0.445383,1,0
180100,330700,5.7444899201669,50.9654397512663,0.445366,1,0
180140,330700,5.74505929722003,50.9654379927854,0.445366,1,0
180180,330700,5.74562867422292,50.9654362315056,0.445366,1,0
180220,330700,5.7461980511755,50.9654344674272,0.445366,1,0
180260,330700,5.74676742807769,50.96543270055,0.445366,1,0
180300,330700,5.74733680492941,50.965430930874,0.445366,1,0
180340,330700,5.74790618173058,50.9654291583993,0.445383,1,0
180380,330700,5.74847555848112,50.9654273831259,0.445404,1,0
180420,330700,5.74904493518094,50.9654256050537,0.434623,1,0
178700,330660,5.72455906491195,50.96513998829,0.00135803,0,0
178740,330660,5.72512843924085,50.9651383277825,0.0316663,0,0
178780,330660,5.72569781352232,50.9651366644762,0.0593636,0,0
178820,330660,5.72626718775627,50.9651349983712,0.0812247,1,0
178860,330660,5.72683656194262,50.9651333294675,0.103029,1,0
178900,330660,5.72740593608131,50.9651316577651,0.12481,1,0
178940,330660,5.72797531017224,50.9651299832639,0.146578,1,0
178980,330660,5.72854468421533,50.965128305964,0.179216,1,0
179020,330660,5.72911405821051,50.9651266258653,0.200976,0,0
179060,330660,5.7296834321577,50.965124942968,0.222726,0,0
179100,330660,5.73025280605682,50.9651232572718,0.244474,0,0
179140,330660,5.73082217990778,50.965121568777,0.26622,1,0
179180,330660,5.73139155371052,50.9651198774834,0.287966,0,1
179220,330660,5.73196092746493,50.9651181833911,0.309702,0,1
179260,330660,5.73253030117096,50.9651164865001,0.320574,1,0
179300,330660,5.73309967482851,50.9651147868103,0.336851,1,0
179340,330660,5.73366904843751,50.9651130843218,0.342324,1,0
179380,330660,5.73423842199788,50.9651113790346,0.364064,1,0
179420,330660,5.73480779550953,50.9651096709487,0.38035,1,0
179460,330660,5.73537716897239,50.965107960064,0.402094,1,0
179500,330660,5.73594654238638,50.9651062463806,0.44015,1,0
179540,330660,5.73651591575142,50.9651045298985,0.461903,0,1
179580,330660,5.73708528906743,50.9651028106176,0.451034,0,1
179620,330660,5.73765466233433,50.965101088538,0.429295,0,1
179660,330660,5.73822403555203,50.9650993636597,0.423826,0,1
179700,330660,5.73879340872046,50.9650976359827,0.4184,0,1
179740,330660,5.73936278183954,50.9650959055069,0.402094,0,1
179780,330660,5.73993215490919,50.9650941722325,0.402072,0,1
179820,330660,5.74050152792933,50.9650924361593,0.40205,0,1
179860,330660,5.74107090089988,50.9650906972874,0.402028,0,1
179900,330660,5.74164027382076,50.9650889556167,0.402006,1,0
179940,330660,5.74220964669188,50.9650872111474,0.401984,1,0
179980,330660,5.74277901951318,50.9650854638793,0.401962,1,0
180020,330660,5.74334839228457,50.9650837138125,0.40194,1,0
180060,330660,5.74391776500596,50.965081960947,0.401919,1,0
180100,330660,5.74448713767729,50.9650802052828,0.401902,1,0
180140,330660,5.74505651029846,50.9650784468198,0.401902,1,0
180180,330660,5.74562588286941,50.9650766855581,0.401902,1,0
180220,330660,5.74619525539004,50.9650749214978,0.401902,1,0
180260,330660,5.74676462786028,50.9650731546386,0.401902,1,0
180300,330660,5.74733400028006,50.9650713849808,0.401902,1,0
180340,330660,5.74790337264929,50.9650696125243,0.401919,1,0
180380,330660,5.74847274496788,50.965067837269,0.40194,1,0
180420,330660,5.74904211723577,50.965066059215,0.401957,1,0
178660,330620,5.72398706764442,50.964782099387,0,0,0
178700,330620,5.72455643758876,50.9647804416951,0.0122243,0,0
178740,330620,5.72512580748574,50.9647787812047,0.0484884,1,0
178780,330620,5.72569517733529,50.9647771179155,0.0756869,1,0
178820,330620,5.72626454713733,50.9647754518275,0.103027,1,0
178860,330620,5.72683391689177,50.9647737829409,0.12481,1,0
178900,330620,5.72740328659855,50.9647721112556,0.146578,1,0
178940,330620,5.72797265625757,50.9647704367716,0.168339,1,0
178980,330620,5.72854202586876,50.9647687594888,0.190094,1,0
179020,330620,5.72911139543203,50.9647670794074,0.222718,0,0
179060,330620,5.72968076494732,50.9647653965272,0.244474,1,0
179100,330620,5.73025013441453,50.9647637108484,0.26622,1,0
179140,330620,5.73081950383359,50.9647620223708,0.287966,1,0
179180,330620,5.73138887320442,50.9647603310946,0.30971,0,1
179220,330620,5.73195824252693,50.9647586370196,0.331454,0,1
179260,330620,5.73252761180106,50.964756940146,0.353189,1,0
179300,330620,5.73309698102672,50.9647552404736,0.364062,1,0
179340,330620,5.73366635020382,50.9647535380026,0.380339,1,0
179380,330620,5.7342357193323,50.9647518327328,0.38581,1,0
179420,330620,5.73480508841205,50.9647501246644,0.40755,1,0
179460,330620,5.73537445744303,50.9647484137972,0.423837,1,0
179500,330620,5.73594382642512,50.9647467001314,0.44558,1,0
179540,330620,5.73651319535828,50.9647449836668,0.440167,1,0
179580,330620,5.7370825642424,50.9647432644036,0.423837,1,0
179620,330620,5.7376519330774,50.9647415423416,0.40755,0,1
179660,330620,5.73822130186322,50.964739817481,0.38581,0,1
179700,330620,5.73879067059977,50.9647380898217,0.380339,0,1
179740,330620,5.73936003928697,50.9647363593636,0.374916,0,1
179780,330620,5.73992940792473,50.9647346261069,0.358606,0,1
179820,330620,5.74049877651299,50.9647328900515,0.358584,0,1
179860,330620,5.74106814505166,50.9647311511975,0.358562,0,1
179900,330620,5.74163751354066,50.9647294095446,0.35854,1,0
179940,330620,5.74220688197991,50.9647276650931,0.358519,1,0
179980,330620,5.74277625036933,50.9647259178429,0.358497,1,0
180020,330620,5.74334561870885,50.9647241677941,0.358475,1,0
180060,330620,5.74391498699837,50.9647224149465,0.358453,1,0
180100,330620,5.74448435523782,50.9647206593003,0.358436,1,0
180140,330620,5.74505372342713,50.9647189008553,0.358436,1,0
180180,330620,5.7456230915662,50.9647171396117,0.358436,1,0
180220,330620,5.74619245965497,50.9647153755694,0.358436,1,0
180260,330620,5.74676182769335,50.9647136087283,0.358436,1,0
180300,330620,5.74733119568126,50.9647118390887,0.358436,1,0
180340,330620,5.74790056361862,50.9647100666503,0.358453,1,0
180380,330620,5.74846993150536,50.9647082914132,0.358475,1,0
180420,330620,5.74903929934139,50.9647065133775,0.354883,1,0
178620,330580,5.72341507924064,50.9644242076523,0,0,0
178660,330580,5.72398444480041,50.9644225527762,0.0122243,0,0
178700,330580,5.72455381031291,50.9644208951014,0.0373395,0,0
178740,330580,5.72512317577806,50.9644192346279,0.0593662,1,0
178780,330580,5.72569254119577,50.9644175713557,0.0921516,1,0
178820,330580,5.72626190656598,50.9644159052849,0.119308,1,0
178860,330580,5.7268312718886,50.9644142364154,0.146576,1,0
178900,330580,5.72740063716354,50.9644125647472,0.168339,1,0
178940,330580,5.72797000239073,50.9644108902803,0.190094,1,0
178980,330580,5.72853936757009,50.9644092130147,0.211846,1,0
179020,330580,5.72910873270154,50.9644075329505,0.233596,0,0
179060,330580,5.729678097785,50.9644058500876,0.266212,0,0
179100,330580,5.73024746282039,50.964404164426,0.287966,0,0
179140,330580,5.73081682780763,50.9644024759657,0.30971,1,0
179180,330580,5.73138619274664,50.9644007847068,0.331454,0,1
179220,330580,5.73195555763733,50.9643990906492,0.353197,0,1
179260,330580,5.73252492247964,50.9643973937929,0.37494,1,0
179300,330580,5.73309428727348,50.964395694138,0.396675,1,0
179340,330580,5.73366365201876,50.9643939916844,0.407547,1,0
179380,330580,5.73423301671542,50.9643922864321,0.423826,1,0
179420,330580,5.73480238136337,50.9643905783811,0.429295,1,0
179460,330580,5.73537174596253,50.9643888675315,0.451031,1,0
179500,330580,5.73594111051282,50.9643871538832,0.440167,1,0
179540,330580,5.73651047501416,50.9643854374362,0.418425,1,0
179580,330580,5.73707983946647,50.9643837181906,0.396683,1,0
179620,330580,5.73764920386967,50.9643819961463,0.38035,0,1
179660,330580,5.73821856822368,50.9643802713033,0.364064,0,1
179700,330580,5.73878793252843,50.9643785436617,0.342324,0,1
179740,330580,5.73935729678382,50.9643768132214,0.336851,0,1
179780,330580,5.73992666098979,50.9643750799825,0.331429,0,1
179820,330580,5.74049602514625,50.9643733439448,0.315116,0,1
179860,330580,5.74106538925312,50.9643716051085,0.315094,1,0
179900,330580,5.74163475331032,50.9643698634736,0.315072,1,0
179940,330580,5.74220411731777,50.9643681190399,0.31505,1,0
179980,330580,5.7427734812754,50.9643663718077,0.315028,1,0
180020,330580,5.74334284518311,50.9643646217767,0.315007,1,0
180060,330580,5.74391220904084,50.9643628689471,0.314985,1,0
180100,330580,5.74448157284851,50.9643611133188,0.314968,1,0
180140,330580,5.74505093660602,50.9643593548919,0.314968,1,0
180180,330580,5.74562030031331,50.9643575936663,0.314968,1,0
180220,330580,5.74618966397029,50.9643558296421,0.314968,1,0
180260,330580,5.74675902757688,50.9643540628191,0.314968,1,0
180300,330580,5.74732839113301,50.9643522931976,0.314968,1,0
180340,330580,5.74789775463859,50.9643505207773,0.314985,1,0
180380,330580,5.74846711809354,50.9643487455584,0.315007,1,0
180420,330580,5.74903648149779,50.9643469675409,0.315028,1,0
178580,330540,5.72284309970045,50.9640663130863,0,0,0
178620,330540,5.72341246087566,50.9640646610257,0.0122243,0,0
178660,330540,5.72398182200367,50.9640630061665,0.0373395,1,0
178700,330540,5.72455118308442,50.9640613485087,0.0593662,1,0
178740,330540,5.72512054411781,50.9640596880522,0.0812247,1,0
178780,330540,5.72568990510377,50.9640580247971,0.103029,1,0
178820,330540,5.72625926604223,50.9640563587433,0.1357,1,0
178860,330540,5.72682862693309,50.9640546898909,0.162853,1,0
178900,330540,5.72739798777628,50.9640530182398,0.190091,1,0
178940,330540,5.72796734857172,50.9640513437901,0.211846,1,0
178980,330540,5.72853670931934,50.9640496665417,0.233596,1,0
179020,330540,5.72910607001904,50.9640479864946,0.255343,0,1
179060,330540,5.72967543067075,50.964046303649,0.27709,0,0
179100,330540,5.7302447912744,50.9640446180046,0.309702,0,1
179140,330540,5.7308141518299,50.9640429295617,0.331454,0,1
179180,330540,5.73138351233716,50.9640412383201,0.353197,0,1
179220,330540,5.73195287279612,50.9640395442798,0.37494,0,1
179260,330540,5.73252223320669,50.964037847441,0.396683,0,1
179300,330540,5.73309159356879,50.9640361478034,0.418425,1,0
179340,330540,5.73366095388234,50.9640344453673,0.440159,1,0
179380,330540,5.73423031414726,50.9640327401324,0.451031,1,0
179420,330540,5.73479967436348,50.964031032099,0.456516,1,0
179460,330540,5.7353690345309,50.9640293212668,0.440167,1,0
179500,330540,5.73593839464946,50.9640276076361,0.418425,1,0
179540,330540,5.73650775471907,50.9640258912067,0.396683,1,0
179580,330540,5.73707711473965,50.9640241719787,0.37494,1,0
179620,330540,5.73764647471112,50.964022449952,0.353197,1,0
179660,330540,5.73821583463341,50.9640207251267,0.336861,1,0
179700,330540,5.73878519450643,50.9640189975028,0.320577,1,0
179740,330540,5.7393545543301,50.9640172670802,0.298835,1,0
179780,330540,5.73992391410435,50.964015533859,0.293359,1,0
179820,330540,5.74049327382908,50.9640137978392,0.287941,1,0
179860,330540,5.74106263350424,50.9640120590207,0.271622,1,0
179900,330540,5.74163199312972,50.9640103174036,0.2716,1,0
179940,330540,5.74220135270546,50.9640085729878,0.271579,1,0
179980,330540,5.74277071223137,50.9640068257734,0.271557,1,0
180020,330540,5.74334007170737,50.9640050757604,0.271535,1,0
180060,330540,5.74390943113339,50.9640033229487,0.271513,1,0
180100,330540,5.74447879050934,50.9640015673384,0.271496,1,0
180140,330540,5.74504814983514,50.9639998089295,0.271496,1,0
180180,330540,5.74561750911072,50.963998047722,0.271496,1,0
180220,330540,5.746186868336,50.9639962837158,0.271496,1,0
180260,330540,5.74675622751088,50.963994516911,0.271496,1,0
180300,330540,5.7473255866353,50.9639927473076,0.271496,1,0
180340,330540,5.74789494570918,50.9639909749055,0.271513,1,0
180380,330540,5.74846430473243,50.9639891997048,0.271535,1,0
180420,330540,5.74903366370498,50.9639874217054,0.271557,1,0
180460,330540,5.74960302262674,50.9639856409075,0.271573,1,0
178540,330500,5.72227112902371,50.9637084156888,0,0,0
178580,330500,5.72284048581435,50.9637067664438,0.0054321,0,0
178620,330500,5.72340984255787,50.9637051144002,0.0373369,0,0
178660,330500,5.72397919925421,50.963703459558,0.0593662,1,0
178700,330500,5.72454855590327,50.9637018019171,0.0812247,1,0
178740,330500,5.72511791250499,50.9637001414776,0.103029,1,0
178780,330500,5.72568726905928,50.9636984782395,0.12481,1,0
178820,330500,5.72625662556606,50.9636968122028,0.146578,1,0
178860,330500,5.72682598202525,50.9636951433674,0.179216,1,0
178900,330500,5.72739533843678,50.9636934717335,0.20637,1,0
178940,330500,5.72796469480055,50.9636917973009,0.233593,0,1
178980,330500,5.72853405111649,50.9636901200697,0.255343,0,1
179020,330500,5.72910340738453,50.9636884400399,0.27709,0,0
179060,330500,5.72967276360458,50.9636867572115,0.298835,0,0
179100,330500,5.73024211977656,50.9636850715844,0.32058,0,1
179140,330500,5.73081147590039,50.9636833831588,0.353189,0,1
179180,330500,5.731380831976,50.9636816919345,0.37494,0,1
179220,330500,5.73195018800329,50.9636799979116,0.396683,0,1
179260,330500,5.7325195439822,50.9636783010901,0.418425,0,1
179300,330500,5.73308889991265,50.9636766014699,0.440167,1,0
179340,330500,5.73365825579454,50.9636748990512,0.461908,1,0
179380,330500,5.73422761162781,50.9636731938338,0.461906,1,0
179420,330500,5.73479696741237,50.9636714858179,0.440167,1,0
179460,330500,5.73536632314814,50.9636697750033,0.418425,1,0
179500,330500,5.73593567883505,50.9636680613901,0.396683,1,0
179540,330500,5.73650503447301,50.9636663449783,0.37494,1,0
179580,330500,5.73707439006194,50.9636646257679,0.353197,1,0
179620,330500,5.73764374560177,50.9636629037588,0.331454,1,0
179660,330500,5.73821310109241,50.9636611789512,0.30971,1,0
179700,330500,5.73878245653379,50.9636594513449,0.29337,1,0
179740,330500,5.73935181192581,50.9636577209401,0.277087,1,0
179780,330500,5.73992116726841,50.9636559877367,0.255343,1,0
179820,330500,5.74049052256151,50.9636542517346,0.249863,1,0
179860,330500,5.74105987780502,50.9636525129339,0.244449,1,0
179900,330500,5.74162923299887,50.9636507713346,0.228123,1,0
179940,330500,5.74219858814297,50.9636490269368,0.228101,1,0
179980,330500,5.74276794323724,50.9636472797402,0.228079,1,0
180020,330500,5.74333729828161,50.9636455297452,0.228057,1,0
180060,330500,5.743906653276,50.9636437769515,0.228035,1,0
180100,330500,5.74447600822031,50.9636420213591,0.228019,1,0
180140,330500,5.74504536311449,50.9636402629682,0.228019,1,0
180180,330500,5.74561471795844,50.9636385017787,0.228019,1,0
180220,330500,5.74618407275209,50.9636367377906,0.228019,1,0
180260,330500,5.74675342749535,50.9636349710039,0.228019,1,0
180300,330500,5.74732278218815,50.9636332014186,0.228019,1,0
180340,330500,5.7478921368304,50.9636314290346,0.228035,1,0
180380,330500,5.74846149142202,50.9636296538521,0.228057,1,0
180420,330500,5.74903084596295,50.963627875871,0.228079,1,0
180460,330500,5.74960020045309,50.9636260950913,0.228101,1,0
178540,330460,5.72226851961631,50.9633488690306,0.00135803,0,0
178580,330460,5.72283787197535,50.9633472198024,0.0264697,0,0
178620,330460,5.72340722428727,50.9633455677757,0.0537889,1,0
178660,330460,5.72397657655201,50.9633439129505,0.081222,1,0
178700,330460,5.72454592876948,50.9633422553266,0.103029,1,0
178740,330460,5.7251152809396,50.9633405949041,0.12481,1,0
178780,330460,5.7256846330623,50.963338931683,0.146578,1,0
178820,330460,5.72625398513748,50.9633372656634,0.168339,1,0
178860,330460,5.72682333716508,50.9633355968451,0.190094,0,1
178900,330460,5.72739268914501,50.9633339252283,0.222718,0,1
178940,330460,5.7279620410772,50.9633322508129,0.249874,0,1
178980,330460,5.72853139296156,50.9633305735988,0.277087,0,1
179020,330460,5.72910074479801,50.9633288935862,0.298835,0,1
179060,330460,5.72967009658647,50.963327210775,0.32058,0,1
179100,330460,5.73023944832687,50.9633255251653,0.342324,1,0
179140,330460,5.73080880001912,50.9633238367569,0.364067,1,0
179180,330460,5.73137815166314,50.9633221455499,0.396675,0,1
179220,330460,5.73194750325886,50.9633204515444,0.418425,0,1
179260,330460,5.73251685480619,50.9633187547403,0.440167,0,1
179300,330460,5.73308620630505,50.9633170551375,0.461908,0,1
179340,330460,5.73365555775537,50.9633153527362,0.472773,0,1
179380,330460,5.73422490915706,50.9633136475363,0.44558,1,0
179420,330460,5.73479426051005,50.9633119395379,0.418425,1,0
179460,330460,5.73536361181425,50.9633102287408,0.396683,1,0
179500,330460,5.73593296306959,50.9633085151452,0.37494,1,0
179540,330460,5.73650231427597,50.963306798751,0.353197,1,0
179580,330460,5.73707166543334,50.9633050795581,0.331454,1,0
179620,330460,5.7376410165416,50.9633033575668,0.30971,1,0
179660,330460,5.73821036760067,50.9633016327768,0.287966,1,0
179700,330460,5.73877971861048,50.9632999051882,0.26622,1,0
179740,330460,5.73934906957095,50.9632981748011,0.249874,1,0
179780,330460,5.73991842048199,50.9632964416154,0.233593,1,0
179820,330460,5.74048777134352,50.9632947056311,0.211846,1,0
179860,330460,5.74105712215548,50.9632929668482,0.206359,1,0
179900,330460,5.74162647291776,50.9632912252668,0.200952,1,0
179940,330460,5.74219582363031,50.9632894808868,0.184614,1,0
179980,330460,5.74276517429303,50.9632877337082,0.184592,1,0
180020,330460,5.74333452490584,50.963285983731,0.18457,1,0
180060,330460,5.74390387546867,50.9632842309552,0.184548,1,0
180100,330460,5.74447322598144,50.963282475381,0.184532,1,0
180140,330460,5.74504257644407,50.963280717008,0.184532,1,0
180180,330460,5.74561192685647,50.9632789558366,0.184532,1,0
180220,330460,5.74618127721856,50.9632771918665,0.184532,1,0
180260,330460,5.74675062753028,50.9632754250979,0.184532,1,0
180300,330460,5.74731997779153,50.9632736555307,0.184532,1,0
180340,330460,5.74788932800224,50.9632718831649,0.184548,0,0
180380,330460,5.74845867816232,50.9632701080006,0.18457,1,0
180420,330460,5.74902802827171,50.9632683300377,0.184592,1,0
180460,330460,5.74959737833031,50.9632665492762,0.184614,1,0
180500,330460,5.75016672833805,50.9632647657161,0.195638,1,0
178500,330420,5.7216965622814,50.962990968786,0,0,0
178540,330420,5.72226591025594,50.9629893223734,0.0122243,0,0
178580,330420,5.72283525818346,50.9629876731622,0.0484884,0,0
178620,330420,5.72340460606386,50.9629860211524,0.070355,1,0
178660,330420,5.72397395389708,50.962984366344,0.0975136,1,0
178700,330420,5.72454330168304,50.9629827087372,0.124808,1,0
178740,330420,5.72511264942164,50.9629810483317,0.146578,1,0
178780,330420,5.72568199711282,50.9629793851276,0.168339,1,0
178820,330420,5.72625134475649,50.962977719125,0.190094,1,0
178860,330420,5.72682069235258,50.9629760503239,0.211846,0,1
178900,330420,5.727390039901,50.9629743787242,0.233596,0,1
178940,330420,5.72795938740168,50.9629727043259,0.266212,0,1
178980,330420,5.72852873485453,50.9629710271291,0.29337,0,1
179020,330420,5.72909808225947,50.9629693471337,0.320577,1,0
179060,330420,5.72966742961643,50.9629676643397,0.342324,1,0
179100,330420,5.73023677692532,50.9629659787472,0.364067,0,1
179140,330420,5.73080612418607,50.9629642903561,0.38581,0,1
179180,330420,5.73137547139859,50.9629625991665,0.407552,1,0
179220,330420,5.7319448185628,50.9629609051783,0.440159,0,1
179260,330420,5.73251416567864,50.9629592083915,0.461908,0,1
179300,330420,5.733083512746,50.9629575088062,0.478255,0,1
179340,330420,5.73365285976483,50.9629558064223,0.451037,0,1
179380,330420,5.73422220673502,50.9629541012399,0.429292,1,0
179420,330420,5.73479155365652,50.962952393259,0.402094,1,0
179460,330420,5.73536090052922,50.9629506824794,0.37494,1,0
179500,330420,5.73593024735307,50.9629489689013,0.353197,1,0
179540,330420,5.73649959412797,50.9629472525247,0.331454,1,0
179580,330420,5.73706894085384,50.9629455333495,0.30971,1,0
179620,330420,5.73763828753061,50.9629438113757,0.287966,1,0
179660,330420,5.7382076341582,50.9629420866034,0.26622,1,0
179700,330420,5.73877698073653,50.9629403590326,0.244474,1,0
179740,330420,5.73934632726551,50.9629386286632,0.222726,1,0
179780,330420,5.73991567374507,50.9629368954952,0.20637,1,0
179820,330420,5.74048502017512,50.9629351595287,0.190091,1,0
179860,330420,5.74105436655559,50.9629334207636,0.168339,1,0
179900,330420,5.7416237128864,50.9629316792,0.162842,1,0
179940,330420,5.74219305916747,50.9629299348379,0.157444,1,0
179980,330420,5.74276240539871,50.9629281876772,0.141086,1,0
180020,330420,5.74333175158005,50.962926437718,0.141064,1,0
180060,330420,5.74390109771141,50.9629246849601,0.141042,1,0
180100,330420,5.74447044379271,50.9629229294038,0.141025,1,0
180140,330420,5.74503978982386,50.9629211710489,0.141025,1,0
180180,330420,5.74560913580479,50.9629194098955,0.141025,1,0
180220,330420,5.74617848173542,50.9629176459435,0.141025,1,0
180260,330420,5.74674782761567,50.962915879193,0.141025,1,0
180300,330420,5.74731717344546,50.9629141096439,0.141025,0,0
180340,330420,5.7478865192247,50.9629123372963,0.141042,0,0
180380,330420,5.74845586495333,50.9629105621501,0.141064,0,0
180420,330420,5.74902521063125,50.9629087842054,0.141086,1,0
180460,330420,5.74959455625839,50.9629070034622,0.157453,1,0
180500,330420,5.75016390183467,50.9629052199204,0.162853,1,0
180540,330420,5.75073324736001,50.9629034335801,0.173871,1,0
178500,330380,5.7216939573995,50.9626314221131,0.00241427,0,0
178540,330380,5.7222633009426,50.9626297757174,0.0316606,0,0
178580,330380,5.72283264443867,50.962628126523,0.059361,1,0
178620,330380,5.72340198788764,50.9626264745302,0.0921516,1,0
178660,330380,5.72397133128942,50.9626248197388,0.113941,1,0
178700,330380,5.72454067464394,50.9626231621488,0.141086,1,0
178740,330380,5.72511001795111,50.9626215017604,0.168336,1,0
178780,330380,5.72567936121085,50.9626198385734,0.190094,1,0
178820,330380,5.72624870442309,50.9626181725879,0.211846,0,1
178860,330380,5.72681804758775,50.9626165038038,0.233596,0,1
178900,330380,5.72738739070474,50.9626148322212,0.255343,0,1
178940,330380,5.72795673377398,50.9626131578401,0.27709,0,1
178980,330380,5.7285260767954,50.9626114806604,0.309702,1,0
179020,330380,5.72909541976892,50.9626098006822,0.336861,1,0
179060,330380,5.72966476269445,50.9626081179055,0.364064,0,1
179100,330380,5.73023410557192,50.9626064323302,0.38581,0,1
179140,330380,5.73080344840124,50.9626047439564,0.407552,0,1
179180,330380,5.73137279118234,50.9626030527841,0.429295,1,0
179220,330380,5.73194213391514,50.9626013588133,0.451037,1,0
179260,330380,5.73251147659955,50.9625996620439,0.478255,0,1
179300,330380,5.7330808192355,50.962597962476,0.461908,0,1
179340,330380,5.7336501618229,50.9625962601096,0.440159,0,1
179380,330380,5.73421950436169,50.9625945549446,0.407552,0,1
179420,330380,5.73478884685177,50.9625928469811,0.385807,0,1
179460,330380,5.73535818929306,50.9625911362191,0.358606,0,1
179500,330380,5.73592753168549,50.9625894226586,0.331454,1,0
179540,330380,5.73649687402898,50.9625877062995,0.30971,1,0
179580,330380,5.73706621632345,50.9625859871419,0.287966,1,0
179620,330380,5.73763555856881,50.9625842651858,0.26622,1,0
179660,330380,5.738204900765,50.9625825404312,0.244474,1,0
179700,330380,5.73877424291191,50.962580812878,0.222726,1,0
179740,330380,5.73934358500949,50.9625790825263,0.200976,1,0
179780,330380,5.73991292705765,50.9625773493761,0.179224,1,0
179820,330380,5.7404822690563,50.9625756134274,0.162853,1,0
179860,330380,5.74105161100537,50.9625738746802,0.146576,1,0
179900,330380,5.74162095290478,50.9625721331344,0.12481,1,0
179940,330380,5.74219029475445,50.9625703887901,0.119297,1,0
179980,330380,5.7427596365543,50.9625686416473,0.113916,1,0
180020,330380,5.74332897830425,50.962566891706,0.0975136,1,0
180060,330380,5.74389832000421,50.9625651389661,0.0974916,1,0
180100,330380,5.74446766165412,50.9625633834278,0.0974751,1,0
180140,330380,5.74503700325388,50.9625616250909,0.0974751,1,0
180180,330380,5.74560634480342,50.9625598639555,0.0974751,1,0
180220,330380,5.74617568630266,50.9625581000216,0.0974751,1,0
180260,330380,5.74674502775153,50.9625563332891,0.0974751,0,0
180300,330380,5.74731436914993,50.9625545637582,0.0974751,0,0
180340,330380,5.74788371049779,50.9625527914287,0.0974916,1,0
180380,330380,5.74845305179503,50.9625510163008,0.0975136,0,0
180420,330380,5.74902239304157,50.9625492383743,0.113924,1,0
180460,330380,5.74959173423733,50.9625474576493,0.119308,1,0
180500,330380,5.75016107538224,50.9625456741257,0.135684,1,0
180540,330380,5.7507304164762,50.9625438878037,0.141075,1,0
180580,330380,5.75129975751914,50.9625420986832,0.130436,1,0
178500,330340,5.72169135256454,50.9622718754413,0,0,0
178540,330340,5.72226069167628,50.9622702290624,0.0316606,0,0
178580,330340,5.722830030741,50.962268579885,0.0756594,1,0
178620,330340,5.7233993697586,50.9622669279091,0.103019,1,0
178660,330340,5.72396870872902,50.9622652731346,0.1357,1,0
178700,330340,5.72453804765218,50.9622636155617,0.157469,1,0
178740,330340,5.725107386528,50.9622619551902,0.184614,1,0
178780,330340,5.72567672535639,50.9622602920203,0.211843,1,0
178820,330340,5.72624606413727,50.9622586260517,0.233596,0,1
178860,330340,5.72681540287058,50.9622569572848,0.255343,0,1
178900,330340,5.72738474155622,50.9622552857193,0.27709,0,1
178940,330340,5.72795408019411,50.9622536113553,0.298835,0,1
178980,330340,5.72852341878419,50.9622519341929,0.32058,0,1
179020,330340,5.72909275732636,50.9622502542318,0.353189,0,1
179060,330340,5.72966209582054,50.9622485714724,0.38035,0,1
179100,330340,5.73023143426666,50.9622468859144,0.40755,0,1
179140,330340,5.73080077266465,50.9622451975579,0.429295,0,1
179180,330340,5.7313701110144,50.9622435064029,0.451037,1,0
179220,330340,5.73193944931586,50.9622418124494,0.472778,1,0
179260,330340,5.73250878756893,50.9622401156974,0.472776,0,1
179300,330340,5.73307812577354,50.9622384161469,0.44558,0,1
179340,330340,5.73364746392961,50.9622367137979,0.418425,0,1
179380,330340,5.73421680203705,50.9622350086505,0.396675,0,1
179420,330340,5.7347861400958,50.9622333007044,0.364067,0,1
179460,330340,5.73535547810576,50.96223158996,0.342321,0,1
179500,330340,5.73592481606686,50.9622298764169,0.315116,0,1
179540,330340,5.73649415397902,50.9622281600755,0.287966,1,0
179580,330340,5.73706349184216,50.9622264409355,0.26622,1,0
179620,330340,5.7376328296562,50.962224718997,0.244474,1,0
179660,330340,5.73820216742105,50.96222299426,0.222726,1,0
179700,330340,5.73877150513664,50.9622212667246,0.200976,1,0
179740,330340,5.7393408428029,50.9622195363906,0.179224,1,0
179780,330340,5.73991018041973,50.9622178032582,0.157469,1,0
179820,330340,5.74047951798706,50.9622160673272,0.135709,1,0
179860,330340,5.74104885550481,50.9622143285978,0.119308,1,0
179900,330340,5.74161819297291,50.9622125870698,0.103027,1,0
179940,330340,5.74218753039126,50.9622108427434,0.0812247,1,0
179980,330340,5.74275686775979,50.9622090956185,0.0756759,1,0
180020,330340,5.74332620507842,50.9622073456951,0.0703333,1,0
180060,330340,5.74389554234707,50.9622055929732,0.0537889,1,0
180100,330340,5.74446487956567,50.9622038374528,0.0537723,1,0
180140,330340,5.74503421673412,50.962202079134,0.0537723,1,0
180180,330340,5.74560355385235,50.9622003180166,0.0537723,0,0
180220,330340,5.74617289092028,50.9621985541007,0.0537723,0,0
180260,330340,5.74674222793784,50.9621967873864,0.0537723,0,0
180300,330340,5.74731156490494,50.9621950178736,0.0537723,0,0
180340,330340,5.7478809018215,50.9621932455623,0.0537889,1,0
180380,330340,5.74845023868743,50.9621914704525,0.0703387,0,0
180420,330340,5.74901957550267,50.9621896925442,0.0756869,0,0
180460,330340,5.74958891226713,50.9621879118374,0.0921353,1,0
180500,330340,5.75015824898074,50.9621861283322,0.0975026,1,0
180540,330340,5.7507275856434,50.9621843420284,0.103024,1,0
180580,330340,5.75129692225505,50.9621825529262,0.119297,1,0
180620,330340,5.7518662588156,50.9621807610256,0.108697,1,0
178500,330300,5.72168874777654,50.9619123287706,0.00135803,1,0
178540,330300,5.72225808245699,50.9619106824086,0.0316663,1,0
178580,330300,5.72282741709042,50.961909033248,0.0756649,1,0
178620,330300,5.72339675167675,50.961907381289,0.119264,1,0
178660,330300,5.72396608621589,50.9619057265315,0.146565,1,0
178700,330300,5.72453542070777,50.9619040689756,0.179216,1,0
178740,330300,5.72510475515231,50.9619024086211,0.200976,1,0
178780,330300,5.72567408954943,50.9619007454682,0.228123,1,0
178820,330300,5.72624342389904,50.9618990795168,0.255341,0,1
178860,330300,5.72681275820107,50.9618974107669,0.27709,0,1
178900,330300,5.72738209245544,50.9618957392185,0.298835,0,1
178940,330300,5.72795142666207,50.9618940648717,0.32058,0,1
178980,330300,5.72852076082087,50.9618923877264,0.342324,0,1
179020,330300,5.72909009493177,50.9618907077826,0.364067,0,1
179060,330300,5.72965942899469,50.9618890250404,0.396675,0,1
179100,330300,5.73022876300955,50.9618873394996,0.423837,0,1
179140,330300,5.73079809697627,50.9618856511605,0.451034,0,1
179180,330300,5.73136743089476,50.9618839600228,0.472778,1,0
179220,330300,5.73193676476496,50.9618822660866,0.472778,1,0
179260,330300,5.73250609858677,50.961880569352,0.451037,1,0
179300,330300,5.73307543236012,50.9618788698189,0.429292,0,1
179340,330300,5.73364476608493,50.9618771674874,0.402094,0,1
179380,330300,5.73421409976112,50.9618754623573,0.37494,0,1
179420,330300,5.73478343338861,50.9618737544288,0.353189,0,1
179460,330300,5.73535276696732,50.9618720437019,0.32058,0,1
179500,330300,5.73592210049717,50.9618703301764,0.298832,1,0
179540,330300,5.73649143397808,50.9618686138525,0.271622,1,0
179580,330300,5.73706076740997,50.9618668947301,0.244474,1,0
179620,330300,5.73763010079276,50.9618651728093,0.222726,1,0
179660,330300,5.73819943412637,50.96186344809,0.200976,1,0
179700,330300,5.73876876741071,50.9618617205723,0.179224,1,0
179740,330300,5.73933810064572,50.961859990256,0.157469,1,0
179780,330300,5.73990743383131,50.9618582571413,0.135709,1,0
179820,330300,5.7404767669674,50.9618565212281,0.113941,1,0
179860,330300,5.74104610005392,50.9618547825165,0.0921598,1,0
179900,330300,5.74161543309077,50.9618530410064,0.0756869,1,0
179940,330300,5.74218476607788,50.9618512966978,0.0593636,1,0
179980,330300,5.74275409901518,50.9618495495908,0.0373395,1,0
180020,330300,5.74332343190258,50.9618477996854,0.0316606,1,0
180060,330300,5.74389276474,50.9618460469814,0.0264645,1,0
180100,330300,5.74446209752735,50.961844291479,0.0054321,1,0
180140,330300,5.74503143026458,50.9618425331782,0.0054321,1,0
180180,330300,5.74560076295158,50.9618407720788,0.0054321,1,0
180220,330300,5.74617009558829,50.961839008181,0.0054321,1,0
180260,330300,5.74673942817461,50.9618372414848,0.0054321,1,0
180300,330300,5.74730876071049,50.9618354719901,0.0054321,1,0
180340,330300,5.74787809319582,50.9618336996969,0.0264645,1,0
180380,330300,5.74844742563053,50.9618319246053,0.0316663,0,0
180420,330300,5.74901675801455,50.9618301467152,0.0484831,1,0
180460,330300,5.74958609034779,50.9618283660267,0.0537778,1,0
180500,330300,5.75015542263018,50.9618265825397,0.059361,1,0
180540,330300,5.75072475486163,50.9618247962543,0.0756759,0,1
180580,330300,5.75129408704206,50.9618230071704,0.081222,0,1
180620,330300,5.75186341917139,50.9618212152881,0.0975136,0,1
180660,330300,5.75243275124955,50.9618194206073,0.108675,0,1
178500,330260,5.72168614303547,50.9615527821011,0.0054321,1,0
178540,330260,5.72225547328472,50.9615511357559,0.0484831,1,0
178580,330260,5.72282480348695,50.9615494866122,0.0756869,1,0
178620,330260,5.72339413364208,50.9615478346702,0.119286,1,0
178660,330260,5.72396346375002,50.9615461799296,0.162809,1,0
178700,330260,5.72453279381071,50.9615445223906,0.190081,1,0
178740,330260,5.72510212382405,50.9615428620532,0.222718,1,0
178780,330260,5.72567145378997,50.9615411989173,0.244474,1,0
178820,330260,5.72624078370839,50.9615395329829,0.271622,0,1
178860,330260,5.72681011357923,50.9615378642501,0.298832,0,1
178900,330260,5.72737944340241,50.9615361927189,0.32058,0,1
178940,330260,5.72794877317784,50.9615345183892,0.342324,0,1
178980,330260,5.72851810290546,50.9615328412611,0.364067,0,1
179020,330260,5.72908743258517,50.9615311613345,0.38581,0,1
179060,330260,5.72965676221691,50.9615294786095,0.407552,0,1
179100,330260,5.73022609180058,50.961527793086,0.440159,0,1
179140,330260,5.73079542133611,50.9615261047642,0.467322,0,1
179180,330260,5.73136475082343,50.9615244136438,0.472778,1,0
179220,330260,5.73193408026244,50.961522719725,0.451037,1,0
179260,330260,5.73250340965307,50.9615210230077,0.429295,1,0
179300,330260,5.73307273899525,50.961519323492,0.407552,0,1
179340,330260,5.73364206828888,50.9615176211779,0.385807,0,1
179380,330260,5.73421139753389,50.9615159160654,0.358606,0,1
179420,330260,5.73478072673021,50.9615142081544,0.331454,0,1
179460,330260,5.73535005587774,50.9615124974449,0.309702,0,1
179500,330260,5.73591938497642,50.961510783937,0.27709,1,0
179540,330260,5.73648871402616,50.9615090676307,0.255341,1,0
179580,330260,5.73705804302688,50.9615073485259,0.228123,1,0
179620,330260,5.7376273719785,50.9615056266227,0.200976,1,0
179660,330260,5.73819670088094,50.9615039019211,0.179224,1,0
179700,330260,5.73876602973412,50.961502174421,0.157469,1,0
179740,330260,5.73933535853797,50.9615004441225,0.135709,1,0
179780,330260,5.7399046872924,50.9614987110255,0.113941,1,0
179820,330260,5.74047401599733,50.9614969751302,0.0921598,1,0
179860,330260,5.74104334465268,50.9614952364363,0.070355,1,0
179900,330260,5.74161267325837,50.9614934949441,0.0484965,1,0
179940,330260,5.74218200181433,50.9614917506534,0.0316663,1,0
179980,330260,5.74275133032047,50.9614900035643,0.0122243,1,0
180020,330260,5.74332065877671,50.9614882536767,0,1,0
180060,330260,5.74388998718297,50.9614865009907,0,1,0
180100,330260,5.74445931553918,50.9614847455063,0,1,0
180300,330260,5.74730595656657,50.9614759261077,0,1,0
180340,330260,5.74787528462076,50.9614741538327,0,1,0
180380,330260,5.74844461262433,50.9614723787593,0.00135803,0,0
180420,330260,5.74901394057721,50.9614706008874,0.0054321,1,0
180460,330260,5.74958326847931,50.9614688202171,0.0122243,1,0
180500,330260,5.75015259633056,50.9614670367484,0.0316606,1,0
180540,330260,5.75072192413087,50.9614652504813,0.0373369,0,1
180580,330260,5.75129125188016,50.9614634614157,0.0537889,0,1
180620,330260,5.75186057957836,50.9614616695517,0.0703468,0,1
180660,330260,5.75242990722538,50.9614598748893,0.0812247,0,1
178500,330220,5.72168353834135,50.9611932354327,0.0054321,0,0
178540,330220,5.72225286415948,50.9611915891043,0.0537723,1,0
178580,330220,5.72282218993059,50.9611899399776,0.09213,1,0
178620,330220,5.72339151565459,50.9611882880524,0.119308,1,0
178660,330220,5.72396084133142,50.9611866333288,0.162831,1,0
178700,330220,5.72453016696099,50.9611849758068,0.206326,1,0
178740,330220,5.72509949254321,50.9611833154864,0.233582,1,0
178780,330220,5.72566881807802,50.9611816523675,0.266212,1,0
178820,330220,5.72623814356532,50.9611799864502,0.287966,0,1
178860,330220,5.72680746900505,50.9611783177345,0.315116,0,1
178900,330220,5.72737679439711,50.9611766462204,0.342321,0,1
178940,330220,5.72794611974144,50.9611749719079,0.364067,0,1
178980,330220,5.72851544503794,50.9611732947969,0.38581,0,1
179020,330220,5.72908477028655,50.9611716148875,0.407552,0,1
179060,330220,5.72965409548718,50.9611699321798,0.429295,0,1
179100,330220,5.73022342063975,50.9611682466736,0.451037,0,1
179140,330220,5.73079274574418,50.9611665583689,0.467319,0,1
179180,330220,5.73136207080039,50.9611648672659,0.451034,1,0
179220,330220,5.7319313958083,50.9611631733644,0.429295,1,0
179260,330220,5.73250072076783,50.9611614766646,0.407552,0,1
179300,330220,5.73307004567891,50.9611597771663,0.38581,0,1
179340,330220,5.73363937054145,50.9611580748696,0.364067,0,1
179380,330220,5.73420869535536,50.9611563697745,0.342321,0,1
179420,330220,5.73477802012058,50.961154661881,0.315116,1,0
179460,330220,5.73534734483702,50.9611529511891,0.287966,1,0
179500,330220,5.73591666950461,50.9611512376988,0.266212,1,0
179540,330220,5.73648599412326,50.96114952141,0.233596,1,0
179580,330220,5.73705531869289,50.9611478023228,0.211843,1,0
179620,330220,5.73762464321342,50.9611460804373,0.184614,1,0
179660,330220,5.73819396768477,50.9611443557533,0.157469,1,0
179700,330220,5.73876329210687,50.9611426282709,0.135709,1,0
179740,330220,5.73933261647963,50.9611408979901,0.113941,1,0
179780,330220,5.73990194080298,50.9611391649109,0.0921598,1,0
179820,330220,5.74047126507683,50.9611374290333,0.070355,1,0
179860,330220,5.7410405893011,50.9611356903573,0.0484965,1,0
179900,330220,5.74160991347571,50.9611339488829,0.0264697,1,0
179940,330220,5.74217923760059,50.9611322046101,0.00135803,1,0
179980,330220,5.74274856167565,50.9611304575388,0,1,0
180460,330220,5.74958044666168,50.9611092744086,0,1,0
180500,330220,5.75014977008187,50.9611074909582,0,1,0
180540,330220,5.75071909345112,50.9611057047094,0.0054321,0,1
180580,330220,5.75128841676936,50.9611039156621,0.0264645,0,1
180620,330220,5.7518577400365,50.9611021238165,0.0373395,0,1
180660,330220,5.75242706325248,50.9611003291724,0.0593662,0,1
180700,330220,5.75299638641719,50.96109853173,0.0793572,0,1
178460,330180,5.72111161226014,50.9608353322784,0.0217284,0,0
178500,330180,5.72168093369416,50.9608336887654,0.0054321,0,0
178540,330180,5.72225025508125,50.9608320424539,0.0537723,0,0
178580,330180,5.72281957642132,50.9608303933441,0.0974751,1,0
178620,330180,5.72338889771428,50.9608287414358,0.130403,1,0
178660,330180,5.72395821896007,50.9608270867292,0.162848,1,0
178700,330180,5.7245275401586,50.9608254292241,0.206343,1,0
178740,330180,5.72509686130979,50.9608237689207,0.233585,1,0
178780,330180,5.72566618241356,50.9608221058188,0.266212,1,0
178820,330180,5.72623550346983,50.9608204399186,0.29337,0,1
178860,330180,5.72680482447853,50.96081877122,0.320577,0,1
178900,330180,5.72737414543956,50.960817099723,0.353189,0,1
178940,330180,5.72794346635286,50.9608154254276,0.38035,0,1
178980,330180,5.72851278721833,50.9608137483338,0.402097,0,1
179020,330180,5.72908210803591,50.9608120684417,0.418425,0,1
179060,330180,5.72965142880551,50.9608103857512,0.440167,0,1
179100,330180,5.73022074952706,50.9608087002622,0.456521,0,1
179140,330180,5.73079007020046,50.9608070119749,0.440167,0,1
179180,330180,5.73135939082565,50.9608053208892,0.423837,0,1
179220,330180,5.73192871140254,50.9608036270051,0.40755,0,1
179260,330180,5.73249803193105,50.9608019303226,0.38581,0,1
179300,330180,5.73306735241111,50.9608002308417,0.364067,0,1
179340,330180,5.73363667284263,50.9607985285625,0.342324,1,0
179380,330180,5.73420599322553,50.9607968234848,0.32058,1,0
179420,330180,5.73477531355974,50.9607951156088,0.298832,1,0
179460,330180,5.73534463384516,50.9607934049344,0.271622,1,0
179500,330180,5.73591395408174,50.9607916914616,0.244474,1,0
179540,330180,5.73648327426937,50.9607899751904,0.222718,1,0
179580,330180,5.73705259440799,50.9607882561209,0.190094,1,0
179620,330180,5.73762191449752,50.960786534253,0.168336,1,0
179660,330180,5.73819123453786,50.9607848095867,0.141086,1,0
179700,330180,5.73876055452896,50.960783082122,0.113941,0,1
179740,330180,5.73932987447071,50.9607813518589,0.0921598,1,0
179780,330180,5.73989919436306,50.9607796187974,0.070355,1,0
179820,330180,5.7404685142059,50.9607778829376,0.0484965,1,0
179860,330180,5.74103783399917,50.9607761442794,0.0264697,1,0
179900,330180,5.74160715374279,50.9607744028228,0.00135803,1,0
179940,330180,5.74217647343667,50.9607726585679,0,1,0
180540,330180,5.75071626282239,50.9607461589386,0,0,1
180580,330180,5.75128558170965,50.9607443699096,0,0,1
180620,330180,5.75185490054582,50.9607425780824,0.0122243,0,1
180660,330180,5.75242421933082,50.9607407834567,0.0373395,0,1
180700,330180,5.75299353806456,50.9607389860327,0.0703358,0,1
178460,330140,5.72110901209086,50.9604757855955,0.0217284,0,0
178500,330140,5.72167832909392,50.9604741420992,0.0054321,0,0
178540,330140,5.72224764605004,50.9604724958046,0.0537723,0,0
178580,330140,5.72281696295915,50.9604708467117,0.09213,0,0
178620,330140,5.72338627982116,50.9604691948203,0.119308,1,0
178660,330140,5.72395559663598,50.9604675401306,0.162831,1,0
178700,330140,5.72452491340356,50.9604658826425,0.190086,1,0
178740,330140,5.72509423012379,50.9604642223561,0.222718,1,0
178780,330140,5.7256635467966,50.9604625592714,0.249874,1,0
178820,330140,5.72623286342192,50.9604608933882,0.277087,0,1
178860,330140,5.72680217999966,50.9604592247067,0.309702,0,1
178900,330140,5.72737149652974,50.9604575532268,0.336861,0,1
178940,330140,5.72794081301209,50.9604558789486,0.364062,0,1
178980,330140,5.72851012944662,50.960454201872,0.38035,0,1
179020,330140,5.72907944583325,50.960452521997,0.396683,0,1
179060,330140,5.7296487621719,50.9604508393237,0.418425,0,1
179100,330140,5.7302180784625,50.960449153852,0.434773,0,1
179140,330140,5.73078739470496,50.960447465582,0.418425,0,1
179180,330140,5.73135671089921,50.9604457745136,0.396683,0,1
179220,330140,5.73192602704516,50.9604440806468,0.38035,0,1
179260,330140,5.73249534314273,50.9604423839817,0.364064,0,1
179300,330140,5.73306465919185,50.9604406845182,0.342324,1,0
179340,330140,5.73363397519243,50.9604389822564,0.32058,1,0
179380,330140,5.73420329114439,50.9604372771963,0.298835,1,0
179420,330140,5.73477260704767,50.9604355693377,0.27709,1,0
179460,330140,5.73534192290216,50.9604338586808,0.255341,1,0
179500,330140,5.7359112387078,50.9604321452256,0.228123,0,1
179540,330140,5.7364805544645,50.960430428972,0.200976,0,1
179580,330140,5.7370498701722,50.9604287099201,0.179216,0,1
179620,330140,5.73761918583079,50.9604269880698,0.146578,0,1
179660,330140,5.73818850144021,50.9604252634211,0.124808,0,1
179700,330140,5.73875781700038,50.9604235359741,0.0975136,1,0
179740,330140,5.73932713251121,50.9604218057288,0.070355,1,0
179780,330140,5.73989644797263,50.9604200726851,0.0484965,1,0
179820,330140,5.74046576338455,50.960418336843,0.0264697,1,0
179860,330140,5.7410350787469,50.9604165982026,0.00135803,1,0
179900,330140,5.7416043940596,50.9604148567639,0,1,0
180620,330140,5.75185206110631,50.9603830323494,0,0,1
180660,330140,5.75242137546042,50.9603812377421,0.0264615,0,1
180700,330140,5.75299068976327,50.9603794403365,0.0353889,0,1
178500,330100,5.72167572454062,50.9601145954343,0.0054321,0,0
178540,330100,5.72224503706586,50.9601129491565,0.0484831,0,0
178580,330100,5.72281434954408,50.9601113000804,0.0756869,0,0
178620,330100,5.72338366197521,50.960109648206,0.119286,0,0
178660,330100,5.72395297435916,50.9601079935333,0.14657,1,0
178700,330100,5.72452228669585,50.9601063360622,0.179216,1,0
178740,330100,5.72509159898521,50.9601046757927,0.20637,1,0
178780,330100,5.72566091122714,50.960103012725,0.233593,1,0
178820,330100,5.72623022342159,50.9601013468589,0.266212,0,1
178860,330100,5.72679953556845,50.9600996781945,0.29337,0,1
178900,330100,5.72736884766766,50.9600980067317,0.320574,0,1
178940,330100,5.72793815971914,50.9600963324706,0.336861,0,1
178980,330100,5.7285074717228,50.9600946554112,0.353197,0,1
179020,330100,5.72907678367856,50.9600929755535,0.37494,0,1
179060,330100,5.72964609558635,50.9600912928974,0.396666,0,1
179100,330100,5.73021540744608,50.960089607443,0.402094,0,1
179140,330100,5.73078471925768,50.9600879191902,0.396675,0,1
179180,330100,5.73135403102106,50.9600862281392,0.37494,0,1
179220,330100,5.73192334273615,50.9600845342897,0.353197,0,1
179260,330100,5.73249265440286,50.960082837642,0.336861,0,1
179300,330100,5.73306196602112,50.9600811381959,0.320577,0,1
179340,330100,5.73363127759084,50.9600794359516,0.298835,0,1
179380,330100,5.73420058911195,50.9600777309088,0.27709,1,0
179420,330100,5.73476990058437,50.9600760230678,0.255343,1,0
179460,330100,5.73533921200801,50.9600743124285,0.233596,0,1
179500,330100,5.7359085233828,50.9600725989908,0.211843,0,1
179540,330100,5.73647783470865,50.9600708827547,0.184614,0,1
179580,330100,5.73704714598549,50.9600691637204,0.157469,0,1
179620,330100,5.73761645721324,50.9600674418877,0.1357,0,1
179660,330100,5.73818576839181,50.9600657172568,0.103029,0,1
179700,330100,5.73875507952113,50.9600639898275,0.081222,1,0
179740,330100,5.73932439060112,50.9600622595998,0.0537889,1,0
179780,330100,5.73989370163169,50.9600605265739,0.0264697,1,0
179820,330100,5.74046301261277,50.9600587907496,0.00135803,1,0
179860,330100,5.74103232354428,50.960057052127,0,1,0
180660,330100,5.75241853164126,50.9600216920287,0,0,1
180700,330100,5.7529878415133,50.9600198946414,0,0,1
178500,330060,5.72167312003425,50.9597550487705,0.00135803,0,0
178540,330060,5.72224242812869,50.9597534025096,0.0316663,0,0
178580,330060,5.72281173617611,50.9597517534504,0.0756649,0,0
178620,330060,5.72338104417644,50.9597501015929,0.103021,0,0
178660,330060,5.72395035212959,50.9597484469371,0.1357,1,0
178700,330060,5.72451966003548,50.959746789483,0.162853,1,0
178740,330060,5.72508896789404,50.9597451292305,0.190091,1,0
178780,330060,5.72565827570518,50.9597434661798,0.222718,1,0
178820,330060,5.72622758346883,50.9597418003308,0.249874,0,1
178860,330060,5.7267968911849,50.9597401316835,0.277084,0,1
178900,330060,5.72736619885332,50.9597384602378,0.29337,0,1
178940,330060,5.72793550647401,50.9597367859939,0.30971,0,1
178980,330060,5.72850481404688,50.9597351089516,0.331454,0,1
179020,330060,5.72907412157185,50.959733429111,0.353181,0,1
179060,330060,5.72964342904885,50.9597317464722,0.358606,0,1
179100,330060,5.7302127364778,50.9597300610351,0.374935,0,1
179140,330060,5.73078204385861,50.9597283727996,0.364064,0,1
179180,330060,5.73135135119121,50.9597266817659,0.353189,0,1
179220,330060,5.73192065847552,50.9597249879338,0.331454,0,1
179260,330060,5.73248996571145,50.9597232913034,0.30971,0,1
179300,330060,5.73305927289893,50.9597215918748,0.29337,0,1
179340,330060,5.73362858003788,50.9597198896479,0.277087,0,1
179380,330060,5.73419788712821,50.9597181846226,0.255343,0,1
179420,330060,5.73476719416985,50.9597164767991,0.233596,0,1
179460,330060,5.73533650116271,50.9597147661772,0.211846,0,1
179500,330060,5.73590580810673,50.9597130527571,0.190094,0,1
179540,330060,5.73647511500181,50.9597113365386,0.168336,0,1
179580,330060,5.73704442184788,50.9597096175219,0.141086,0,1
179620,330060,5.73761372864486,50.9597078957068,0.113941,0,1
179660,330060,5.73818303539267,50.9597061710935,0.0921516,0,1
179700,330060,5.73875234209122,50.9597044436819,0.0593662,1,0
179740,330060,5.73932164874044,50.9597027134721,0.0373369,1,0
179780,330060,5.73989095534025,50.9597009804638,0.0054321,1,0
179820,330060,5.74046026189057,50.9596992446573,0,1,0
178500,330020,5.72167051557482,50.9593955021078,0,0,0
178540,330020,5.72223981923853,50.9593938558638,0.0316606,0,0
178580,330020,5.72280912285523,50.9593922068215,0.059361,0,0
178620,330020,5.72337842642484,50.9593905549809,0.0921516,0,0
178660,330020,5.72394772994727,50.959388900342,0.119308,0,0
178700,330020,5.72451703342244,50.9593872429049,0.146576,0,0
178740,330020,5.72508633685029,50.9593855826695,0.179216,1,0
178780,330020,5.72565564023071,50.9593839196358,0.20637,1,0
178820,330020,5.72622494356365,50.9593822538038,0.23359,0,1
178860,330020,5.72679424684901,50.9593805851736,0.249874,0,1
178900,330020,5.72736355008671,50.959378913745,0.26622,0,1
178940,330020,5.72793285327669,50.9593772395183,0.287966,0,1
178980,330020,5.72850215641885,50.9593755624932,0.309694,0,1
179020,330020,5.72907145951311,50.9593738826698,0.315116,0,1
179060,330020,5.72964076255941,50.9593722000482,0.336861,0,1
179100,330020,5.73021006555765,50.9593705146283,0.353189,0,1
179140,330020,5.73077936850776,50.9593688264102,0.336861,0,1
179180,330020,5.73134867140966,50.9593671353937,0.320577,0,1
179220,330020,5.73191797426326,50.959365441579,0.309702,0,1
179260,330020,5.73248727706849,50.9593637449661,0.287966,0,1
179300,330020,5.73305657982527,50.9593620455548,0.26622,1,0
179340,330020,5.73362588253352,50.9593603433453,0.249874,1,0
179380,330020,5.73419518519315,50.9593586383375,0.233593,1,0
179420,330020,5.7347644878041,50.9593569305314,0.211846,0,1
179460,330020,5.73533379036627,50.9593552199271,0.190094,0,1
179500,330020,5.73590309287959,50.9593535065246,0.168339,0,1
179540,330020,5.73647239534398,50.9593517903237,0.146578,0,1
179580,330020,5.73704169775936,50.9593500713246,0.124808,0,1
179620,330020,5.73761100012565,50.9593483495271,0.0975136,0,1
179660,330020,5.73818030244277,50.9593466249315,0.070355,0,1
179700,330020,5.73874960471064,50.9593448975376,0.0484884,1,0
179740,330020,5.73931890692918,50.9593431673454,0.0122243,1,0
179780,330020,5.7398882090983,50.959341434355,0,1,0
178500,329980,5.72166791116232,50.9590359554463,0,0,0
178540,329980,5.7222372103954,50.9590343092192,0.0122243,0,0
178580,329980,5.72280650958145,50.9590326601938,0.0484884,0,0
178620,329980,5.72337580872042,50.9590310083701,0.0756869,0,0
178660,329980,5.7239451078122,50.9590293537482,0.103027,0,0
178700,329980,5.72451440685674,50.959027696328,0.1357,0,0
178740,329980,5.72508370585395,50.9590260361096,0.162853,0,0
178780,329980,5.72565300480374,50.959024373093,0.190089,1,0
178820,329980,5.72622230370604,50.959022707278,0.20637,0,1
178860,329980,5.72679160256077,50.9590210386649,0.222726,0,1
178900,329980,5.72736090136784,50.9590193672534,0.244474,0,1
178940,329980,5.72793020012718,50.9590176930438,0.266204,0,1
178980,329980,5.72849949883871,50.9590160160359,0.271622,0,1
179020,329980,5.72906879750235,50.9590143362298,0.29337,0,1
179060,329980,5.72963809611802,50.9590126536254,0.315116,0,1
179100,329980,5.73020739468563,50.9590109682228,0.320574,0,1
179140,329980,5.73077669320512,50.9590092800219,0.309702,0,1
179180,329980,5.73134599167639,50.9590075890228,0.29337,0,1
179220,329980,5.73191529009937,50.9590058952254,0.277087,0,1
179260,329980,5.73248458847398,50.9590041986298,0.266212,0,1
179300,329980,5.73305388680014,50.959002499236,0.244474,1,0
179340,329980,5.73362318507777,50.9590007970439,0.222726,1,0
179380,329980,5.73419248330679,50.9589990920536,0.20637,1,0
179420,329980,5.73476178148712,50.958997384265,0.190091,1,0
179460,329980,5.73533107961868,50.9589956736782,0.168339,1,0
179500,329980,5.73590037770139,50.9589939602932,0.146578,0,1
179540,329980,5.73646967573517,50.9589922441099,0.12481,0,1
179580,329980,5.73703897371994,50.9589905251284,0.103029,0,1
179620,329980,5.73760827165562,50.9589888033486,0.081222,0,1
179660,329980,5.73817756954213,50.9589870787706,0.0537889,0,1
179700,329980,5.73874686737939,50.9589853513944,0.0264697,1,0
179740,329980,5.73931616516732,50.9589836212199,0.00241427,1,0
178540,329940,5.72223460159927,50.9586747625757,0.00135803,0,0
178580,329940,5.72280389635476,50.9586731135672,0.0316663,0,0
178620,329940,5.72337319106317,50.9586714617605,0.0593636,0,0
178660,329940,5.7239424857244,50.9586698071555,0.0921516,0,0
178700,329940,5.72451178033837,50.9586681497523,0.119308,0,0
178740,329940,5.72508107490502,50.9586664895509,0.146573,0,0
178780,329940,5.72565036942426,50.9586648265513,0.162853,0,0
178820,329940,5.726219663896,50.9586631607534,0.179224,0,1
178860,329940,5.72678895832018,50.9586614921574,0.200976,0,1
178900,329940,5.7273582526967,50.9586598207631,0.22271,0,1
178940,329940,5.72792754702549,50.9586581465706,0.228123,0,1
178980,329940,5.72849684130647,50.9586564695798,0.249874,0,1
179020,329940,5.72906613553956,50.9586547897909,0.271622,0,1
179060,329940,5.72963542972468,50.9586531072038,0.287957,0,1
179100,329940,5.73020472386175,50.9586514218184,0.293359,0,1
179140,329940,5.73077401795069,50.9586497336348,0.277084,0,1
179180,329940,5.73134331199142,50.958648042653,0.266212,0,1
179220,329940,5.73191260598386,50.958646348873,0.249874,0,1
179260,329940,5.73248189992793,50.9586446522948,0.233593,0,1
179300,329940,5.73305119382355,50.9586429529183,0.222718,0,1
179340,329940,5.73362048767064,50.9586412507437,0.200976,1,0
179380,329940,5.73418978146912,50.9586395457709,0.179224,1,0
179420,329940,5.73475907521891,50.9586378379998,0.162853,1,0
179460,329940,5.73532836891994,50.9586361274305,0.146576,1,0
179500,329940,5.73589766257211,50.958634414063,0.12481,1,0
179540,329940,5.73646695617536,50.9586326978973,0.103029,0,1
179580,329940,5.7370362497296,50.9586309789333,0.0812247,0,1
179620,329940,5.73760554323475,50.9586292571712,0.0593662,1,0
179660,329940,5.73817483669073,50.9586275326109,0.0373369,1,0
179700,329940,5.73874413009746,50.9586258052523,0.0054321,1,0
179740,329940,5.73931342345487,50.9586240750956,0,1,0
178540,329900,5.72223199285016,50.9583152159335,0,0,0
178580,329900,5.72280128317517,50.9583135669418,0.0122243,0,0
178620,329900,5.72337057345309,50.958311915152,0.0484884,0,0
178660,329900,5.72393986368384,50.958310260564,0.0756869,0,0
178700,329900,5.72450915386734,50.9583086031778,0.103024,0,0
178740,329900,5.72507844400351,50.9583069429934,0.119308,0,0
178780,329900,5.72564773409227,50.9583052800108,0.135709,0,0
178820,329900,5.72621702413354,50.95830361423,0.157469,0,1
178860,329900,5.72678631412723,50.958301945651,0.179208,0,1
178900,329900,5.72735560407328,50.9583002742739,0.184614,0,1
178940,329900,5.72792489397161,50.9582986000985,0.20637,0,1
178980,329900,5.72849418382212,50.958296923125,0.228123,0,1
179020,329900,5.72906347362474,50.9582952433532,0.244466,0,1
179060,329900,5.72963276337939,50.9582935607833,0.255335,0,1
179100,329900,5.730202053086,50.9582918754152,0.255333,0,1
179140,329900,5.73077134274447,50.9582901872489,0.249863,0,1
179180,329900,5.73134063235473,50.9582884962844,0.23359,0,1
179220,329900,5.73190992191671,50.9582868025218,0.222718,0,1
179260,329900,5.73247921143032,50.9582851059609,0.20637,0,1
179300,329900,5.73304850089548,50.9582834066019,0.190091,0,1
179340,329900,5.73361779031211,50.9582817044447,0.179216,1,0
179380,329900,5.73418707968014,50.9582799994892,0.157469,1,0
179420,329900,5.73475636899947,50.9582782917357,0.135709,1,0
179460,329900,5.73532565827005,50.9582765811839,0.119308,1,0
179500,329900,5.73589494749177,50.958274867834,0.103027,1,0
179540,329900,5.73646423666456,50.9582731516858,0.0812247,1,0
179580,329900,5.73703352578835,50.9582714327395,0.0593662,1,0
179620,329900,5.73760281486305,50.958269710995,0.0373395,1,0
179660,329900,5.73817210388858,50.9582679864523,0.0122243,1,0
179700,329900,5.73874139286487,50.9582662591115,0,1,0
178540,329860,5.72222938414805,50.9579556692925,0,0,0
178580,329860,5.72279867004266,50.9579540203177,0.00135803,0,0
178620,329860,5.72336795589018,50.9579523685448,0.0316663,0,0
178660,329860,5.72393724169053,50.9579507139737,0.059361,0,0
178700,329860,5.72450652744363,50.9579490566045,0.0756869,0,0
178740,329860,5.7250758131494,50.9579473964371,0.0921598,0,0
178780,329860,5.72564509880777,50.9579457334715,0.113941,0,0
178820,329860,5.72621438441864,50.9579440677078,0.135692,0,1
178860,329860,5.72678366998195,50.9579423991459,0.141086,0,1
178900,329860,5.7273529554976,50.9579407277859,0.162853,0,0
178940,329860,5.72792224096553,50.9579390536276,0.184614,0,1
178980,329860,5.72849152638565,50.9579373766713,0.200968,0,1
179020,329860,5.72906081175788,50.9579356969167,0.211841,0,1
179060,329860,5.72963009708215,50.957934014364,0.228107,0,1
179100,329860,5.73019938235836,50.9579323290132,0.22809,0,1
179140,329860,5.73076866758645,50.9579306408642,0.211835,0,1
179180,329860,5.73133795276634,50.957928949917,0.206359,0,1
179220,329860,5.73190723789793,50.9579272561718,0.190089,0,1
179260,329860,5.73247652298116,50.9579255596283,0.179216,0,1
179300,329860,5.73304580801594,50.9579238602866,0.162853,0,1
179340,329860,5.73361509300219,50.9579221581469,0.146576,0,1
179380,329860,5.73418437793984,50.9579204532089,0.1357,0,1
179420,329860,5.7347536628288,50.9579187454728,0.113941,1,0
179460,329860,5.735322947669,50.9579170349386,0.0921598,1,0
179500,329860,5.73589223246035,50.9579153216062,0.0756869,1,0
179540,329860,5.73646151720277,50.9579136054756,0.0593636,1,0
179580,329860,5.73703080189619,50.9579118865469,0.0373395,1,0
179620,329860,5.73760008654052,50.95791016482,0.0122243,1,0
179660,329860,5.73816937113568,50.957908440295,0,1,0
178580,329820,5.72279605695725,50.9575944736948,0,0,0
178620,329820,5.72336533837444,50.9575928219388,0.0122243,0,0
178660,329820,5.72393461974447,50.9575911673846,0.0316663,0,0
178700,329820,5.72450390106726,50.9575895100323,0.0484965,0,0
178740,329820,5.72507318234271,50.957587849882,0.070355,0,0
178780,329820,5.72564246357076,50.9575861869334,0.0921435,0,0
178820,329820,5.72621174475131,50.9575845211867,0.0975136,0,0
178860,329820,5.72678102588431,50.957582852642,0.119308,0,0
178900,329820,5.72735030696965,50.957581181299,0.141086,0,0
178940,329820,5.72791958800727,50.957579507158,0.157461,0,0
178980,329820,5.72848886899708,50.9575778302188,0.168333,0,1
179020,329820,5.729058149939,50.9575761504814,0.184603,0,1
179060,329820,5.72962743083296,50.957574467946,0.184619,0,1
179100,329820,5.73019671167887,50.9575727826124,0.184603,0,1
179140,329820,5.73076599247665,50.9575710944807,0.184581,0,1
179180,329820,5.73133527322623,50.9575694035509,0.168328,0,1
179220,329820,5.73190455392752,50.9575677098229,0.162842,0,1
179260,329820,5.73247383458045,50.9575660132968,0.146573,0,1
179300,329820,5.73304311518493,50.9575643139725,0.1357,0,1
179340,329820,5.73361239574088,50.9575626118502,0.119308,0,1
179380,329820,5.73418167624823,50.9575609069297,0.103027,0,1
179420,329820,5.7347509567069,50.9575591992111,0.0921516,0,1
179460,329820,5.7353202371168,50.9575574886944,0.070355,0,1
179500,329820,5.73588951747785,50.9575557753795,0.0484965,1,0
179540,329820,5.73645879778999,50.9575540592665,0.0316663,1,0
179580,329820,5.73702807805311,50.9575523403554,0.0122243,1,0
179620,329820,5.73759735826715,50.9575506186463,0,1,0
178620,329780,5.72336272090588,50.9572332753339,0,0,0
178660,329780,5.72393199784566,50.9572316207968,0.00135803,0,0
178700,329780,5.7245012747382,50.9572299634615,0.0264697,0,0
178740,329780,5.72507055158342,50.9572283033281,0.0484831,0,0
178780,329780,5.72563982838123,50.9572266403966,0.0537889,0,0
178820,329780,5.72620910513155,50.957224974667,0.0756869,0,0
178860,329780,5.72677838183431,50.9572233061392,0.0975136,0,0
178900,329780,5.72734765848942,50.9572216348134,0.113932,0,0
178940,329780,5.72791693509681,50.9572199606895,0.124805,0,0
178980,329780,5.72848621165639,50.9572182837675,0.141075,0,0
179020,329780,5.72905548816808,50.9572166040474,0.14657,0,1
179060,329780,5.72962476463181,50.9572149215291,0.162798,0,1
179100,329780,5.73019404104749,50.9572132362128,0.146562,0,1
179140,329780,5.73076331741505,50.9572115480984,0.141075,0,1
179180,329780,5.73133259373441,50.9572098571859,0.141053,0,1
179220,329780,5.73190187000548,50.9572081634752,0.1248,0,1
179260,329780,5.73247114622818,50.9572064669665,0.119297,0,1
179300,329780,5.73304042240244,50.9572047676597,0.103024,0,1
179340,329780,5.73360969852818,50.9572030655548,0.0921516,0,1
179380,329780,5.73417897460531,50.9572013606517,0.0756869,0,1
179420,329780,5.73474825063376,50.9571996529507,0.0593636,1,0
179460,329780,5.73531752661344,50.9571979424514,0.0484884,1,0
179500,329780,5.73588680254428,50.9571962291542,0.0264697,1,0
179540,329780,5.7364560784262,50.9571945130587,0.00135803,1,0
179580,329780,5.73702535425912,50.9571927941652,0,1,0
178660,329740,5.7239293759941,50.9568720742101,0,0,0
178700,329740,5.72449864845648,50.9568704168918,0.00135803,0,0
178740,329740,5.72506792087154,50.9568687567754,0.0054321,0,0
178780,329740,5.72563719323919,50.9568670938609,0.0316663,0,0
178820,329740,5.72620646555936,50.9568654281484,0.0537889,0,0
178860,329740,5.72677573783196,50.9568637596377,0.0703468,0,0
178900,329740,5.72734501005692,50.956862088329,0.0812194,0,0
178940,329740,5.72791428223415,50.9568604142222,0.0975026,0,0
178980,329740,5.72848355436359,50.9568587373174,0.103021,0,0
179020,329740,5.72905282644513,50.9568570576145,0.119286,0,1
179060,329740,5.72962209847871,50.9568553751135,0.119275,0,1
179100,329740,5.73019137046425,50.9568536898144,0.119259,1,0
179140,329740,5.73076064240166,50.9568520017173,0.103019,0,1
179180,329740,5.73132991429087,50.9568503108221,0.0975026,0,1
179220,329740,5.7318991861318,50.9568486171288,0.0974806,0,1
179260,329740,5.73246845792436,50.9568469206375,0.0812167,0,1
179300,329740,5.73303772966848,50.956845221348,0.0756759,0,1
179340,329740,5.73360700136408,50.9568435192605,0.059361,0,1
179380,329740,5.73417627301107,50.956841814375,0.0484884,1,0
179420,329740,5.73474554460938,50.9568401066914,0.0316663,1,0
179460,329740,5.73531481615893,50.9568383962097,0.0122243,1,0
179500,329740,5.73588408765964,50.9568366829299,0.00135803,1,0
179540,329740,5.73645335911143,50.9568349668521,0,1,0
178740,329700,5.72506529020707,50.9565092102239,0,0,0
178780,329700,5.72563455814464,50.9565075473264,0.0054321,0,0
178820,329700,5.72620382603473,50.9565058816309,0.0264645,0,0
178860,329700,5.72677309387726,50.9565042131374,0.0373369,0,0
178900,329700,5.72734236167215,50.9565025418458,0.0537778,0,0
178940,329700,5.72791162941931,50.9565008677562,0.059361,0,0
178980,329700,5.72848089711867,50.9564991908685,0.0756649,0,0
179020,329700,5.72905016477014,50.9564975111828,0.0756869,0,0
179060,329700,5.72961943237365,50.9564958286991,0.0756759,1,0
179100,329700,5.73018869992912,50.9564941434173,0.0756594,1,0
179140,329700,5.73075796743647,50.9564924553374,0.0756594,1,0
179180,329700,5.73132723489562,50.9564907644595,0.059361,1,0
179220,329700,5.73189650230648,50.9564890707836,0.0537778,0,1
179260,329700,5.73246576966898,50.9564873743096,0.0537723,0,1
179300,329700,5.73303503698304,50.9564856750376,0.0373369,1,0
179340,329700,5.73360430424858,50.9564839729676,0.0316606,1,0
179380,329700,5.73417357146551,50.9564822680995,0.0122243,1,0
179420,329700,5.73474283863377,50.9564805604333,0.00135803,1,0
179460,329700,5.73531210575326,50.9564788499692,0,1,0
178780,329660,5.72563192309757,50.9561480007932,0,0,0
178820,329660,5.72620118655767,50.9561463351148,0,0,0
178860,329660,5.7267704499702,50.9561446666384,0.0054321,0,0
178900,329660,5.72733971333509,50.9561429953639,0.0122243,0,0
178940,329660,5.72790897665226,50.9561413212914,0.0316606,0,0
178980,329660,5.72847823992163,50.9561396444209,0.0316663,0,0
179020,329660,5.72904750314311,50.9561379647524,0.0484831,0,0
179060,329660,5.72961676631664,50.9561362822859,0.0373369,0,0
179100,329660,5.73018602944212,50.9561345970213,0.0316606,1,0
179140,329660,5.73075529251948,50.9561329089587,0.0316606,1,0
179180,329660,5.73132455554864,50.9561312180982,0.0316606,1,0
179220,329660,5.73189381852952,50.9561295244396,0.0122243,1,0
179260,329660,5.73246308146204,50.956127827983,0.0054321,1,0
179300,329660,5.73303234434612,50.9561261287284,0.0054321,1,0
179340,329660,5.73360160718168,50.9561244266758,0,1,0
179380,329660,5.73417086996864,50.9561227218251,0,1,0
178900,329620,5.72733706504576,50.9557834488832,0,0,0
178940,329620,5.72790632393302,50.9557817748279,0,0,0
178980,329620,5.72847558277247,50.9557800979745,0.00135803,0,0
179020,329620,5.72904484156405,50.9557784183232,0.0054321,0,0
179060,329620,5.72961410030766,50.9557767358739,0.0054321,0,0
179100,329620,5.73018335900324,50.9557750506266,0,0,0
179140,329620,5.7307526176507,50.9557733625814,0,1,0
179180,329620,5.73132187624995,50.9557716717381,0,1,0
179220,329620,5.73189113480093,50.9557699780969,0,1,0
