{
"type": "FeatureCollection",
"name": "file119fa4595c8a3",
"crs": { "type": "name", "properties": { "name": "urn:ogc:def:crs:OGC:1.3:CRS84" } },
"features": [
{ "type": "Feature", "properties": { "dist": 0.0, "ffreq2": 0, "ffreq3": 0 }, "geometry": { "type": "Point", "coordinates": [ 5.760084, 50.992717 ] } },
{ "type": "Feature", "properties": { "dist": 0.0, "ffreq2": 0, "ffreq3": 0 }, "geometry": { "type": "Point", "coordinates": [ 5.759511, 50.992359 ] } },
{ "type": "Feature", "properties": { "dist": 0.0122243, "ffreq2": 0, "ffreq3": 0 }, "geometry": { "type": "Point", "coordinates": [ 5.760081, 50.992357 ] } },
{ "type": "Feature", "properties": { "dist": 0.0434678, "ffreq2": 0, "ffreq3": 0 }, "geometry": { "type": "Point", "coordinates": [ 5.760651, 50.992355 ] } },
{ "type": "Feature", "properties": { "dist": 0.0, "ffreq2": 0, "ffreq3": 0 }, "geometry": { "type": "Point", "coordinates": [ 5.758939, 50.992001 ] } },
{ "type": "Feature", "properties": { "dist": 0.0122243, "ffreq2": 0, "ffreq3": 0 }, "geometry": { "type": "Point", "coordinates": [ 5.759508, 50.991999 ] } },
{ "type": "Feature", "properties": { "dist": 0.0373395, "ffreq2": 0, "ffreq3": 0 }, "geometry": { "type": "Point", "coordinates": [ 5.760078, 50.991998 ] } },
{ "type": "Feature", "properties": { "dist": 0.0593662, "ffreq2": 0, "ffreq3": 0 }, "geometry": { "type": "Point", "coordinates": [ 5.760648, 50.991996 ] } },
{ "type": "Feature", "properties": { "dist": 0.00135803, "ffreq2": 0, "ffreq3": 0 }, "geometry": { "type": "Point", "coordinates": [ 5.758366, 50.991644 ] } },
{ "type": "Feature", "properties": { "dist": 0.0122243, "ffreq2": 0, "ffreq3": 0 }, "geometry": { "type": "Point", "coordinates": [ 5.758936, 50.991642 ] } },
{ "type": "Feature", "properties": { "dist": 0.0373395, "ffreq2": 0, "ffreq3": 0 }, "geometry": { "type": "Point", "coordinates": [ 5.759505, 50.99164 ] } },
{ "type": "Feature", "properties": { "dist": 0.0593662, "ffreq2": 0, "ffreq3": 0 }, "geometry": { "type": "Point", "coordinates": [ 5.760075, 50.991638 ] } },
{ "type": "Feature", "properties": { "dist": 0.0812247, "ffreq2": 0, "ffreq3": 0 }, "geometry": { "type": "Point", "coordinates": [ 5.760645, 50.991636 ] } },
{ "type": "Feature", "properties": { "dist": 0.101178, "ffreq2": 0, "ffreq3": 0 }, "geometry": { "type": "Point", "coordinates": [ 5.761214, 50.991634 ] } },
{ "type": "Feature", "properties": { "dist": 0.0, "ffreq2": 0, "ffreq3": 0 }, "geometry": { "type": "Point", "coordinates": [ 5.757793, 50.991286 ] } },
{ "type": "Feature", "properties": { "dist": 0.0122243, "ffreq2": 0, "ffreq3": 0 }, "geometry": { "type": "Point", "coordinates": [ 5.758363, 50.991284 ] } },
{ "type": "Feature", "properties": { "dist": 0.0484855, "ffreq2": 0, "ffreq3": 0 }, "geometry": { "type": "Point", "coordinates": [ 5.758933, 50.991282 ] } },
{ "type": "Feature", "properties": { "dist": 0.0593662, "ffreq2": 0, "ffreq3": 0 }, "geometry": { "type": "Point", "coordinates": [ 5.759502, 50.99128 ] } },
{ "type": "Feature", "properties": { "dist": 0.0812247, "ffreq2": 0, "ffreq3": 0 }, "geometry": { "type": "Point", "coordinates": [ 5.760072, 50.991279 ] } },
{ "type": "Feature", "properties": { "dist": 0.103029, "ffreq2": 0, "ffreq3": 0 }, "geometry": { "type": "Point", "coordinates": [ 5.760642, 50.991277 ] } },
{ "type": "Feature", "properties": { "dist": 0.12481, "ffreq2": 0, "ffreq3": 0 }, "geometry": { "type": "Point", "coordinates": [ 5.761212, 50.991275 ] } },
{ "type": "Feature", "properties": { "dist": 0.152165, "ffreq2": 0, "ffreq3": 0 }, "geometry": { "type": "Point", "coordinates": [ 5.761781, 50.991273 ] } },
{ "type": "Feature", "properties": { "dist": 0.0, "ffreq2": 0, "ffreq3": 0 }, "geometry": { "type": "Point", "coordinates": [ 5.757221, 50.990928 ] } },
{ "type": "Feature", "properties": { "dist": 0.0122243, "ffreq2": 0, "ffreq3": 0 }, "geometry": { "type": "Point", "coordinates": [ 5.757791, 50.990926 ] } },
{ "type": "Feature", "properties": { "dist": 0.0373395, "ffreq2": 0, "ffreq3": 0 }, "geometry": { "type": "Point", "coordinates": [ 5.75836, 50.990925 ] } },
{ "type": "Feature", "properties": { "dist": 0.0593662, "ffreq2": 0, "ffreq3": 0 }, "geometry": { "type": "Point", "coordinates": [ 5.75893, 50.990923 ] } },
{ "type": "Feature", "properties": { "dist": 0.0921488, "ffreq2": 0, "ffreq3": 0 }, "geometry": { "type": "Point", "coordinates": [ 5.7595, 50.990921 ] } },
{ "type": "Feature", "properties": { "dist": 0.103029, "ffreq2": 0, "ffreq3": 0 }, "geometry": { "type": "Point", "coordinates": [ 5.760069, 50.990919 ] } },
{ "type": "Feature", "properties": { "dist": 0.12481, "ffreq2": 0, "ffreq3": 0 }, "geometry": { "type": "Point", "coordinates": [ 5.760639, 50.990917 ] } },
{ "type": "Feature", "properties": { "dist": 0.146578, "ffreq2": 0, "ffreq3": 0 }, "geometry": { "type": "Point", "coordinates": [ 5.761209, 50.990915 ] } },
{ "type": "Feature", "properties": { "dist": 0.166504, "ffreq2": 0, "ffreq3": 0 }, "geometry": { "type": "Point", "coordinates": [ 5.761778, 50.990914 ] } },
{ "type": "Feature", "properties": { "dist": 0.0, "ffreq2": 0, "ffreq3": 0 }, "geometry": { "type": "Point", "coordinates": [ 5.756648, 50.99057 ] } },
{ "type": "Feature", "properties": { "dist": 0.0122243, "ffreq2": 0, "ffreq3": 0 }, "geometry": { "type": "Point", "coordinates": [ 5.757218, 50.990569 ] } },
{ "type": "Feature", "properties": { "dist": 0.0373395, "ffreq2": 0, "ffreq3": 0 }, "geometry": { "type": "Point", "coordinates": [ 5.757788, 50.990567 ] } },
{ "type": "Feature", "properties": { "dist": 0.0593662, "ffreq2": 0, "ffreq3": 0 }, "geometry": { "type": "Point", "coordinates": [ 5.758357, 50.990565 ] } },
{ "type": "Feature", "properties": { "dist": 0.0812247, "ffreq2": 0, "ffreq3": 0 }, "geometry": { "type": "Point", "coordinates": [ 5.758927, 50.990563 ] } },
{ "type": "Feature", "properties": { "dist": 0.103029, "ffreq2": 0, "ffreq3": 0 }, "geometry": { "type": "Point", "coordinates": [ 5.759497, 50.990561 ] } },
{ "type": "Feature", "properties": { "dist": 0.135698, "ffreq2": 0, "ffreq3": 0 }, "geometry": { "type": "Point", "coordinates": [ 5.760066, 50.990559 ] } },
{ "type": "Feature", "properties": { "dist": 0.146578, "ffreq2": 0, "ffreq3": 0 }, "geometry": { "type": "Point", "coordinates": [ 5.760636, 50.990558 ] } },
{ "type": "Feature", "properties": { "dist": 0.168339, "ffreq2": 0, "ffreq3": 0 }, "geometry": { "type": "Point", "coordinates": [ 5.761206, 50.990556 ] } },
{ "type": "Feature", "properties": { "dist": 0.190094, "ffreq2": 0, "ffreq3": 0 }, "geometry": { "type": "Point", "coordinates": [ 5.761775, 50.990554 ] } },
{ "type": "Feature", "properties": { "dist": 0.206375, "ffreq2": 0, "ffreq3": 0 }, "geometry": { "type": "Point", "coordinates": [ 5.762345, 50.990552 ] } },
{ "type": "Feature", "properties": { "dist": 0.00135803, "ffreq2": 0, "ffreq3": 0 }, "geometry": { "type": "Point", "coordinates": [ 5.756645, 50.990211 ] } },
{ "type": "Feature", "properties": { "dist": 0.0316663, "ffreq2": 0, "ffreq3": 0 }, "geometry": { "type": "Point", "coordinates": [ 5.757215, 50.990209 ] } },
{ "type": "Feature", "properties": { "dist": 0.0593636, "ffreq2": 0, "ffreq3": 0 }, "geometry": { "type": "Point", "coordinates": [ 5.757785, 50.990207 ] } },
{ "type": "Feature", "properties": { "dist": 0.0812247, "ffreq2": 0, "ffreq3": 0 }, "geometry": { "type": "Point", "coordinates": [ 5.758354, 50.990205 ] } },
{ "type": "Feature", "properties": { "dist": 0.103029, "ffreq2": 0, "ffreq3": 0 }, "geometry": { "type": "Point", "coordinates": [ 5.758924, 50.990204 ] } },
{ "type": "Feature", "properties": { "dist": 0.12481, "ffreq2": 0, "ffreq3": 0 }, "geometry": { "type": "Point", "coordinates": [ 5.759494, 50.990202 ] } },
{ "type": "Feature", "properties": { "dist": 0.146578, "ffreq2": 0, "ffreq3": 0 }, "geometry": { "type": "Point", "coordinates": [ 5.760063, 50.9902 ] } },
{ "type": "Feature", "properties": { "dist": 0.179213, "ffreq2": 0, "ffreq3": 0 }, "geometry": { "type": "Point", "coordinates": [ 5.760633, 50.990198 ] } },
{ "type": "Feature", "properties": { "dist": 0.190094, "ffreq2": 0, "ffreq3": 0 }, "geometry": { "type": "Point", "coordinates": [ 5.761203, 50.990196 ] } },
{ "type": "Feature", "properties": { "dist": 0.211846, "ffreq2": 0, "ffreq3": 0 }, "geometry": { "type": "Point", "coordinates": [ 5.761773, 50.990194 ] } },
{ "type": "Feature", "properties": { "dist": 0.233596, "ffreq2": 0, "ffreq3": 0 }, "geometry": { "type": "Point", "coordinates": [ 5.762342, 50.990193 ] } },
{ "type": "Feature", "properties": { "dist": 0.0, "ffreq2": 0, "ffreq3": 0 }, "geometry": { "type": "Point", "coordinates": [ 5.756073, 50.989853 ] } },
{ "type": "Feature", "properties": { "dist": 0.0122243, "ffreq2": 0, "ffreq3": 0 }, "geometry": { "type": "Point", "coordinates": [ 5.756642, 50.989851 ] } },
{ "type": "Feature", "properties": { "dist": 0.0484884, "ffreq2": 0, "ffreq3": 0 }, "geometry": { "type": "Point", "coordinates": [ 5.757212, 50.98985 ] } },
{ "type": "Feature", "properties": { "dist": 0.0756869, "ffreq2": 0, "ffreq3": 0 }, "geometry": { "type": "Point", "coordinates": [ 5.757782, 50.989848 ] } },
{ "type": "Feature", "properties": { "dist": 0.103027, "ffreq2": 0, "ffreq3": 0 }, "geometry": { "type": "Point", "coordinates": [ 5.758352, 50.989846 ] } },
{ "type": "Feature", "properties": { "dist": 0.12481, "ffreq2": 0, "ffreq3": 0 }, "geometry": { "type": "Point", "coordinates": [ 5.758921, 50.989844 ] } },
{ "type": "Feature", "properties": { "dist": 0.146578, "ffreq2": 0, "ffreq3": 0 }, "geometry": { "type": "Point", "coordinates": [ 5.759491, 50.989842 ] } },
{ "type": "Feature", "properties": { "dist": 0.168339, "ffreq2": 0, "ffreq3": 0 }, "geometry": { "type": "Point", "coordinates": [ 5.760061, 50.98984 ] } },
{ "type": "Feature", "properties": { "dist": 0.190094, "ffreq2": 0, "ffreq3": 0 }, "geometry": { "type": "Point", "coordinates": [ 5.76063, 50.989839 ] } },
{ "type": "Feature", "properties": { "dist": 0.222715, "ffreq2": 0, "ffreq3": 0 }, "geometry": { "type": "Point", "coordinates": [ 5.7612, 50.989837 ] } },
{ "type": "Feature", "properties": { "dist": 0.233596, "ffreq2": 0, "ffreq3": 0 }, "geometry": { "type": "Point", "coordinates": [ 5.76177, 50.989835 ] } },
{ "type": "Feature", "properties": { "dist": 0.255343, "ffreq2": 0, "ffreq3": 0 }, "geometry": { "type": "Point", "coordinates": [ 5.762339, 50.989833 ] } },
{ "type": "Feature", "properties": { "dist": 0.275265, "ffreq2": 0, "ffreq3": 0 }, "geometry": { "type": "Point", "coordinates": [ 5.762909, 50.989831 ] } },
{ "type": "Feature", "properties": { "dist": 0.0, "ffreq2": 0, "ffreq3": 0 }, "geometry": { "type": "Point", "coordinates": [ 5.7555, 50.989495 ] } },
{ "type": "Feature", "properties": { "dist": 0.0054321, "ffreq2": 0, "ffreq3": 0 }, "geometry": { "type": "Point", "coordinates": [ 5.75607, 50.989494 ] } },
{ "type": "Feature", "properties": { "dist": 0.0373369, "ffreq2": 0, "ffreq3": 0 }, "geometry": { "type": "Point", "coordinates": [ 5.75664, 50.989492 ] } },
{ "type": "Feature", "properties": { "dist": 0.0593662, "ffreq2": 0, "ffreq3": 0 }, "geometry": { "type": "Point", "coordinates": [ 5.757209, 50.98949 ] } },
{ "type": "Feature", "properties": { "dist": 0.0921516, "ffreq2": 0, "ffreq3": 0 }, "geometry": { "type": "Point", "coordinates": [ 5.757779, 50.989488 ] } },
{ "type": "Feature", "properties": { "dist": 0.119308, "ffreq2": 0, "ffreq3": 0 }, "geometry": { "type": "Point", "coordinates": [ 5.758349, 50.989486 ] } },
{ "type": "Feature", "properties": { "dist": 0.146576, "ffreq2": 0, "ffreq3": 0 }, "geometry": { "type": "Point", "coordinates": [ 5.758918, 50.989485 ] } },
{ "type": "Feature", "properties": { "dist": 0.168339, "ffreq2": 0, "ffreq3": 0 }, "geometry": { "type": "Point", "coordinates": [ 5.759488, 50.989483 ] } },
{ "type": "Feature", "properties": { "dist": 0.190094, "ffreq2": 0, "ffreq3": 0 }, "geometry": { "type": "Point", "coordinates": [ 5.760058, 50.989481 ] } },
{ "type": "Feature", "properties": { "dist": 0.211846, "ffreq2": 0, "ffreq3": 0 }, "geometry": { "type": "Point", "coordinates": [ 5.760627, 50.989479 ] } },
{ "type": "Feature", "properties": { "dist": 0.233596, "ffreq2": 0, "ffreq3": 0 }, "geometry": { "type": "Point", "coordinates": [ 5.761197, 50.989477 ] } },
{ "type": "Feature", "properties": { "dist": 0.266209, "ffreq2": 0, "ffreq3": 0 }, "geometry": { "type": "Point", "coordinates": [ 5.761767, 50.989475 ] } },
{ "type": "Feature", "properties": { "dist": 0.27709, "ffreq2": 0, "ffreq3": 0 }, "geometry": { "type": "Point", "coordinates": [ 5.762336, 50.989473 ] } },
{ "type": "Feature", "properties": { "dist": 0.298835, "ffreq2": 0, "ffreq3": 0 }, "geometry": { "type": "Point", "coordinates": [ 5.762906, 50.989472 ] } },
{ "type": "Feature", "properties": { "dist": 0.326079, "ffreq2": 0, "ffreq3": 0 }, "geometry": { "type": "Point", "coordinates": [ 5.763476, 50.98947 ] } },
{ "type": "Feature", "properties": { "dist": 0.0, "ffreq2": 0, "ffreq3": 0 }, "geometry": { "type": "Point", "coordinates": [ 5.755497, 50.989136 ] } },
{ "type": "Feature", "properties": { "dist": 0.0264645, "ffreq2": 0, "ffreq3": 0 }, "geometry": { "type": "Point", "coordinates": [ 5.756067, 50.989134 ] } },
{ "type": "Feature", "properties": { "dist": 0.0537889, "ffreq2": 0, "ffreq3": 0 }, "geometry": { "type": "Point", "coordinates": [ 5.756637, 50.989132 ] } },
{ "type": "Feature", "properties": { "dist": 0.081222, "ffreq2": 0, "ffreq3": 0 }, "geometry": { "type": "Point", "coordinates": [ 5.757206, 50.98913 ] } },
{ "type": "Feature", "properties": { "dist": 0.103029, "ffreq2": 0, "ffreq3": 0 }, "geometry": { "type": "Point", "coordinates": [ 5.757776, 50.989129 ] } },
{ "type": "Feature", "properties": { "dist": 0.1357, "ffreq2": 0, "ffreq3": 0 }, "geometry": { "type": "Point", "coordinates": [ 5.758346, 50.989127 ] } },
{ "type": "Feature", "properties": { "dist": 0.162853, "ffreq2": 0, "ffreq3": 0 }, "geometry": { "type": "Point", "coordinates": [ 5.758915, 50.989125 ] } },
{ "type": "Feature", "properties": { "dist": 0.190091, "ffreq2": 0, "ffreq3": 0 }, "geometry": { "type": "Point", "coordinates": [ 5.759485, 50.989123 ] } },
{ "type": "Feature", "properties": { "dist": 0.211846, "ffreq2": 0, "ffreq3": 0 }, "geometry": { "type": "Point", "coordinates": [ 5.760055, 50.989121 ] } },
{ "type": "Feature", "properties": { "dist": 0.233596, "ffreq2": 0, "ffreq3": 0 }, "geometry": { "type": "Point", "coordinates": [ 5.760624, 50.989119 ] } },
{ "type": "Feature", "properties": { "dist": 0.255343, "ffreq2": 0, "ffreq3": 0 }, "geometry": { "type": "Point", "coordinates": [ 5.761194, 50.989118 ] } },
{ "type": "Feature", "properties": { "dist": 0.27709, "ffreq2": 0, "ffreq3": 0 }, "geometry": { "type": "Point", "coordinates": [ 5.761764, 50.989116 ] } },
{ "type": "Feature", "properties": { "dist": 0.309699, "ffreq2": 0, "ffreq3": 0 }, "geometry": { "type": "Point", "coordinates": [ 5.762333, 50.989114 ] } },
{ "type": "Feature", "properties": { "dist": 0.32058, "ffreq2": 0, "ffreq3": 0 }, "geometry": { "type": "Point", "coordinates": [ 5.762903, 50.989112 ] } },
{ "type": "Feature", "properties": { "dist": 0.342324, "ffreq2": 0, "ffreq3": 0 }, "geometry": { "type": "Point", "coordinates": [ 5.763473, 50.98911 ] } },
{ "type": "Feature", "properties": { "dist": 0.0, "ffreq2": 0, "ffreq3": 0 }, "geometry": { "type": "Point", "coordinates": [ 5.754925, 50.988778 ] } },
{ "type": "Feature", "properties": { "dist": 0.0054321, "ffreq2": 0, "ffreq3": 0 }, "geometry": { "type": "Point", "coordinates": [ 5.755495, 50.988776 ] } },
{ "type": "Feature", "properties": { "dist": 0.0373369, "ffreq2": 0, "ffreq3": 0 }, "geometry": { "type": "Point", "coordinates": [ 5.756064, 50.988775 ] } },
{ "type": "Feature", "properties": { "dist": 0.0703468, "ffreq2": 0, "ffreq3": 0 }, "geometry": { "type": "Point", "coordinates": [ 5.756634, 50.988773 ] } },
{ "type": "Feature", "properties": { "dist": 0.0975136, "ffreq2": 0, "ffreq3": 0 }, "geometry": { "type": "Point", "coordinates": [ 5.757204, 50.988771 ] } },
{ "type": "Feature", "properties": { "dist": 0.124808, "ffreq2": 0, "ffreq3": 0 }, "geometry": { "type": "Point", "coordinates": [ 5.757773, 50.988769 ] } },
{ "type": "Feature", "properties": { "dist": 0.146578, "ffreq2": 0, "ffreq3": 0 }, "geometry": { "type": "Point", "coordinates": [ 5.758343, 50.988767 ] } },
{ "type": "Feature", "properties": { "dist": 0.179216, "ffreq2": 0, "ffreq3": 0 }, "geometry": { "type": "Point", "coordinates": [ 5.758913, 50.988765 ] } },
{ "type": "Feature", "properties": { "dist": 0.20637, "ffreq2": 0, "ffreq3": 0 }, "geometry": { "type": "Point", "coordinates": [ 5.759482, 50.988764 ] } },
{ "type": "Feature", "properties": { "dist": 0.233593, "ffreq2": 0, "ffreq3": 0 }, "geometry": { "type": "Point", "coordinates": [ 5.760052, 50.988762 ] } },
{ "type": "Feature", "properties": { "dist": 0.255343, "ffreq2": 0, "ffreq3": 0 }, "geometry": { "type": "Point", "coordinates": [ 5.760621, 50.98876 ] } },
{ "type": "Feature", "properties": { "dist": 0.27709, "ffreq2": 0, "ffreq3": 0 }, "geometry": { "type": "Point", "coordinates": [ 5.761191, 50.988758 ] } },
{ "type": "Feature", "properties": { "dist": 0.298835, "ffreq2": 0, "ffreq3": 0 }, "geometry": { "type": "Point", "coordinates": [ 5.761761, 50.988756 ] } },
{ "type": "Feature", "properties": { "dist": 0.32058, "ffreq2": 0, "ffreq3": 0 }, "geometry": { "type": "Point", "coordinates": [ 5.76233, 50.988754 ] } },
{ "type": "Feature", "properties": { "dist": 0.353186, "ffreq2": 0, "ffreq3": 0 }, "geometry": { "type": "Point", "coordinates": [ 5.7629, 50.988753 ] } },
{ "type": "Feature", "properties": { "dist": 0.364067, "ffreq2": 0, "ffreq3": 0 }, "geometry": { "type": "Point", "coordinates": [ 5.76347, 50.988751 ] } },
{ "type": "Feature", "properties": { "dist": 0.380356, "ffreq2": 1, "ffreq3": 0 }, "geometry": { "type": "Point", "coordinates": [ 5.764039, 50.988749 ] } },
{ "type": "Feature", "properties": { "dist": 0.0, "ffreq2": 0, "ffreq3": 0 }, "geometry": { "type": "Point", "coordinates": [ 5.754922, 50.988419 ] } },
{ "type": "Feature", "properties": { "dist": 0.0264645, "ffreq2": 0, "ffreq3": 0 }, "geometry": { "type": "Point", "coordinates": [ 5.755492, 50.988417 ] } },
{ "type": "Feature", "properties": { "dist": 0.0537889, "ffreq2": 0, "ffreq3": 0 }, "geometry": { "type": "Point", "coordinates": [ 5.756061, 50.988415 ] } },
{ "type": "Feature", "properties": { "dist": 0.081222, "ffreq2": 0, "ffreq3": 0 }, "geometry": { "type": "Point", "coordinates": [ 5.756631, 50.988413 ] } },
{ "type": "Feature", "properties": { "dist": 0.113932, "ffreq2": 0, "ffreq3": 0 }, "geometry": { "type": "Point", "coordinates": [ 5.757201, 50.988411 ] } },
{ "type": "Feature", "properties": { "dist": 0.141086, "ffreq2": 0, "ffreq3": 0 }, "geometry": { "type": "Point", "coordinates": [ 5.75777, 50.98841 ] } },
{ "type": "Feature", "properties": { "dist": 0.168336, "ffreq2": 0, "ffreq3": 0 }, "geometry": { "type": "Point", "coordinates": [ 5.75834, 50.988408 ] } },
{ "type": "Feature", "properties": { "dist": 0.190094, "ffreq2": 0, "ffreq3": 0 }, "geometry": { "type": "Point", "coordinates": [ 5.75891, 50.988406 ] } },
{ "type": "Feature", "properties": { "dist": 0.222718, "ffreq2": 0, "ffreq3": 0 }, "geometry": { "type": "Point", "coordinates": [ 5.759479, 50.988404 ] } },
{ "type": "Feature", "properties": { "dist": 0.249874, "ffreq2": 0, "ffreq3": 0 }, "geometry": { "type": "Point", "coordinates": [ 5.760049, 50.988402 ] } },
{ "type": "Feature", "properties": { "dist": 0.277087, "ffreq2": 0, "ffreq3": 0 }, "geometry": { "type": "Point", "coordinates": [ 5.760619, 50.9884 ] } },
{ "type": "Feature", "properties": { "dist": 0.298835, "ffreq2": 0, "ffreq3": 0 }, "geometry": { "type": "Point", "coordinates": [ 5.761188, 50.988399 ] } },
{ "type": "Feature", "properties": { "dist": 0.32058, "ffreq2": 0, "ffreq3": 0 }, "geometry": { "type": "Point", "coordinates": [ 5.761758, 50.988397 ] } },
{ "type": "Feature", "properties": { "dist": 0.342324, "ffreq2": 0, "ffreq3": 0 }, "geometry": { "type": "Point", "coordinates": [ 5.762328, 50.988395 ] } },
{ "type": "Feature", "properties": { "dist": 0.364067, "ffreq2": 0, "ffreq3": 0 }, "geometry": { "type": "Point", "coordinates": [ 5.762897, 50.988393 ] } },
{ "type": "Feature", "properties": { "dist": 0.396672, "ffreq2": 1, "ffreq3": 0 }, "geometry": { "type": "Point", "coordinates": [ 5.763467, 50.988391 ] } },
{ "type": "Feature", "properties": { "dist": 0.407552, "ffreq2": 1, "ffreq3": 0 }, "geometry": { "type": "Point", "coordinates": [ 5.764037, 50.988389 ] } },
{ "type": "Feature", "properties": { "dist": 0.0, "ffreq2": 0, "ffreq3": 0 }, "geometry": { "type": "Point", "coordinates": [ 5.754349, 50.988061 ] } },
{ "type": "Feature", "properties": { "dist": 0.0054321, "ffreq2": 0, "ffreq3": 0 }, "geometry": { "type": "Point", "coordinates": [ 5.754919, 50.988059 ] } },
{ "type": "Feature", "properties": { "dist": 0.0373369, "ffreq2": 1, "ffreq3": 0 }, "geometry": { "type": "Point", "coordinates": [ 5.755489, 50.988057 ] } },
{ "type": "Feature", "properties": { "dist": 0.0703468, "ffreq2": 0, "ffreq3": 0 }, "geometry": { "type": "Point", "coordinates": [ 5.756058, 50.988055 ] } },
{ "type": "Feature", "properties": { "dist": 0.0975136, "ffreq2": 0, "ffreq3": 0 }, "geometry": { "type": "Point", "coordinates": [ 5.756628, 50.988054 ] } },
{ "type": "Feature", "properties": { "dist": 0.124808, "ffreq2": 0, "ffreq3": 0 }, "geometry": { "type": "Point", "coordinates": [ 5.757198, 50.988052 ] } },
{ "type": "Feature", "properties": { "dist": 0.157461, "ffreq2": 0, "ffreq3": 0 }, "geometry": { "type": "Point", "coordinates": [ 5.757767, 50.98805 ] } },
{ "type": "Feature", "properties": { "dist": 0.184614, "ffreq2": 0, "ffreq3": 0 }, "geometry": { "type": "Point", "coordinates": [ 5.758337, 50.988048 ] } },
{ "type": "Feature", "properties": { "dist": 0.211843, "ffreq2": 0, "ffreq3": 0 }, "geometry": { "type": "Point", "coordinates": [ 5.758907, 50.988046 ] } },
{ "type": "Feature", "properties": { "dist": 0.233596, "ffreq2": 0, "ffreq3": 0 }, "geometry": { "type": "Point", "coordinates": [ 5.759476, 50.988044 ] } },
{ "type": "Feature", "properties": { "dist": 0.266212, "ffreq2": 0, "ffreq3": 0 }, "geometry": { "type": "Point", "coordinates": [ 5.760046, 50.988043 ] } },
{ "type": "Feature", "properties": { "dist": 0.29337, "ffreq2": 0, "ffreq3": 0 }, "geometry": { "type": "Point", "coordinates": [ 5.760616, 50.988041 ] } },
{ "type": "Feature", "properties": { "dist": 0.320577, "ffreq2": 0, "ffreq3": 0 }, "geometry": { "type": "Point", "coordinates": [ 5.761185, 50.988039 ] } },
{ "type": "Feature", "properties": { "dist": 0.342324, "ffreq2": 0, "ffreq3": 0 }, "geometry": { "type": "Point", "coordinates": [ 5.761755, 50.988037 ] } },
{ "type": "Feature", "properties": { "dist": 0.364067, "ffreq2": 0, "ffreq3": 0 }, "geometry": { "type": "Point", "coordinates": [ 5.762325, 50.988035 ] } },
{ "type": "Feature", "properties": { "dist": 0.38581, "ffreq2": 0, "ffreq3": 0 }, "geometry": { "type": "Point", "coordinates": [ 5.762894, 50.988033 ] } },
{ "type": "Feature", "properties": { "dist": 0.407552, "ffreq2": 1, "ffreq3": 0 }, "geometry": { "type": "Point", "coordinates": [ 5.763464, 50.988032 ] } },
{ "type": "Feature", "properties": { "dist": 0.440156, "ffreq2": 1, "ffreq3": 0 }, "geometry": { "type": "Point", "coordinates": [ 5.764034, 50.98803 ] } },
{ "type": "Feature", "properties": { "dist": 0.456516, "ffreq2": 1, "ffreq3": 0 }, "geometry": { "type": "Point", "coordinates": [ 5.764603, 50.988028 ] } },
{ "type": "Feature", "properties": { "dist": 0.0, "ffreq2": 0, "ffreq3": 0 }, "geometry": { "type": "Point", "coordinates": [ 5.754347, 50.987701 ] } },
{ "type": "Feature", "properties": { "dist": 0.0264645, "ffreq2": 0, "ffreq3": 0 }, "geometry": { "type": "Point", "coordinates": [ 5.754916, 50.9877 ] } },
{ "type": "Feature", "properties": { "dist": 0.0537889, "ffreq2": 1, "ffreq3": 0 }, "geometry": { "type": "Point", "coordinates": [ 5.755486, 50.987698 ] } },
{ "type": "Feature", "properties": { "dist": 0.081222, "ffreq2": 0, "ffreq3": 0 }, "geometry": { "type": "Point", "coordinates": [ 5.756056, 50.987696 ] } },
{ "type": "Feature", "properties": { "dist": 0.113932, "ffreq2": 0, "ffreq3": 0 }, "geometry": { "type": "Point", "coordinates": [ 5.756625, 50.987694 ] } },
{ "type": "Feature", "properties": { "dist": 0.141086, "ffreq2": 0, "ffreq3": 0 }, "geometry": { "type": "Point", "coordinates": [ 5.757195, 50.987692 ] } },
{ "type": "Feature", "properties": { "dist": 0.168336, "ffreq2": 0, "ffreq3": 0 }, "geometry": { "type": "Point", "coordinates": [ 5.757765, 50.98769 ] } },
{ "type": "Feature", "properties": { "dist": 0.200968, "ffreq2": 0, "ffreq3": 0 }, "geometry": { "type": "Point", "coordinates": [ 5.758334, 50.987689 ] } },
{ "type": "Feature", "properties": { "dist": 0.228123, "ffreq2": 0, "ffreq3": 0 }, "geometry": { "type": "Point", "coordinates": [ 5.758904, 50.987687 ] } },
{ "type": "Feature", "properties": { "dist": 0.255341, "ffreq2": 0, "ffreq3": 0 }, "geometry": { "type": "Point", "coordinates": [ 5.759473, 50.987685 ] } },
{ "type": "Feature", "properties": { "dist": 0.27709, "ffreq2": 0, "ffreq3": 0 }, "geometry": { "type": "Point", "coordinates": [ 5.760043, 50.987683 ] } },
{ "type": "Feature", "properties": { "dist": 0.309702, "ffreq2": 0, "ffreq3": 0 }, "geometry": { "type": "Point", "coordinates": [ 5.760613, 50.987681 ] } },
{ "type": "Feature", "properties": { "dist": 0.336861, "ffreq2": 0, "ffreq3": 0 }, "geometry": { "type": "Point", "coordinates": [ 5.761182, 50.987679 ] } },
{ "type": "Feature", "properties": { "dist": 0.364064, "ffreq2": 0, "ffreq3": 0 }, "geometry": { "type": "Point", "coordinates": [ 5.761752, 50.987678 ] } },
{ "type": "Feature", "properties": { "dist": 0.38581, "ffreq2": 0, "ffreq3": 0 }, "geometry": { "type": "Point", "coordinates": [ 5.762322, 50.987676 ] } },
{ "type": "Feature", "properties": { "dist": 0.407552, "ffreq2": 1, "ffreq3": 0 }, "geometry": { "type": "Point", "coordinates": [ 5.762891, 50.987674 ] } },
{ "type": "Feature", "properties": { "dist": 0.429295, "ffreq2": 1, "ffreq3": 0 }, "geometry": { "type": "Point", "coordinates": [ 5.763461, 50.987672 ] } },
{ "type": "Feature", "properties": { "dist": 0.451037, "ffreq2": 1, "ffreq3": 0 }, "geometry": { "type": "Point", "coordinates": [ 5.764031, 50.98767 ] } },
{ "type": "Feature", "properties": { "dist": 0.483639, "ffreq2": 1, "ffreq3": 0 }, "geometry": { "type": "Point", "coordinates": [ 5.7646, 50.987668 ] } },
{ "type": "Feature", "properties": { "dist": 0.5, "ffreq2": 1, "ffreq3": 0 }, "geometry": { "type": "Point", "coordinates": [ 5.76517, 50.987666 ] } },
{ "type": "Feature", "properties": { "dist": 0.0054321, "ffreq2": 0, "ffreq3": 0 }, "geometry": { "type": "Point", "coordinates": [ 5.754344, 50.987342 ] } },
{ "type": "Feature", "properties": { "dist": 0.0373369, "ffreq2": 0, "ffreq3": 0 }, "geometry": { "type": "Point", "coordinates": [ 5.754913, 50.98734 ] } },
{ "type": "Feature", "properties": { "dist": 0.0703468, "ffreq2": 1, "ffreq3": 0 }, "geometry": { "type": "Point", "coordinates": [ 5.755483, 50.987338 ] } },
{ "type": "Feature", "properties": { "dist": 0.0975136, "ffreq2": 0, "ffreq3": 0 }, "geometry": { "type": "Point", "coordinates": [ 5.756053, 50.987336 ] } },
{ "type": "Feature", "properties": { "dist": 0.124808, "ffreq2": 0, "ffreq3": 0 }, "geometry": { "type": "Point", "coordinates": [ 5.756622, 50.987335 ] } },
{ "type": "Feature", "properties": { "dist": 0.157461, "ffreq2": 0, "ffreq3": 0 }, "geometry": { "type": "Point", "coordinates": [ 5.757192, 50.987333 ] } },
{ "type": "Feature", "properties": { "dist": 0.184614, "ffreq2": 0, "ffreq3": 0 }, "geometry": { "type": "Point", "coordinates": [ 5.757762, 50.987331 ] } },
{ "type": "Feature", "properties": { "dist": 0.211843, "ffreq2": 0, "ffreq3": 0 }, "geometry": { "type": "Point", "coordinates": [ 5.758331, 50.987329 ] } },
{ "type": "Feature", "properties": { "dist": 0.244466, "ffreq2": 0, "ffreq3": 0 }, "geometry": { "type": "Point", "coordinates": [ 5.758901, 50.987327 ] } },
{ "type": "Feature", "properties": { "dist": 0.271622, "ffreq2": 0, "ffreq3": 0 }, "geometry": { "type": "Point", "coordinates": [ 5.759471, 50.987325 ] } },
{ "type": "Feature", "properties": { "dist": 0.298832, "ffreq2": 0, "ffreq3": 0 }, "geometry": { "type": "Point", "coordinates": [ 5.76004, 50.987324 ] } },
{ "type": "Feature", "properties": { "dist": 0.32058, "ffreq2": 0, "ffreq3": 0 }, "geometry": { "type": "Point", "coordinates": [ 5.76061, 50.987322 ] } },
{ "type": "Feature", "properties": { "dist": 0.353189, "ffreq2": 0, "ffreq3": 0 }, "geometry": { "type": "Point", "coordinates": [ 5.76118, 50.98732 ] } },
{ "type": "Feature", "properties": { "dist": 0.38035, "ffreq2": 0, "ffreq3": 0 }, "geometry": { "type": "Point", "coordinates": [ 5.761749, 50.987318 ] } },
{ "type": "Feature", "properties": { "dist": 0.40755, "ffreq2": 1, "ffreq3": 0 }, "geometry": { "type": "Point", "coordinates": [ 5.762319, 50.987316 ] } },
{ "type": "Feature", "properties": { "dist": 0.429295, "ffreq2": 1, "ffreq3": 0 }, "geometry": { "type": "Point", "coordinates": [ 5.762888, 50.987314 ] } },
{ "type": "Feature", "properties": { "dist": 0.451037, "ffreq2": 1, "ffreq3": 0 }, "geometry": { "type": "Point", "coordinates": [ 5.763458, 50.987313 ] } },
{ "type": "Feature", "properties": { "dist": 0.472778, "ffreq2": 1, "ffreq3": 0 }, "geometry": { "type": "Point", "coordinates": [ 5.764028, 50.987311 ] } },
{ "type": "Feature", "properties": { "dist": 0.49452, "ffreq2": 1, "ffreq3": 0 }, "geometry": { "type": "Point", "coordinates": [ 5.764597, 50.987309 ] } },
{ "type": "Feature", "properties": { "dist": 0.521728, "ffreq2": 1, "ffreq3": 0 }, "geometry": { "type": "Point", "coordinates": [ 5.765167, 50.987307 ] } },
{ "type": "Feature", "properties": { "dist": 0.0, "ffreq2": 0, "ffreq3": 0 }, "geometry": { "type": "Point", "coordinates": [ 5.753771, 50.986984 ] } },
{ "type": "Feature", "properties": { "dist": 0.0122243, "ffreq2": 0, "ffreq3": 0 }, "geometry": { "type": "Point", "coordinates": [ 5.754341, 50.986982 ] } },
{ "type": "Feature", "properties": { "dist": 0.0537778, "ffreq2": 1, "ffreq3": 0 }, "geometry": { "type": "Point", "coordinates": [ 5.754911, 50.98698 ] } },
{ "type": "Feature", "properties": { "dist": 0.0812194, "ffreq2": 1, "ffreq3": 0 }, "geometry": { "type": "Point", "coordinates": [ 5.75548, 50.986979 ] } },
{ "type": "Feature", "properties": { "dist": 0.113932, "ffreq2": 1, "ffreq3": 0 }, "geometry": { "type": "Point", "coordinates": [ 5.75605, 50.986977 ] } },
{ "type": "Feature", "properties": { "dist": 0.141086, "ffreq2": 0, "ffreq3": 0 }, "geometry": { "type": "Point", "coordinates": [ 5.756619, 50.986975 ] } },
{ "type": "Feature", "properties": { "dist": 0.168336, "ffreq2": 1, "ffreq3": 0 }, "geometry": { "type": "Point", "coordinates": [ 5.757189, 50.986973 ] } },
{ "type": "Feature", "properties": { "dist": 0.200968, "ffreq2": 1, "ffreq3": 0 }, "geometry": { "type": "Point", "coordinates": [ 5.757759, 50.986971 ] } },
{ "type": "Feature", "properties": { "dist": 0.228123, "ffreq2": 0, "ffreq3": 0 }, "geometry": { "type": "Point", "coordinates": [ 5.758328, 50.98697 ] } },
{ "type": "Feature", "properties": { "dist": 0.255341, "ffreq2": 0, "ffreq3": 0 }, "geometry": { "type": "Point", "coordinates": [ 5.758898, 50.986968 ] } },
{ "type": "Feature", "properties": { "dist": 0.287957, "ffreq2": 0, "ffreq3": 0 }, "geometry": { "type": "Point", "coordinates": [ 5.759468, 50.986966 ] } },
{ "type": "Feature", "properties": { "dist": 0.315116, "ffreq2": 0, "ffreq3": 0 }, "geometry": { "type": "Point", "coordinates": [ 5.760037, 50.986964 ] } },
{ "type": "Feature", "properties": { "dist": 0.342321, "ffreq2": 0, "ffreq3": 0 }, "geometry": { "type": "Point", "coordinates": [ 5.760607, 50.986962 ] } },
{ "type": "Feature", "properties": { "dist": 0.364067, "ffreq2": 0, "ffreq3": 0 }, "geometry": { "type": "Point", "coordinates": [ 5.761177, 50.98696 ] } },
{ "type": "Feature", "properties": { "dist": 0.396675, "ffreq2": 0, "ffreq3": 0 }, "geometry": { "type": "Point", "coordinates": [ 5.761746, 50.986959 ] } },
{ "type": "Feature", "properties": { "dist": 0.423837, "ffreq2": 1, "ffreq3": 0 }, "geometry": { "type": "Point", "coordinates": [ 5.762316, 50.986957 ] } },
{ "type": "Feature", "properties": { "dist": 0.451034, "ffreq2": 1, "ffreq3": 0 }, "geometry": { "type": "Point", "coordinates": [ 5.762886, 50.986955 ] } },
{ "type": "Feature", "properties": { "dist": 0.472778, "ffreq2": 1, "ffreq3": 0 }, "geometry": { "type": "Point", "coordinates": [ 5.763455, 50.986953 ] } },
{ "type": "Feature", "properties": { "dist": 0.49452, "ffreq2": 1, "ffreq3": 0 }, "geometry": { "type": "Point", "coordinates": [ 5.764025, 50.986951 ] } },
{ "type": "Feature", "properties": { "dist": 0.516261, "ffreq2": 1, "ffreq3": 0 }, "geometry": { "type": "Point", "coordinates": [ 5.764594, 50.986949 ] } },
{ "type": "Feature", "properties": { "dist": 0.0, "ffreq2": 0, "ffreq3": 0 }, "geometry": { "type": "Point", "coordinates": [ 5.753199, 50.986626 ] } },
{ "type": "Feature", "properties": { "dist": 0.0054321, "ffreq2": 0, "ffreq3": 0 }, "geometry": { "type": "Point", "coordinates": [ 5.753768, 50.986624 ] } },
{ "type": "Feature", "properties": { "dist": 0.0373369, "ffreq2": 0, "ffreq3": 0 }, "geometry": { "type": "Point", "coordinates": [ 5.754338, 50.986623 ] } },
{ "type": "Feature", "properties": { "dist": 0.0593662, "ffreq2": 1, "ffreq3": 0 }, "geometry": { "type": "Point", "coordinates": [ 5.754908, 50.986621 ] } },
{ "type": "Feature", "properties": { "dist": 0.0975026, "ffreq2": 1, "ffreq3": 0 }, "geometry": { "type": "Point", "coordinates": [ 5.755477, 50.986619 ] } },
{ "type": "Feature", "properties": { "dist": 0.124805, "ffreq2": 1, "ffreq3": 0 }, "geometry": { "type": "Point", "coordinates": [ 5.756047, 50.986617 ] } },
{ "type": "Feature", "properties": { "dist": 0.157461, "ffreq2": 1, "ffreq3": 0 }, "geometry": { "type": "Point", "coordinates": [ 5.756617, 50.986615 ] } },
{ "type": "Feature", "properties": { "dist": 0.184614, "ffreq2": 1, "ffreq3": 0 }, "geometry": { "type": "Point", "coordinates": [ 5.757186, 50.986614 ] } },
{ "type": "Feature", "properties": { "dist": 0.211843, "ffreq2": 1, "ffreq3": 0 }, "geometry": { "type": "Point", "coordinates": [ 5.757756, 50.986612 ] } },
{ "type": "Feature", "properties": { "dist": 0.244466, "ffreq2": 0, "ffreq3": 0 }, "geometry": { "type": "Point", "coordinates": [ 5.758325, 50.98661 ] } },
{ "type": "Feature", "properties": { "dist": 0.271622, "ffreq2": 0, "ffreq3": 0 }, "geometry": { "type": "Point", "coordinates": [ 5.758895, 50.986608 ] } },
{ "type": "Feature", "properties": { "dist": 0.298832, "ffreq2": 0, "ffreq3": 0 }, "geometry": { "type": "Point", "coordinates": [ 5.759465, 50.986606 ] } },
{ "type": "Feature", "properties": { "dist": 0.331446, "ffreq2": 0, "ffreq3": 0 }, "geometry": { "type": "Point", "coordinates": [ 5.760034, 50.986604 ] } },
{ "type": "Feature", "properties": { "dist": 0.358606, "ffreq2": 0, "ffreq3": 0 }, "geometry": { "type": "Point", "coordinates": [ 5.760604, 50.986603 ] } },
{ "type": "Feature", "properties": { "dist": 0.385807, "ffreq2": 0, "ffreq3": 1 }, "geometry": { "type": "Point", "coordinates": [ 5.761174, 50.986601 ] } },
{ "type": "Feature", "properties": { "dist": 0.407552, "ffreq2": 0, "ffreq3": 1 }, "geometry": { "type": "Point", "coordinates": [ 5.761743, 50.986599 ] } },
{ "type": "Feature", "properties": { "dist": 0.440159, "ffreq2": 0, "ffreq3": 0 }, "geometry": { "type": "Point", "coordinates": [ 5.762313, 50.986597 ] } },
{ "type": "Feature", "properties": { "dist": 0.467322, "ffreq2": 1, "ffreq3": 0 }, "geometry": { "type": "Point", "coordinates": [ 5.762883, 50.986595 ] } },
{ "type": "Feature", "properties": { "dist": 0.494517, "ffreq2": 1, "ffreq3": 0 }, "geometry": { "type": "Point", "coordinates": [ 5.763452, 50.986593 ] } },
{ "type": "Feature", "properties": { "dist": 0.516261, "ffreq2": 1, "ffreq3": 0 }, "geometry": { "type": "Point", "coordinates": [ 5.764022, 50.986592 ] } },
{ "type": "Feature", "properties": { "dist": 0.532553, "ffreq2": 1, "ffreq3": 0 }, "geometry": { "type": "Point", "coordinates": [ 5.764591, 50.98659 ] } },
{ "type": "Feature", "properties": { "dist": 0.0, "ffreq2": 0, "ffreq3": 0 }, "geometry": { "type": "Point", "coordinates": [ 5.753196, 50.986267 ] } },
{ "type": "Feature", "properties": { "dist": 0.0264645, "ffreq2": 0, "ffreq3": 0 }, "geometry": { "type": "Point", "coordinates": [ 5.753766, 50.986265 ] } },
{ "type": "Feature", "properties": { "dist": 0.0537889, "ffreq2": 1, "ffreq3": 0 }, "geometry": { "type": "Point", "coordinates": [ 5.754335, 50.986263 ] } },
{ "type": "Feature", "properties": { "dist": 0.081222, "ffreq2": 1, "ffreq3": 0 }, "geometry": { "type": "Point", "coordinates": [ 5.754905, 50.986261 ] } },
{ "type": "Feature", "properties": { "dist": 0.103029, "ffreq2": 1, "ffreq3": 0 }, "geometry": { "type": "Point", "coordinates": [ 5.755474, 50.98626 ] } },
{ "type": "Feature", "properties": { "dist": 0.141075, "ffreq2": 1, "ffreq3": 0 }, "geometry": { "type": "Point", "coordinates": [ 5.756044, 50.986258 ] } },
{ "type": "Feature", "properties": { "dist": 0.168333, "ffreq2": 1, "ffreq3": 0 }, "geometry": { "type": "Point", "coordinates": [ 5.756614, 50.986256 ] } },
{ "type": "Feature", "properties": { "dist": 0.200968, "ffreq2": 1, "ffreq3": 0 }, "geometry": { "type": "Point", "coordinates": [ 5.757183, 50.986254 ] } },
{ "type": "Feature", "properties": { "dist": 0.228123, "ffreq2": 1, "ffreq3": 0 }, "geometry": { "type": "Point", "coordinates": [ 5.757753, 50.986252 ] } },
{ "type": "Feature", "properties": { "dist": 0.255341, "ffreq2": 0, "ffreq3": 0 }, "geometry": { "type": "Point", "coordinates": [ 5.758323, 50.98625 ] } },
{ "type": "Feature", "properties": { "dist": 0.287957, "ffreq2": 0, "ffreq3": 0 }, "geometry": { "type": "Point", "coordinates": [ 5.758892, 50.986249 ] } },
{ "type": "Feature", "properties": { "dist": 0.315116, "ffreq2": 0, "ffreq3": 0 }, "geometry": { "type": "Point", "coordinates": [ 5.759462, 50.986247 ] } },
{ "type": "Feature", "properties": { "dist": 0.342321, "ffreq2": 0, "ffreq3": 0 }, "geometry": { "type": "Point", "coordinates": [ 5.760031, 50.986245 ] } },
{ "type": "Feature", "properties": { "dist": 0.374932, "ffreq2": 0, "ffreq3": 0 }, "geometry": { "type": "Point", "coordinates": [ 5.760601, 50.986243 ] } },
{ "type": "Feature", "properties": { "dist": 0.402094, "ffreq2": 0, "ffreq3": 1 }, "geometry": { "type": "Point", "coordinates": [ 5.761171, 50.986241 ] } },
{ "type": "Feature", "properties": { "dist": 0.429292, "ffreq2": 0, "ffreq3": 1 }, "geometry": { "type": "Point", "coordinates": [ 5.76174, 50.986239 ] } },
{ "type": "Feature", "properties": { "dist": 0.451037, "ffreq2": 0, "ffreq3": 0 }, "geometry": { "type": "Point", "coordinates": [ 5.76231, 50.986238 ] } },
{ "type": "Feature", "properties": { "dist": 0.483642, "ffreq2": 1, "ffreq3": 0 }, "geometry": { "type": "Point", "coordinates": [ 5.76288, 50.986236 ] } },
{ "type": "Feature", "properties": { "dist": 0.510806, "ffreq2": 1, "ffreq3": 0 }, "geometry": { "type": "Point", "coordinates": [ 5.763449, 50.986234 ] } },
{ "type": "Feature", "properties": { "dist": 0.537999, "ffreq2": 1, "ffreq3": 0 }, "geometry": { "type": "Point", "coordinates": [ 5.764019, 50.986232 ] } },
{ "type": "Feature", "properties": { "dist": 0.0, "ffreq2": 0, "ffreq3": 0 }, "geometry": { "type": "Point", "coordinates": [ 5.752623, 50.985909 ] } },
{ "type": "Feature", "properties": { "dist": 0.0122243, "ffreq2": 0, "ffreq3": 0 }, "geometry": { "type": "Point", "coordinates": [ 5.753193, 50.985907 ] } },
{ "type": "Feature", "properties": { "dist": 0.0373395, "ffreq2": 1, "ffreq3": 0 }, "geometry": { "type": "Point", "coordinates": [ 5.753763, 50.985905 ] } },
{ "type": "Feature", "properties": { "dist": 0.0703468, "ffreq2": 1, "ffreq3": 0 }, "geometry": { "type": "Point", "coordinates": [ 5.754332, 50.985904 ] } },
{ "type": "Feature", "properties": { "dist": 0.0975136, "ffreq2": 1, "ffreq3": 0 }, "geometry": { "type": "Point", "coordinates": [ 5.754902, 50.985902 ] } },
{ "type": "Feature", "properties": { "dist": 0.124808, "ffreq2": 1, "ffreq3": 0 }, "geometry": { "type": "Point", "coordinates": [ 5.755472, 50.9859 ] } },
{ "type": "Feature", "properties": { "dist": 0.146578, "ffreq2": 1, "ffreq3": 0 }, "geometry": { "type": "Point", "coordinates": [ 5.756041, 50.985898 ] } },
{ "type": "Feature", "properties": { "dist": 0.184603, "ffreq2": 1, "ffreq3": 0 }, "geometry": { "type": "Point", "coordinates": [ 5.756611, 50.985896 ] } },
{ "type": "Feature", "properties": { "dist": 0.211841, "ffreq2": 1, "ffreq3": 0 }, "geometry": { "type": "Point", "coordinates": [ 5.75718, 50.985895 ] } },
{ "type": "Feature", "properties": { "dist": 0.244466, "ffreq2": 1, "ffreq3": 0 }, "geometry": { "type": "Point", "coordinates": [ 5.75775, 50.985893 ] } },
{ "type": "Feature", "properties": { "dist": 0.271622, "ffreq2": 1, "ffreq3": 0 }, "geometry": { "type": "Point", "coordinates": [ 5.75832, 50.985891 ] } },
{ "type": "Feature", "properties": { "dist": 0.298832, "ffreq2": 1, "ffreq3": 0 }, "geometry": { "type": "Point", "coordinates": [ 5.758889, 50.985889 ] } },
{ "type": "Feature", "properties": { "dist": 0.331446, "ffreq2": 0, "ffreq3": 0 }, "geometry": { "type": "Point", "coordinates": [ 5.759459, 50.985887 ] } },
{ "type": "Feature", "properties": { "dist": 0.358606, "ffreq2": 0, "ffreq3": 0 }, "geometry": { "type": "Point", "coordinates": [ 5.760029, 50.985885 ] } },
{ "type": "Feature", "properties": { "dist": 0.385807, "ffreq2": 0, "ffreq3": 1 }, "geometry": { "type": "Point", "coordinates": [ 5.760598, 50.985884 ] } },
{ "type": "Feature", "properties": { "dist": 0.418417, "ffreq2": 0, "ffreq3": 1 }, "geometry": { "type": "Point", "coordinates": [ 5.761168, 50.985882 ] } },
{ "type": "Feature", "properties": { "dist": 0.44558, "ffreq2": 0, "ffreq3": 1 }, "geometry": { "type": "Point", "coordinates": [ 5.761737, 50.98588 ] } },
{ "type": "Feature", "properties": { "dist": 0.472776, "ffreq2": 0, "ffreq3": 0 }, "geometry": { "type": "Point", "coordinates": [ 5.762307, 50.985878 ] } },
{ "type": "Feature", "properties": { "dist": 0.49452, "ffreq2": 1, "ffreq3": 0 }, "geometry": { "type": "Point", "coordinates": [ 5.762877, 50.985876 ] } },
{ "type": "Feature", "properties": { "dist": 0.527124, "ffreq2": 1, "ffreq3": 0 }, "geometry": { "type": "Point", "coordinates": [ 5.763446, 50.985874 ] } },
{ "type": "Feature", "properties": { "dist": 0.543478, "ffreq2": 1, "ffreq3": 0 }, "geometry": { "type": "Point", "coordinates": [ 5.764016, 50.985872 ] } },
{ "type": "Feature", "properties": { "dist": 0.0, "ffreq2": 0, "ffreq3": 0 }, "geometry": { "type": "Point", "coordinates": [ 5.752621, 50.985549 ] } },
{ "type": "Feature", "properties": { "dist": 0.0316606, "ffreq2": 0, "ffreq3": 0 }, "geometry": { "type": "Point", "coordinates": [ 5.75319, 50.985548 ] } },
{ "type": "Feature", "properties": { "dist": 0.059361, "ffreq2": 1, "ffreq3": 0 }, "geometry": { "type": "Point", "coordinates": [ 5.75376, 50.985546 ] } },
{ "type": "Feature", "properties": { "dist": 0.0812247, "ffreq2": 1, "ffreq3": 0 }, "geometry": { "type": "Point", "coordinates": [ 5.754329, 50.985544 ] } },
{ "type": "Feature", "properties": { "dist": 0.113932, "ffreq2": 1, "ffreq3": 0 }, "geometry": { "type": "Point", "coordinates": [ 5.754899, 50.985542 ] } },
{ "type": "Feature", "properties": { "dist": 0.141086, "ffreq2": 1, "ffreq3": 0 }, "geometry": { "type": "Point", "coordinates": [ 5.755469, 50.98554 ] } },
{ "type": "Feature", "properties": { "dist": 0.168336, "ffreq2": 1, "ffreq3": 0 }, "geometry": { "type": "Point", "coordinates": [ 5.756038, 50.985539 ] } },
{ "type": "Feature", "properties": { "dist": 0.190094, "ffreq2": 1, "ffreq3": 0 }, "geometry": { "type": "Point", "coordinates": [ 5.756608, 50.985537 ] } },
{ "type": "Feature", "properties": { "dist": 0.228112, "ffreq2": 1, "ffreq3": 0 }, "geometry": { "type": "Point", "coordinates": [ 5.757178, 50.985535 ] } },
{ "type": "Feature", "properties": { "dist": 0.255338, "ffreq2": 1, "ffreq3": 0 }, "geometry": { "type": "Point", "coordinates": [ 5.757747, 50.985533 ] } },
{ "type": "Feature", "properties": { "dist": 0.287957, "ffreq2": 1, "ffreq3": 0 }, "geometry": { "type": "Point", "coordinates": [ 5.758317, 50.985531 ] } },
{ "type": "Feature", "properties": { "dist": 0.315116, "ffreq2": 1, "ffreq3": 0 }, "geometry": { "type": "Point", "coordinates": [ 5.758886, 50.98553 ] } },
{ "type": "Feature", "properties": { "dist": 0.342321, "ffreq2": 1, "ffreq3": 0 }, "geometry": { "type": "Point", "coordinates": [ 5.759456, 50.985528 ] } },
{ "type": "Feature", "properties": { "dist": 0.374932, "ffreq2": 1, "ffreq3": 0 }, "geometry": { "type": "Point", "coordinates": [ 5.760026, 50.985526 ] } },
{ "type": "Feature", "properties": { "dist": 0.402094, "ffreq2": 0, "ffreq3": 1 }, "geometry": { "type": "Point", "coordinates": [ 5.760595, 50.985524 ] } },
{ "type": "Feature", "properties": { "dist": 0.429292, "ffreq2": 0, "ffreq3": 1 }, "geometry": { "type": "Point", "coordinates": [ 5.761165, 50.985522 ] } },
{ "type": "Feature", "properties": { "dist": 0.4619, "ffreq2": 0, "ffreq3": 1 }, "geometry": { "type": "Point", "coordinates": [ 5.761735, 50.98552 ] } },
{ "type": "Feature", "properties": { "dist": 0.489064, "ffreq2": 0, "ffreq3": 0 }, "geometry": { "type": "Point", "coordinates": [ 5.762304, 50.985518 ] } },
{ "type": "Feature", "properties": { "dist": 0.516258, "ffreq2": 1, "ffreq3": 0 }, "geometry": { "type": "Point", "coordinates": [ 5.762874, 50.985517 ] } },
{ "type": "Feature", "properties": { "dist": 0.538002, "ffreq2": 1, "ffreq3": 0 }, "geometry": { "type": "Point", "coordinates": [ 5.763443, 50.985515 ] } },
{ "type": "Feature", "properties": { "dist": 0.0, "ffreq2": 0, "ffreq3": 0 }, "geometry": { "type": "Point", "coordinates": [ 5.752048, 50.985192 ] } },
{ "type": "Feature", "properties": { "dist": 0.0054321, "ffreq2": 0, "ffreq3": 0 }, "geometry": { "type": "Point", "coordinates": [ 5.752618, 50.98519 ] } },
{ "type": "Feature", "properties": { "dist": 0.0373369, "ffreq2": 1, "ffreq3": 0 }, "geometry": { "type": "Point", "coordinates": [ 5.753187, 50.985188 ] } },
{ "type": "Feature", "properties": { "dist": 0.0756759, "ffreq2": 1, "ffreq3": 0 }, "geometry": { "type": "Point", "coordinates": [ 5.753757, 50.985186 ] } },
{ "type": "Feature", "properties": { "dist": 0.103024, "ffreq2": 1, "ffreq3": 0 }, "geometry": { "type": "Point", "coordinates": [ 5.754327, 50.985184 ] } },
{ "type": "Feature", "properties": { "dist": 0.12481, "ffreq2": 1, "ffreq3": 0 }, "geometry": { "type": "Point", "coordinates": [ 5.754896, 50.985183 ] } },
{ "type": "Feature", "properties": { "dist": 0.157461, "ffreq2": 1, "ffreq3": 0 }, "geometry": { "type": "Point", "coordinates": [ 5.755466, 50.985181 ] } },
{ "type": "Feature", "properties": { "dist": 0.184614, "ffreq2": 0, "ffreq3": 1 }, "geometry": { "type": "Point", "coordinates": [ 5.756035, 50.985179 ] } },
{ "type": "Feature", "properties": { "dist": 0.211843, "ffreq2": 0, "ffreq3": 1 }, "geometry": { "type": "Point", "coordinates": [ 5.756605, 50.985177 ] } },
{ "type": "Feature", "properties": { "dist": 0.233596, "ffreq2": 0, "ffreq3": 1 }, "geometry": { "type": "Point", "coordinates": [ 5.757175, 50.985175 ] } },
{ "type": "Feature", "properties": { "dist": 0.271611, "ffreq2": 0, "ffreq3": 1 }, "geometry": { "type": "Point", "coordinates": [ 5.757744, 50.985174 ] } },
{ "type": "Feature", "properties": { "dist": 0.29883, "ffreq2": 1, "ffreq3": 0 }, "geometry": { "type": "Point", "coordinates": [ 5.758314, 50.985172 ] } },
{ "type": "Feature", "properties": { "dist": 0.331446, "ffreq2": 1, "ffreq3": 0 }, "geometry": { "type": "Point", "coordinates": [ 5.758884, 50.98517 ] } },
{ "type": "Feature", "properties": { "dist": 0.358606, "ffreq2": 0, "ffreq3": 0 }, "geometry": { "type": "Point", "coordinates": [ 5.759453, 50.985168 ] } },
{ "type": "Feature", "properties": { "dist": 0.385807, "ffreq2": 0, "ffreq3": 1 }, "geometry": { "type": "Point", "coordinates": [ 5.760023, 50.985166 ] } },
{ "type": "Feature", "properties": { "dist": 0.418417, "ffreq2": 0, "ffreq3": 1 }, "geometry": { "type": "Point", "coordinates": [ 5.760592, 50.985164 ] } },
{ "type": "Feature", "properties": { "dist": 0.44558, "ffreq2": 0, "ffreq3": 1 }, "geometry": { "type": "Point", "coordinates": [ 5.761162, 50.985163 ] } },
{ "type": "Feature", "properties": { "dist": 0.472776, "ffreq2": 0, "ffreq3": 1 }, "geometry": { "type": "Point", "coordinates": [ 5.761732, 50.985161 ] } },
{ "type": "Feature", "properties": { "dist": 0.505383, "ffreq2": 0, "ffreq3": 1 }, "geometry": { "type": "Point", "coordinates": [ 5.762301, 50.985159 ] } },
{ "type": "Feature", "properties": { "dist": 0.532548, "ffreq2": 0, "ffreq3": 1 }, "geometry": { "type": "Point", "coordinates": [ 5.762871, 50.985157 ] } },
{ "type": "Feature", "properties": { "dist": 0.554289, "ffreq2": 1, "ffreq3": 0 }, "geometry": { "type": "Point", "coordinates": [ 5.76344, 50.985155 ] } },
{ "type": "Feature", "properties": { "dist": 0.0, "ffreq2": 0, "ffreq3": 0 }, "geometry": { "type": "Point", "coordinates": [ 5.752045, 50.984832 ] } },
{ "type": "Feature", "properties": { "dist": 0.0264645, "ffreq2": 0, "ffreq3": 0 }, "geometry": { "type": "Point", "coordinates": [ 5.752615, 50.98483 ] } },
{ "type": "Feature", "properties": { "dist": 0.0537889, "ffreq2": 1, "ffreq3": 0 }, "geometry": { "type": "Point", "coordinates": [ 5.753184, 50.984829 ] } },
{ "type": "Feature", "properties": { "dist": 0.081222, "ffreq2": 1, "ffreq3": 0 }, "geometry": { "type": "Point", "coordinates": [ 5.753754, 50.984827 ] } },
{ "type": "Feature", "properties": { "dist": 0.119297, "ffreq2": 1, "ffreq3": 0 }, "geometry": { "type": "Point", "coordinates": [ 5.754324, 50.984825 ] } },
{ "type": "Feature", "properties": { "dist": 0.146573, "ffreq2": 1, "ffreq3": 0 }, "geometry": { "type": "Point", "coordinates": [ 5.754893, 50.984823 ] } },
{ "type": "Feature", "properties": { "dist": 0.168339, "ffreq2": 1, "ffreq3": 0 }, "geometry": { "type": "Point", "coordinates": [ 5.755463, 50.984821 ] } },
{ "type": "Feature", "properties": { "dist": 0.200968, "ffreq2": 0, "ffreq3": 1 }, "geometry": { "type": "Point", "coordinates": [ 5.756033, 50.98482 ] } },
{ "type": "Feature", "properties": { "dist": 0.228123, "ffreq2": 0, "ffreq3": 1 }, "geometry": { "type": "Point", "coordinates": [ 5.756602, 50.984818 ] } },
{ "type": "Feature", "properties": { "dist": 0.255341, "ffreq2": 0, "ffreq3": 1 }, "geometry": { "type": "Point", "coordinates": [ 5.757172, 50.984816 ] } },
{ "type": "Feature", "properties": { "dist": 0.27709, "ffreq2": 0, "ffreq3": 1 }, "geometry": { "type": "Point", "coordinates": [ 5.757741, 50.984814 ] } },
{ "type": "Feature", "properties": { "dist": 0.315105, "ffreq2": 0, "ffreq3": 1 }, "geometry": { "type": "Point", "coordinates": [ 5.758311, 50.984812 ] } },
{ "type": "Feature", "properties": { "dist": 0.342318, "ffreq2": 1, "ffreq3": 0 }, "geometry": { "type": "Point", "coordinates": [ 5.758881, 50.98481 ] } },
{ "type": "Feature", "properties": { "dist": 0.374932, "ffreq2": 0, "ffreq3": 0 }, "geometry": { "type": "Point", "coordinates": [ 5.75945, 50.984809 ] } },
{ "type": "Feature", "properties": { "dist": 0.402094, "ffreq2": 0, "ffreq3": 1 }, "geometry": { "type": "Point", "coordinates": [ 5.76002, 50.984807 ] } },
{ "type": "Feature", "properties": { "dist": 0.429292, "ffreq2": 0, "ffreq3": 1 }, "geometry": { "type": "Point", "coordinates": [ 5.760589, 50.984805 ] } },
{ "type": "Feature", "properties": { "dist": 0.4619, "ffreq2": 0, "ffreq3": 1 }, "geometry": { "type": "Point", "coordinates": [ 5.761159, 50.984803 ] } },
{ "type": "Feature", "properties": { "dist": 0.489064, "ffreq2": 0, "ffreq3": 1 }, "geometry": { "type": "Point", "coordinates": [ 5.761729, 50.984801 ] } },
{ "type": "Feature", "properties": { "dist": 0.516258, "ffreq2": 0, "ffreq3": 1 }, "geometry": { "type": "Point", "coordinates": [ 5.762298, 50.984799 ] } },
{ "type": "Feature", "properties": { "dist": 0.548865, "ffreq2": 0, "ffreq3": 1 }, "geometry": { "type": "Point", "coordinates": [ 5.762868, 50.984798 ] } },
{ "type": "Feature", "properties": { "dist": 0.00135803, "ffreq2": 0, "ffreq3": 0 }, "geometry": { "type": "Point", "coordinates": [ 5.752042, 50.984473 ] } },
{ "type": "Feature", "properties": { "dist": 0.0316663, "ffreq2": 1, "ffreq3": 0 }, "geometry": { "type": "Point", "coordinates": [ 5.752612, 50.984471 ] } },
{ "type": "Feature", "properties": { "dist": 0.0703387, "ffreq2": 1, "ffreq3": 0 }, "geometry": { "type": "Point", "coordinates": [ 5.753182, 50.984469 ] } },
{ "type": "Feature", "properties": { "dist": 0.0975136, "ffreq2": 1, "ffreq3": 0 }, "geometry": { "type": "Point", "coordinates": [ 5.753751, 50.984467 ] } },
{ "type": "Feature", "properties": { "dist": 0.124808, "ffreq2": 1, "ffreq3": 0 }, "geometry": { "type": "Point", "coordinates": [ 5.754321, 50.984465 ] } },
{ "type": "Feature", "properties": { "dist": 0.162842, "ffreq2": 1, "ffreq3": 0 }, "geometry": { "type": "Point", "coordinates": [ 5.75489, 50.984464 ] } },
{ "type": "Feature", "properties": { "dist": 0.190089, "ffreq2": 1, "ffreq3": 0 }, "geometry": { "type": "Point", "coordinates": [ 5.75546, 50.984462 ] } },
{ "type": "Feature", "properties": { "dist": 0.211846, "ffreq2": 1, "ffreq3": 0 }, "geometry": { "type": "Point", "coordinates": [ 5.75603, 50.98446 ] } },
{ "type": "Feature", "properties": { "dist": 0.244466, "ffreq2": 1, "ffreq3": 0 }, "geometry": { "type": "Point", "coordinates": [ 5.756599, 50.984458 ] } },
{ "type": "Feature", "properties": { "dist": 0.271622, "ffreq2": 1, "ffreq3": 0 }, "geometry": { "type": "Point", "coordinates": [ 5.757169, 50.984456 ] } },
{ "type": "Feature", "properties": { "dist": 0.298832, "ffreq2": 0, "ffreq3": 0 }, "geometry": { "type": "Point", "coordinates": [ 5.757739, 50.984455 ] } },
{ "type": "Feature", "properties": { "dist": 0.32058, "ffreq2": 0, "ffreq3": 1 }, "geometry": { "type": "Point", "coordinates": [ 5.758308, 50.984453 ] } },
{ "type": "Feature", "properties": { "dist": 0.358595, "ffreq2": 0, "ffreq3": 1 }, "geometry": { "type": "Point", "coordinates": [ 5.758878, 50.984451 ] } },
{ "type": "Feature", "properties": { "dist": 0.385804, "ffreq2": 0, "ffreq3": 1 }, "geometry": { "type": "Point", "coordinates": [ 5.759447, 50.984449 ] } },
{ "type": "Feature", "properties": { "dist": 0.418417, "ffreq2": 0, "ffreq3": 0 }, "geometry": { "type": "Point", "coordinates": [ 5.760017, 50.984447 ] } },
{ "type": "Feature", "properties": { "dist": 0.44558, "ffreq2": 0, "ffreq3": 1 }, "geometry": { "type": "Point", "coordinates": [ 5.760587, 50.984445 ] } },
{ "type": "Feature", "properties": { "dist": 0.472776, "ffreq2": 0, "ffreq3": 1 }, "geometry": { "type": "Point", "coordinates": [ 5.761156, 50.984444 ] } },
{ "type": "Feature", "properties": { "dist": 0.505383, "ffreq2": 0, "ffreq3": 1 }, "geometry": { "type": "Point", "coordinates": [ 5.761726, 50.984442 ] } },
{ "type": "Feature", "properties": { "dist": 0.532548, "ffreq2": 0, "ffreq3": 1 }, "geometry": { "type": "Point", "coordinates": [ 5.762295, 50.98444 ] } },
{ "type": "Feature", "properties": { "dist": 0.554289, "ffreq2": 1, "ffreq3": 0 }, "geometry": { "type": "Point", "coordinates": [ 5.762865, 50.984438 ] } },
{ "type": "Feature", "properties": { "dist": 0.0, "ffreq2": 0, "ffreq3": 0 }, "geometry": { "type": "Point", "coordinates": [ 5.75147, 50.984115 ] } },
{ "type": "Feature", "properties": { "dist": 0.0054321, "ffreq2": 0, "ffreq3": 0 }, "geometry": { "type": "Point", "coordinates": [ 5.75204, 50.984113 ] } },
{ "type": "Feature", "properties": { "dist": 0.0484831, "ffreq2": 1, "ffreq3": 0 }, "geometry": { "type": "Point", "coordinates": [ 5.752609, 50.984111 ] } },
{ "type": "Feature", "properties": { "dist": 0.0756869, "ffreq2": 0, "ffreq3": 0 }, "geometry": { "type": "Point", "coordinates": [ 5.753179, 50.984109 ] } },
{ "type": "Feature", "properties": { "dist": 0.113924, "ffreq2": 1, "ffreq3": 0 }, "geometry": { "type": "Point", "coordinates": [ 5.753748, 50.984108 ] } },
{ "type": "Feature", "properties": { "dist": 0.141086, "ffreq2": 1, "ffreq3": 0 }, "geometry": { "type": "Point", "coordinates": [ 5.754318, 50.984106 ] } },
{ "type": "Feature", "properties": { "dist": 0.168336, "ffreq2": 1, "ffreq3": 0 }, "geometry": { "type": "Point", "coordinates": [ 5.754888, 50.984104 ] } },
{ "type": "Feature", "properties": { "dist": 0.206359, "ffreq2": 1, "ffreq3": 0 }, "geometry": { "type": "Point", "coordinates": [ 5.755457, 50.984102 ] } },
{ "type": "Feature", "properties": { "dist": 0.23359, "ffreq2": 0, "ffreq3": 0 }, "geometry": { "type": "Point", "coordinates": [ 5.756027, 50.9841 ] } },
{ "type": "Feature", "properties": { "dist": 0.255343, "ffreq2": 0, "ffreq3": 0 }, "geometry": { "type": "Point", "coordinates": [ 5.756596, 50.984099 ] } },
{ "type": "Feature", "properties": { "dist": 0.287957, "ffreq2": 0, "ffreq3": 0 }, "geometry": { "type": "Point", "coordinates": [ 5.757166, 50.984097 ] } },
{ "type": "Feature", "properties": { "dist": 0.315116, "ffreq2": 0, "ffreq3": 0 }, "geometry": { "type": "Point", "coordinates": [ 5.757736, 50.984095 ] } },
{ "type": "Feature", "properties": { "dist": 0.342321, "ffreq2": 0, "ffreq3": 1 }, "geometry": { "type": "Point", "coordinates": [ 5.758305, 50.984093 ] } },
{ "type": "Feature", "properties": { "dist": 0.364067, "ffreq2": 0, "ffreq3": 1 }, "geometry": { "type": "Point", "coordinates": [ 5.758875, 50.984091 ] } },
{ "type": "Feature", "properties": { "dist": 0.402083, "ffreq2": 0, "ffreq3": 1 }, "geometry": { "type": "Point", "coordinates": [ 5.759444, 50.984089 ] } },
{ "type": "Feature", "properties": { "dist": 0.429289, "ffreq2": 0, "ffreq3": 0 }, "geometry": { "type": "Point", "coordinates": [ 5.760014, 50.984088 ] } },
{ "type": "Feature", "properties": { "dist": 0.4619, "ffreq2": 0, "ffreq3": 1 }, "geometry": { "type": "Point", "coordinates": [ 5.760584, 50.984086 ] } },
{ "type": "Feature", "properties": { "dist": 0.489064, "ffreq2": 0, "ffreq3": 1 }, "geometry": { "type": "Point", "coordinates": [ 5.761153, 50.984084 ] } },
{ "type": "Feature", "properties": { "dist": 0.516258, "ffreq2": 0, "ffreq3": 1 }, "geometry": { "type": "Point", "coordinates": [ 5.761723, 50.984082 ] } },
{ "type": "Feature", "properties": { "dist": 0.548865, "ffreq2": 0, "ffreq3": 1 }, "geometry": { "type": "Point", "coordinates": [ 5.762292, 50.98408 ] } },
{ "type": "Feature", "properties": { "dist": 0.0, "ffreq2": 1, "ffreq3": 0 }, "geometry": { "type": "Point", "coordinates": [ 5.751467, 50.983755 ] } },
{ "type": "Feature", "properties": { "dist": 0.0264645, "ffreq2": 0, "ffreq3": 0 }, "geometry": { "type": "Point", "coordinates": [ 5.752037, 50.983754 ] } },
{ "type": "Feature", "properties": { "dist": 0.0537889, "ffreq2": 0, "ffreq3": 0 }, "geometry": { "type": "Point", "coordinates": [ 5.752606, 50.983752 ] } },
{ "type": "Feature", "properties": { "dist": 0.0921435, "ffreq2": 0, "ffreq3": 0 }, "geometry": { "type": "Point", "coordinates": [ 5.753176, 50.98375 ] } },
{ "type": "Feature", "properties": { "dist": 0.119308, "ffreq2": 1, "ffreq3": 0 }, "geometry": { "type": "Point", "coordinates": [ 5.753746, 50.983748 ] } },
{ "type": "Feature", "properties": { "dist": 0.157453, "ffreq2": 1, "ffreq3": 0 }, "geometry": { "type": "Point", "coordinates": [ 5.754315, 50.983746 ] } },
{ "type": "Feature", "properties": { "dist": 0.184614, "ffreq2": 1, "ffreq3": 0 }, "geometry": { "type": "Point", "coordinates": [ 5.754885, 50.983745 ] } },
{ "type": "Feature", "properties": { "dist": 0.211843, "ffreq2": 0, "ffreq3": 0 }, "geometry": { "type": "Point", "coordinates": [ 5.755454, 50.983743 ] } },
{ "type": "Feature", "properties": { "dist": 0.249863, "ffreq2": 0, "ffreq3": 0 }, "geometry": { "type": "Point", "coordinates": [ 5.756024, 50.983741 ] } },
{ "type": "Feature", "properties": { "dist": 0.277084, "ffreq2": 0, "ffreq3": 0 }, "geometry": { "type": "Point", "coordinates": [ 5.756594, 50.983739 ] } },
{ "type": "Feature", "properties": { "dist": 0.298835, "ffreq2": 0, "ffreq3": 0 }, "geometry": { "type": "Point", "coordinates": [ 5.757163, 50.983737 ] } },
{ "type": "Feature", "properties": { "dist": 0.331446, "ffreq2": 0, "ffreq3": 1 }, "geometry": { "type": "Point", "coordinates": [ 5.757733, 50.983735 ] } },
{ "type": "Feature", "properties": { "dist": 0.358606, "ffreq2": 0, "ffreq3": 1 }, "geometry": { "type": "Point", "coordinates": [ 5.758302, 50.983734 ] } },
{ "type": "Feature", "properties": { "dist": 0.385807, "ffreq2": 0, "ffreq3": 1 }, "geometry": { "type": "Point", "coordinates": [ 5.758872, 50.983732 ] } },
{ "type": "Feature", "properties": { "dist": 0.407552, "ffreq2": 0, "ffreq3": 1 }, "geometry": { "type": "Point", "coordinates": [ 5.759442, 50.98373 ] } },
{ "type": "Feature", "properties": { "dist": 0.445569, "ffreq2": 0, "ffreq3": 0 }, "geometry": { "type": "Point", "coordinates": [ 5.760011, 50.983728 ] } },
{ "type": "Feature", "properties": { "dist": 0.472773, "ffreq2": 0, "ffreq3": 1 }, "geometry": { "type": "Point", "coordinates": [ 5.760581, 50.983726 ] } },
{ "type": "Feature", "properties": { "dist": 0.505383, "ffreq2": 0, "ffreq3": 1 }, "geometry": { "type": "Point", "coordinates": [ 5.76115, 50.983724 ] } },
{ "type": "Feature", "properties": { "dist": 0.532548, "ffreq2": 0, "ffreq3": 1 }, "geometry": { "type": "Point", "coordinates": [ 5.76172, 50.983723 ] } },
{ "type": "Feature", "properties": { "dist": 0.554289, "ffreq2": 1, "ffreq3": 0 }, "geometry": { "type": "Point", "coordinates": [ 5.76229, 50.983721 ] } },
{ "type": "Feature", "properties": { "dist": 0.0, "ffreq2": 0, "ffreq3": 0 }, "geometry": { "type": "Point", "coordinates": [ 5.750895, 50.983398 ] } },
{ "type": "Feature", "properties": { "dist": 0.0054321, "ffreq2": 0, "ffreq3": 0 }, "geometry": { "type": "Point", "coordinates": [ 5.751464, 50.983396 ] } },
{ "type": "Feature", "properties": { "dist": 0.0373369, "ffreq2": 0, "ffreq3": 0 }, "geometry": { "type": "Point", "coordinates": [ 5.752034, 50.983394 ] } },
{ "type": "Feature", "properties": { "dist": 0.0703468, "ffreq2": 0, "ffreq3": 0 }, "geometry": { "type": "Point", "coordinates": [ 5.752603, 50.983392 ] } },
{ "type": "Feature", "properties": { "dist": 0.0975136, "ffreq2": 0, "ffreq3": 0 }, "geometry": { "type": "Point", "coordinates": [ 5.753173, 50.98339 ] } },
{ "type": "Feature", "properties": { "dist": 0.135692, "ffreq2": 0, "ffreq3": 0 }, "geometry": { "type": "Point", "coordinates": [ 5.753743, 50.983389 ] } },
{ "type": "Feature", "properties": { "dist": 0.162853, "ffreq2": 0, "ffreq3": 0 }, "geometry": { "type": "Point", "coordinates": [ 5.754312, 50.983387 ] } },
{ "type": "Feature", "properties": { "dist": 0.20096, "ffreq2": 0, "ffreq3": 0 }, "geometry": { "type": "Point", "coordinates": [ 5.754882, 50.983385 ] } },
{ "type": "Feature", "properties": { "dist": 0.228123, "ffreq2": 0, "ffreq3": 0 }, "geometry": { "type": "Point", "coordinates": [ 5.755451, 50.983383 ] } },
{ "type": "Feature", "properties": { "dist": 0.255341, "ffreq2": 1, "ffreq3": 0 }, "geometry": { "type": "Point", "coordinates": [ 5.756021, 50.983381 ] } },
{ "type": "Feature", "properties": { "dist": 0.293359, "ffreq2": 0, "ffreq3": 0 }, "geometry": { "type": "Point", "coordinates": [ 5.756591, 50.98338 ] } },
{ "type": "Feature", "properties": { "dist": 0.320574, "ffreq2": 0, "ffreq3": 0 }, "geometry": { "type": "Point", "coordinates": [ 5.75716, 50.983378 ] } },
{ "type": "Feature", "properties": { "dist": 0.342324, "ffreq2": 0, "ffreq3": 1 }, "geometry": { "type": "Point", "coordinates": [ 5.75773, 50.983376 ] } },
{ "type": "Feature", "properties": { "dist": 0.374932, "ffreq2": 0, "ffreq3": 1 }, "geometry": { "type": "Point", "coordinates": [ 5.758299, 50.983374 ] } },
{ "type": "Feature", "properties": { "dist": 0.402094, "ffreq2": 0, "ffreq3": 1 }, "geometry": { "type": "Point", "coordinates": [ 5.758869, 50.983372 ] } },
{ "type": "Feature", "properties": { "dist": 0.429292, "ffreq2": 0, "ffreq3": 1 }, "geometry": { "type": "Point", "coordinates": [ 5.759439, 50.98337 ] } },
{ "type": "Feature", "properties": { "dist": 0.451037, "ffreq2": 0, "ffreq3": 0 }, "geometry": { "type": "Point", "coordinates": [ 5.760008, 50.983369 ] } },
{ "type": "Feature", "properties": { "dist": 0.489053, "ffreq2": 0, "ffreq3": 1 }, "geometry": { "type": "Point", "coordinates": [ 5.760578, 50.983367 ] } },
{ "type": "Feature", "properties": { "dist": 0.516255, "ffreq2": 0, "ffreq3": 1 }, "geometry": { "type": "Point", "coordinates": [ 5.761147, 50.983365 ] } },
{ "type": "Feature", "properties": { "dist": 0.548865, "ffreq2": 1, "ffreq3": 0 }, "geometry": { "type": "Point", "coordinates": [ 5.761717, 50.983363 ] } },
{ "type": "Feature", "properties": { "dist": 0.0, "ffreq2": 0, "ffreq3": 0 }, "geometry": { "type": "Point", "coordinates": [ 5.750892, 50.983038 ] } },
{ "type": "Feature", "properties": { "dist": 0.0264645, "ffreq2": 0, "ffreq3": 0 }, "geometry": { "type": "Point", "coordinates": [ 5.751461, 50.983036 ] } },
{ "type": "Feature", "properties": { "dist": 0.0537889, "ffreq2": 0, "ffreq3": 0 }, "geometry": { "type": "Point", "coordinates": [ 5.752031, 50.983034 ] } },
{ "type": "Feature", "properties": { "dist": 0.081222, "ffreq2": 0, "ffreq3": 0 }, "geometry": { "type": "Point", "coordinates": [ 5.752601, 50.983033 ] } },
{ "type": "Feature", "properties": { "dist": 0.113932, "ffreq2": 0, "ffreq3": 0 }, "geometry": { "type": "Point", "coordinates": [ 5.75317, 50.983031 ] } },
{ "type": "Feature", "properties": { "dist": 0.141086, "ffreq2": 0, "ffreq3": 0 }, "geometry": { "type": "Point", "coordinates": [ 5.75374, 50.983029 ] } },
{ "type": "Feature", "properties": { "dist": 0.179208, "ffreq2": 0, "ffreq3": 0 }, "geometry": { "type": "Point", "coordinates": [ 5.754309, 50.983027 ] } },
{ "type": "Feature", "properties": { "dist": 0.20637, "ffreq2": 0, "ffreq3": 0 }, "geometry": { "type": "Point", "coordinates": [ 5.754879, 50.983025 ] } },
{ "type": "Feature", "properties": { "dist": 0.244457, "ffreq2": 0, "ffreq3": 0 }, "geometry": { "type": "Point", "coordinates": [ 5.755449, 50.983024 ] } },
{ "type": "Feature", "properties": { "dist": 0.271622, "ffreq2": 1, "ffreq3": 0 }, "geometry": { "type": "Point", "coordinates": [ 5.756018, 50.983022 ] } },
{ "type": "Feature", "properties": { "dist": 0.298832, "ffreq2": 0, "ffreq3": 0 }, "geometry": { "type": "Point", "coordinates": [ 5.756588, 50.98302 ] } },
{ "type": "Feature", "properties": { "dist": 0.336851, "ffreq2": 0, "ffreq3": 0 }, "geometry": { "type": "Point", "coordinates": [ 5.757157, 50.983018 ] } },
{ "type": "Feature", "properties": { "dist": 0.364062, "ffreq2": 0, "ffreq3": 1 }, "geometry": { "type": "Point", "coordinates": [ 5.757727, 50.983016 ] } },
{ "type": "Feature", "properties": { "dist": 0.38581, "ffreq2": 0, "ffreq3": 1 }, "geometry": { "type": "Point", "coordinates": [ 5.758297, 50.983015 ] } },
{ "type": "Feature", "properties": { "dist": 0.418417, "ffreq2": 0, "ffreq3": 1 }, "geometry": { "type": "Point", "coordinates": [ 5.758866, 50.983013 ] } },
{ "type": "Feature", "properties": { "dist": 0.44558, "ffreq2": 0, "ffreq3": 1 }, "geometry": { "type": "Point", "coordinates": [ 5.759436, 50.983011 ] } },
{ "type": "Feature", "properties": { "dist": 0.472776, "ffreq2": 0, "ffreq3": 0 }, "geometry": { "type": "Point", "coordinates": [ 5.760005, 50.983009 ] } },
{ "type": "Feature", "properties": { "dist": 0.49452, "ffreq2": 0, "ffreq3": 1 }, "geometry": { "type": "Point", "coordinates": [ 5.760575, 50.983007 ] } },
{ "type": "Feature", "properties": { "dist": 0.532537, "ffreq2": 0, "ffreq3": 1 }, "geometry": { "type": "Point", "coordinates": [ 5.761145, 50.983005 ] } },
{ "type": "Feature", "properties": { "dist": 0.554284, "ffreq2": 1, "ffreq3": 0 }, "geometry": { "type": "Point", "coordinates": [ 5.761714, 50.983004 ] } },
{ "type": "Feature", "properties": { "dist": 0.0, "ffreq2": 0, "ffreq3": 0 }, "geometry": { "type": "Point", "coordinates": [ 5.750319, 50.98268 ] } },
{ "type": "Feature", "properties": { "dist": 0.0122243, "ffreq2": 0, "ffreq3": 0 }, "geometry": { "type": "Point", "coordinates": [ 5.750889, 50.982678 ] } },
{ "type": "Feature", "properties": { "dist": 0.0373395, "ffreq2": 0, "ffreq3": 0 }, "geometry": { "type": "Point", "coordinates": [ 5.751459, 50.982677 ] } },
{ "type": "Feature", "properties": { "dist": 0.0703468, "ffreq2": 0, "ffreq3": 0 }, "geometry": { "type": "Point", "coordinates": [ 5.752028, 50.982675 ] } },
{ "type": "Feature", "properties": { "dist": 0.0975136, "ffreq2": 0, "ffreq3": 0 }, "geometry": { "type": "Point", "coordinates": [ 5.752598, 50.982673 ] } },
{ "type": "Feature", "properties": { "dist": 0.124808, "ffreq2": 1, "ffreq3": 0 }, "geometry": { "type": "Point", "coordinates": [ 5.753167, 50.982671 ] } },
{ "type": "Feature", "properties": { "dist": 0.157461, "ffreq2": 1, "ffreq3": 0 }, "geometry": { "type": "Point", "coordinates": [ 5.753737, 50.982669 ] } },
{ "type": "Feature", "properties": { "dist": 0.184614, "ffreq2": 1, "ffreq3": 0 }, "geometry": { "type": "Point", "coordinates": [ 5.754307, 50.982668 ] } },
{ "type": "Feature", "properties": { "dist": 0.22271, "ffreq2": 1, "ffreq3": 0 }, "geometry": { "type": "Point", "coordinates": [ 5.754876, 50.982666 ] } },
{ "type": "Feature", "properties": { "dist": 0.249874, "ffreq2": 1, "ffreq3": 0 }, "geometry": { "type": "Point", "coordinates": [ 5.755446, 50.982664 ] } },
{ "type": "Feature", "properties": { "dist": 0.287949, "ffreq2": 0, "ffreq3": 1 }, "geometry": { "type": "Point", "coordinates": [ 5.756015, 50.982662 ] } },
{ "type": "Feature", "properties": { "dist": 0.315116, "ffreq2": 0, "ffreq3": 1 }, "geometry": { "type": "Point", "coordinates": [ 5.756585, 50.98266 ] } },
{ "type": "Feature", "properties": { "dist": 0.342321, "ffreq2": 0, "ffreq3": 1 }, "geometry": { "type": "Point", "coordinates": [ 5.757155, 50.982659 ] } },
{ "type": "Feature", "properties": { "dist": 0.380339, "ffreq2": 0, "ffreq3": 1 }, "geometry": { "type": "Point", "coordinates": [ 5.757724, 50.982657 ] } },
{ "type": "Feature", "properties": { "dist": 0.407547, "ffreq2": 0, "ffreq3": 1 }, "geometry": { "type": "Point", "coordinates": [ 5.758294, 50.982655 ] } },
{ "type": "Feature", "properties": { "dist": 0.429295, "ffreq2": 0, "ffreq3": 1 }, "geometry": { "type": "Point", "coordinates": [ 5.758863, 50.982653 ] } },
{ "type": "Feature", "properties": { "dist": 0.4619, "ffreq2": 0, "ffreq3": 0 }, "geometry": { "type": "Point", "coordinates": [ 5.759433, 50.982651 ] } },
{ "type": "Feature", "properties": { "dist": 0.489064, "ffreq2": 0, "ffreq3": 1 }, "geometry": { "type": "Point", "coordinates": [ 5.760002, 50.982649 ] } },
{ "type": "Feature", "properties": { "dist": 0.516258, "ffreq2": 0, "ffreq3": 1 }, "geometry": { "type": "Point", "coordinates": [ 5.760572, 50.982648 ] } },
{ "type": "Feature", "properties": { "dist": 0.538002, "ffreq2": 0, "ffreq3": 1 }, "geometry": { "type": "Point", "coordinates": [ 5.761142, 50.982646 ] } },
{ "type": "Feature", "properties": { "dist": 0.0, "ffreq2": 0, "ffreq3": 0 }, "geometry": { "type": "Point", "coordinates": [ 5.749747, 50.982322 ] } },
{ "type": "Feature", "properties": { "dist": 0.00135803, "ffreq2": 0, "ffreq3": 0 }, "geometry": { "type": "Point", "coordinates": [ 5.750317, 50.982321 ] } },
{ "type": "Feature", "properties": { "dist": 0.0316663, "ffreq2": 1, "ffreq3": 0 }, "geometry": { "type": "Point", "coordinates": [ 5.750886, 50.982319 ] } },
{ "type": "Feature", "properties": { "dist": 0.0593636, "ffreq2": 0, "ffreq3": 0 }, "geometry": { "type": "Point", "coordinates": [ 5.751456, 50.982317 ] } },
{ "type": "Feature", "properties": { "dist": 0.0812247, "ffreq2": 0, "ffreq3": 0 }, "geometry": { "type": "Point", "coordinates": [ 5.752025, 50.982315 ] } },
{ "type": "Feature", "properties": { "dist": 0.113932, "ffreq2": 0, "ffreq3": 0 }, "geometry": { "type": "Point", "coordinates": [ 5.752595, 50.982314 ] } },
{ "type": "Feature", "properties": { "dist": 0.141086, "ffreq2": 1, "ffreq3": 0 }, "geometry": { "type": "Point", "coordinates": [ 5.753165, 50.982312 ] } },
{ "type": "Feature", "properties": { "dist": 0.168336, "ffreq2": 1, "ffreq3": 0 }, "geometry": { "type": "Point", "coordinates": [ 5.753734, 50.98231 ] } },
{ "type": "Feature", "properties": { "dist": 0.200968, "ffreq2": 1, "ffreq3": 0 }, "geometry": { "type": "Point", "coordinates": [ 5.754304, 50.982308 ] } },
{ "type": "Feature", "properties": { "dist": 0.228123, "ffreq2": 1, "ffreq3": 0 }, "geometry": { "type": "Point", "coordinates": [ 5.754873, 50.982306 ] } },
{ "type": "Feature", "properties": { "dist": 0.266204, "ffreq2": 1, "ffreq3": 0 }, "geometry": { "type": "Point", "coordinates": [ 5.755443, 50.982305 ] } },
{ "type": "Feature", "properties": { "dist": 0.29337, "ffreq2": 0, "ffreq3": 1 }, "geometry": { "type": "Point", "coordinates": [ 5.756012, 50.982303 ] } },
{ "type": "Feature", "properties": { "dist": 0.331438, "ffreq2": 0, "ffreq3": 1 }, "geometry": { "type": "Point", "coordinates": [ 5.756582, 50.982301 ] } },
{ "type": "Feature", "properties": { "dist": 0.358606, "ffreq2": 0, "ffreq3": 1 }, "geometry": { "type": "Point", "coordinates": [ 5.757152, 50.982299 ] } },
{ "type": "Feature", "properties": { "dist": 0.385807, "ffreq2": 0, "ffreq3": 1 }, "geometry": { "type": "Point", "coordinates": [ 5.757721, 50.982297 ] } },
{ "type": "Feature", "properties": { "dist": 0.423826, "ffreq2": 0, "ffreq3": 1 }, "geometry": { "type": "Point", "coordinates": [ 5.758291, 50.982295 ] } },
{ "type": "Feature", "properties": { "dist": 0.451031, "ffreq2": 0, "ffreq3": 1 }, "geometry": { "type": "Point", "coordinates": [ 5.75886, 50.982294 ] } },
{ "type": "Feature", "properties": { "dist": 0.472778, "ffreq2": 0, "ffreq3": 0 }, "geometry": { "type": "Point", "coordinates": [ 5.75943, 50.982292 ] } },
{ "type": "Feature", "properties": { "dist": 0.505383, "ffreq2": 0, "ffreq3": 1 }, "geometry": { "type": "Point", "coordinates": [ 5.76, 50.98229 ] } },
{ "type": "Feature", "properties": { "dist": 0.532548, "ffreq2": 0, "ffreq3": 1 }, "geometry": { "type": "Point", "coordinates": [ 5.760569, 50.982288 ] } },
{ "type": "Feature", "properties": { "dist": 0.554289, "ffreq2": 0, "ffreq3": 1 }, "geometry": { "type": "Point", "coordinates": [ 5.761139, 50.982286 ] } },
{ "type": "Feature", "properties": { "dist": 0.0, "ffreq2": 0, "ffreq3": 0 }, "geometry": { "type": "Point", "coordinates": [ 5.749175, 50.981965 ] } },
{ "type": "Feature", "properties": { "dist": 0.00135803, "ffreq2": 0, "ffreq3": 0 }, "geometry": { "type": "Point", "coordinates": [ 5.749744, 50.981963 ] } },
{ "type": "Feature", "properties": { "dist": 0.0264697, "ffreq2": 0, "ffreq3": 0 }, "geometry": { "type": "Point", "coordinates": [ 5.750314, 50.981961 ] } },
{ "type": "Feature", "properties": { "dist": 0.0484965, "ffreq2": 0, "ffreq3": 0 }, "geometry": { "type": "Point", "coordinates": [ 5.750883, 50.981959 ] } },
{ "type": "Feature", "properties": { "dist": 0.0756869, "ffreq2": 0, "ffreq3": 0 }, "geometry": { "type": "Point", "coordinates": [ 5.751453, 50.981958 ] } },
{ "type": "Feature", "properties": { "dist": 0.103027, "ffreq2": 0, "ffreq3": 0 }, "geometry": { "type": "Point", "coordinates": [ 5.752023, 50.981956 ] } },
{ "type": "Feature", "properties": { "dist": 0.12481, "ffreq2": 1, "ffreq3": 0 }, "geometry": { "type": "Point", "coordinates": [ 5.752592, 50.981954 ] } },
{ "type": "Feature", "properties": { "dist": 0.157461, "ffreq2": 1, "ffreq3": 0 }, "geometry": { "type": "Point", "coordinates": [ 5.753162, 50.981952 ] } },
{ "type": "Feature", "properties": { "dist": 0.184614, "ffreq2": 1, "ffreq3": 0 }, "geometry": { "type": "Point", "coordinates": [ 5.753731, 50.98195 ] } },
{ "type": "Feature", "properties": { "dist": 0.211843, "ffreq2": 1, "ffreq3": 0 }, "geometry": { "type": "Point", "coordinates": [ 5.754301, 50.981949 ] } },
{ "type": "Feature", "properties": { "dist": 0.244466, "ffreq2": 1, "ffreq3": 0 }, "geometry": { "type": "Point", "coordinates": [ 5.75487, 50.981947 ] } },
{ "type": "Feature", "properties": { "dist": 0.271622, "ffreq2": 1, "ffreq3": 0 }, "geometry": { "type": "Point", "coordinates": [ 5.75544, 50.981945 ] } },
{ "type": "Feature", "properties": { "dist": 0.309694, "ffreq2": 0, "ffreq3": 1 }, "geometry": { "type": "Point", "coordinates": [ 5.75601, 50.981943 ] } },
{ "type": "Feature", "properties": { "dist": 0.336861, "ffreq2": 0, "ffreq3": 1 }, "geometry": { "type": "Point", "coordinates": [ 5.756579, 50.981941 ] } },
{ "type": "Feature", "properties": { "dist": 0.374924, "ffreq2": 0, "ffreq3": 1 }, "geometry": { "type": "Point", "coordinates": [ 5.757149, 50.98194 ] } },
{ "type": "Feature", "properties": { "dist": 0.402094, "ffreq2": 0, "ffreq3": 0 }, "geometry": { "type": "Point", "coordinates": [ 5.757718, 50.981938 ] } },
{ "type": "Feature", "properties": { "dist": 0.429292, "ffreq2": 0, "ffreq3": 0 }, "geometry": { "type": "Point", "coordinates": [ 5.758288, 50.981936 ] } },
{ "type": "Feature", "properties": { "dist": 0.467311, "ffreq2": 0, "ffreq3": 1 }, "geometry": { "type": "Point", "coordinates": [ 5.758857, 50.981934 ] } },
{ "type": "Feature", "properties": { "dist": 0.494514, "ffreq2": 0, "ffreq3": 1 }, "geometry": { "type": "Point", "coordinates": [ 5.759427, 50.981932 ] } },
{ "type": "Feature", "properties": { "dist": 0.516261, "ffreq2": 0, "ffreq3": 1 }, "geometry": { "type": "Point", "coordinates": [ 5.759997, 50.98193 ] } },
{ "type": "Feature", "properties": { "dist": 0.548865, "ffreq2": 0, "ffreq3": 1 }, "geometry": { "type": "Point", "coordinates": [ 5.760566, 50.981929 ] } },
{ "type": "Feature", "properties": { "dist": 0.0, "ffreq2": 0, "ffreq3": 0 }, "geometry": { "type": "Point", "coordinates": [ 5.748602, 50.981607 ] } },
{ "type": "Feature", "properties": { "dist": 0.00135803, "ffreq2": 0, "ffreq3": 0 }, "geometry": { "type": "Point", "coordinates": [ 5.749172, 50.981605 ] } },
{ "type": "Feature", "properties": { "dist": 0.0264697, "ffreq2": 0, "ffreq3": 0 }, "geometry": { "type": "Point", "coordinates": [ 5.749741, 50.981603 ] } },
{ "type": "Feature", "properties": { "dist": 0.0484965, "ffreq2": 0, "ffreq3": 0 }, "geometry": { "type": "Point", "coordinates": [ 5.750311, 50.981602 ] } },
{ "type": "Feature", "properties": { "dist": 0.070355, "ffreq2": 0, "ffreq3": 0 }, "geometry": { "type": "Point", "coordinates": [ 5.750881, 50.9816 ] } },
{ "type": "Feature", "properties": { "dist": 0.0921598, "ffreq2": 0, "ffreq3": 0 }, "geometry": { "type": "Point", "coordinates": [ 5.75145, 50.981598 ] } },
{ "type": "Feature", "properties": { "dist": 0.119308, "ffreq2": 0, "ffreq3": 0 }, "geometry": { "type": "Point", "coordinates": [ 5.75202, 50.981596 ] } },
{ "type": "Feature", "properties": { "dist": 0.146576, "ffreq2": 1, "ffreq3": 0 }, "geometry": { "type": "Point", "coordinates": [ 5.752589, 50.981594 ] } },
{ "type": "Feature", "properties": { "dist": 0.168339, "ffreq2": 1, "ffreq3": 0 }, "geometry": { "type": "Point", "coordinates": [ 5.753159, 50.981593 ] } },
{ "type": "Feature", "properties": { "dist": 0.200968, "ffreq2": 1, "ffreq3": 0 }, "geometry": { "type": "Point", "coordinates": [ 5.753728, 50.981591 ] } },
{ "type": "Feature", "properties": { "dist": 0.228123, "ffreq2": 1, "ffreq3": 0 }, "geometry": { "type": "Point", "coordinates": [ 5.754298, 50.981589 ] } },
{ "type": "Feature", "properties": { "dist": 0.255341, "ffreq2": 1, "ffreq3": 0 }, "geometry": { "type": "Point", "coordinates": [ 5.754868, 50.981587 ] } },
{ "type": "Feature", "properties": { "dist": 0.287957, "ffreq2": 1, "ffreq3": 0 }, "geometry": { "type": "Point", "coordinates": [ 5.755437, 50.981585 ] } },
{ "type": "Feature", "properties": { "dist": 0.315116, "ffreq2": 0, "ffreq3": 1 }, "geometry": { "type": "Point", "coordinates": [ 5.756007, 50.981584 ] } },
{ "type": "Feature", "properties": { "dist": 0.353181, "ffreq2": 0, "ffreq3": 0 }, "geometry": { "type": "Point", "coordinates": [ 5.756576, 50.981582 ] } },
{ "type": "Feature", "properties": { "dist": 0.38035, "ffreq2": 0, "ffreq3": 0 }, "geometry": { "type": "Point", "coordinates": [ 5.757146, 50.98158 ] } },
{ "type": "Feature", "properties": { "dist": 0.418409, "ffreq2": 0, "ffreq3": 0 }, "geometry": { "type": "Point", "coordinates": [ 5.757715, 50.981578 ] } },
{ "type": "Feature", "properties": { "dist": 0.44558, "ffreq2": 0, "ffreq3": 1 }, "geometry": { "type": "Point", "coordinates": [ 5.758285, 50.981576 ] } },
{ "type": "Feature", "properties": { "dist": 0.472776, "ffreq2": 0, "ffreq3": 1 }, "geometry": { "type": "Point", "coordinates": [ 5.758855, 50.981574 ] } },
{ "type": "Feature", "properties": { "dist": 0.510795, "ffreq2": 0, "ffreq3": 1 }, "geometry": { "type": "Point", "coordinates": [ 5.759424, 50.981573 ] } },
{ "type": "Feature", "properties": { "dist": 0.537997, "ffreq2": 0, "ffreq3": 1 }, "geometry": { "type": "Point", "coordinates": [ 5.759994, 50.981571 ] } },
{ "type": "Feature", "properties": { "dist": 0.554295, "ffreq2": 0, "ffreq3": 1 }, "geometry": { "type": "Point", "coordinates": [ 5.760563, 50.981569 ] } },
{ "type": "Feature", "properties": { "dist": 0.0, "ffreq2": 0, "ffreq3": 0 }, "geometry": { "type": "Point", "coordinates": [ 5.74803, 50.981249 ] } },
{ "type": "Feature", "properties": { "dist": 0.00135803, "ffreq2": 0, "ffreq3": 0 }, "geometry": { "type": "Point", "coordinates": [ 5.748599, 50.981247 ] } },
{ "type": "Feature", "properties": { "dist": 0.0264697, "ffreq2": 0, "ffreq3": 0 }, "geometry": { "type": "Point", "coordinates": [ 5.749169, 50.981246 ] } },
{ "type": "Feature", "properties": { "dist": 0.0484965, "ffreq2": 0, "ffreq3": 0 }, "geometry": { "type": "Point", "coordinates": [ 5.749739, 50.981244 ] } },
{ "type": "Feature", "properties": { "dist": 0.070355, "ffreq2": 0, "ffreq3": 0 }, "geometry": { "type": "Point", "coordinates": [ 5.750308, 50.981242 ] } },
{ "type": "Feature", "properties": { "dist": 0.0921598, "ffreq2": 0, "ffreq3": 0 }, "geometry": { "type": "Point", "coordinates": [ 5.750878, 50.98124 ] } },
{ "type": "Feature", "properties": { "dist": 0.113941, "ffreq2": 0, "ffreq3": 0 }, "geometry": { "type": "Point", "coordinates": [ 5.751447, 50.981238 ] } },
{ "type": "Feature", "properties": { "dist": 0.135709, "ffreq2": 0, "ffreq3": 0 }, "geometry": { "type": "Point", "coordinates": [ 5.752017, 50.981237 ] } },
{ "type": "Feature", "properties": { "dist": 0.162853, "ffreq2": 1, "ffreq3": 0 }, "geometry": { "type": "Point", "coordinates": [ 5.752586, 50.981235 ] } },
{ "type": "Feature", "properties": { "dist": 0.190091, "ffreq2": 1, "ffreq3": 0 }, "geometry": { "type": "Point", "coordinates": [ 5.753156, 50.981233 ] } },
{ "type": "Feature", "properties": { "dist": 0.211846, "ffreq2": 1, "ffreq3": 0 }, "geometry": { "type": "Point", "coordinates": [ 5.753726, 50.981231 ] } },
{ "type": "Feature", "properties": { "dist": 0.244466, "ffreq2": 1, "ffreq3": 0 }, "geometry": { "type": "Point", "coordinates": [ 5.754295, 50.981229 ] } },
{ "type": "Feature", "properties": { "dist": 0.271622, "ffreq2": 1, "ffreq3": 0 }, "geometry": { "type": "Point", "coordinates": [ 5.754865, 50.981228 ] } },
{ "type": "Feature", "properties": { "dist": 0.298832, "ffreq2": 0, "ffreq3": 0 }, "geometry": { "type": "Point", "coordinates": [ 5.755434, 50.981226 ] } },
{ "type": "Feature", "properties": { "dist": 0.331446, "ffreq2": 0, "ffreq3": 1 }, "geometry": { "type": "Point", "coordinates": [ 5.756004, 50.981224 ] } },
{ "type": "Feature", "properties": { "dist": 0.358606, "ffreq2": 0, "ffreq3": 1 }, "geometry": { "type": "Point", "coordinates": [ 5.756573, 50.981222 ] } },
{ "type": "Feature", "properties": { "dist": 0.396666, "ffreq2": 0, "ffreq3": 1 }, "geometry": { "type": "Point", "coordinates": [ 5.757143, 50.98122 ] } },
{ "type": "Feature", "properties": { "dist": 0.423837, "ffreq2": 0, "ffreq3": 1 }, "geometry": { "type": "Point", "coordinates": [ 5.757713, 50.981219 ] } },
{ "type": "Feature", "properties": { "dist": 0.461892, "ffreq2": 0, "ffreq3": 1 }, "geometry": { "type": "Point", "coordinates": [ 5.758282, 50.981217 ] } },
{ "type": "Feature", "properties": { "dist": 0.489064, "ffreq2": 0, "ffreq3": 1 }, "geometry": { "type": "Point", "coordinates": [ 5.758852, 50.981215 ] } },
{ "type": "Feature", "properties": { "dist": 0.516258, "ffreq2": 0, "ffreq3": 1 }, "geometry": { "type": "Point", "coordinates": [ 5.759421, 50.981213 ] } },
{ "type": "Feature", "properties": { "dist": 0.554278, "ffreq2": 0, "ffreq3": 1 }, "geometry": { "type": "Point", "coordinates": [ 5.759991, 50.981211 ] } },
{ "type": "Feature", "properties": { "dist": 0.0, "ffreq2": 0, "ffreq3": 0 }, "geometry": { "type": "Point", "coordinates": [ 5.747457, 50.980891 ] } },
{ "type": "Feature", "properties": { "dist": 0.00135803, "ffreq2": 0, "ffreq3": 0 }, "geometry": { "type": "Point", "coordinates": [ 5.748027, 50.98089 ] } },
{ "type": "Feature", "properties": { "dist": 0.0264697, "ffreq2": 0, "ffreq3": 0 }, "geometry": { "type": "Point", "coordinates": [ 5.748597, 50.980888 ] } },
{ "type": "Feature", "properties": { "dist": 0.0484965, "ffreq2": 0, "ffreq3": 0 }, "geometry": { "type": "Point", "coordinates": [ 5.749166, 50.980886 ] } },
{ "type": "Feature", "properties": { "dist": 0.070355, "ffreq2": 0, "ffreq3": 0 }, "geometry": { "type": "Point", "coordinates": [ 5.749736, 50.980884 ] } },
{ "type": "Feature", "properties": { "dist": 0.0921598, "ffreq2": 0, "ffreq3": 0 }, "geometry": { "type": "Point", "coordinates": [ 5.750305, 50.980883 ] } },
{ "type": "Feature", "properties": { "dist": 0.113941, "ffreq2": 0, "ffreq3": 0 }, "geometry": { "type": "Point", "coordinates": [ 5.750875, 50.980881 ] } },
{ "type": "Feature", "properties": { "dist": 0.135709, "ffreq2": 0, "ffreq3": 0 }, "geometry": { "type": "Point", "coordinates": [ 5.751444, 50.980879 ] } },
{ "type": "Feature", "properties": { "dist": 0.157469, "ffreq2": 0, "ffreq3": 0 }, "geometry": { "type": "Point", "coordinates": [ 5.752014, 50.980877 ] } },
{ "type": "Feature", "properties": { "dist": 0.179224, "ffreq2": 1, "ffreq3": 0 }, "geometry": { "type": "Point", "coordinates": [ 5.752584, 50.980875 ] } },
{ "type": "Feature", "properties": { "dist": 0.20637, "ffreq2": 1, "ffreq3": 0 }, "geometry": { "type": "Point", "coordinates": [ 5.753153, 50.980874 ] } },
{ "type": "Feature", "properties": { "dist": 0.233593, "ffreq2": 1, "ffreq3": 0 }, "geometry": { "type": "Point", "coordinates": [ 5.753723, 50.980872 ] } },
{ "type": "Feature", "properties": { "dist": 0.255343, "ffreq2": 1, "ffreq3": 0 }, "geometry": { "type": "Point", "coordinates": [ 5.754292, 50.98087 ] } },
{ "type": "Feature", "properties": { "dist": 0.287957, "ffreq2": 0, "ffreq3": 0 }, "geometry": { "type": "Point", "coordinates": [ 5.754862, 50.980868 ] } },
{ "type": "Feature", "properties": { "dist": 0.315116, "ffreq2": 1, "ffreq3": 0 }, "geometry": { "type": "Point", "coordinates": [ 5.755431, 50.980866 ] } },
{ "type": "Feature", "properties": { "dist": 0.342321, "ffreq2": 0, "ffreq3": 1 }, "geometry": { "type": "Point", "coordinates": [ 5.756001, 50.980865 ] } },
{ "type": "Feature", "properties": { "dist": 0.374932, "ffreq2": 0, "ffreq3": 0 }, "geometry": { "type": "Point", "coordinates": [ 5.756571, 50.980863 ] } },
{ "type": "Feature", "properties": { "dist": 0.402094, "ffreq2": 0, "ffreq3": 1 }, "geometry": { "type": "Point", "coordinates": [ 5.75714, 50.980861 ] } },
{ "type": "Feature", "properties": { "dist": 0.44015, "ffreq2": 0, "ffreq3": 1 }, "geometry": { "type": "Point", "coordinates": [ 5.75771, 50.980859 ] } },
{ "type": "Feature", "properties": { "dist": 0.467322, "ffreq2": 0, "ffreq3": 1 }, "geometry": { "type": "Point", "coordinates": [ 5.758279, 50.980857 ] } },
{ "type": "Feature", "properties": { "dist": 0.505375, "ffreq2": 0, "ffreq3": 1 }, "geometry": { "type": "Point", "coordinates": [ 5.758849, 50.980855 ] } },
{ "type": "Feature", "properties": { "dist": 0.532548, "ffreq2": 0, "ffreq3": 1 }, "geometry": { "type": "Point", "coordinates": [ 5.759418, 50.980854 ] } },
{ "type": "Feature", "properties": { "dist": 0.554289, "ffreq2": 0, "ffreq3": 1 }, "geometry": { "type": "Point", "coordinates": [ 5.759988, 50.980852 ] } },
{ "type": "Feature", "properties": { "dist": 0.0, "ffreq2": 0, "ffreq3": 0 }, "geometry": { "type": "Point", "coordinates": [ 5.746885, 50.980534 ] } },
{ "type": "Feature", "properties": { "dist": 0.0054321, "ffreq2": 0, "ffreq3": 0 }, "geometry": { "type": "Point", "coordinates": [ 5.747455, 50.980532 ] } },
{ "type": "Feature", "properties": { "dist": 0.0264697, "ffreq2": 0, "ffreq3": 0 }, "geometry": { "type": "Point", "coordinates": [ 5.748024, 50.98053 ] } },
{ "type": "Feature", "properties": { "dist": 0.0484965, "ffreq2": 0, "ffreq3": 0 }, "geometry": { "type": "Point", "coordinates": [ 5.748594, 50.980528 ] } },
{ "type": "Feature", "properties": { "dist": 0.070355, "ffreq2": 0, "ffreq3": 0 }, "geometry": { "type": "Point", "coordinates": [ 5.749163, 50.980527 ] } },
{ "type": "Feature", "properties": { "dist": 0.0921598, "ffreq2": 0, "ffreq3": 0 }, "geometry": { "type": "Point", "coordinates": [ 5.749733, 50.980525 ] } },
{ "type": "Feature", "properties": { "dist": 0.113941, "ffreq2": 0, "ffreq3": 0 }, "geometry": { "type": "Point", "coordinates": [ 5.750302, 50.980523 ] } },
{ "type": "Feature", "properties": { "dist": 0.135709, "ffreq2": 0, "ffreq3": 0 }, "geometry": { "type": "Point", "coordinates": [ 5.750872, 50.980521 ] } },
{ "type": "Feature", "properties": { "dist": 0.157469, "ffreq2": 1, "ffreq3": 0 }, "geometry": { "type": "Point", "coordinates": [ 5.751442, 50.980519 ] } },
{ "type": "Feature", "properties": { "dist": 0.179224, "ffreq2": 1, "ffreq3": 0 }, "geometry": { "type": "Point", "coordinates": [ 5.752011, 50.980518 ] } },
{ "type": "Feature", "properties": { "dist": 0.200976, "ffreq2": 1, "ffreq3": 0 }, "geometry": { "type": "Point", "coordinates": [ 5.752581, 50.980516 ] } },
{ "type": "Feature", "properties": { "dist": 0.222726, "ffreq2": 1, "ffreq3": 0 }, "geometry": { "type": "Point", "coordinates": [ 5.75315, 50.980514 ] } },
{ "type": "Feature", "properties": { "dist": 0.249874, "ffreq2": 1, "ffreq3": 0 }, "geometry": { "type": "Point", "coordinates": [ 5.75372, 50.980512 ] } },
{ "type": "Feature", "properties": { "dist": 0.277087, "ffreq2": 0, "ffreq3": 0 }, "geometry": { "type": "Point", "coordinates": [ 5.754289, 50.98051 ] } },
{ "type": "Feature", "properties": { "dist": 0.298835, "ffreq2": 1, "ffreq3": 0 }, "geometry": { "type": "Point", "coordinates": [ 5.754859, 50.980509 ] } },
{ "type": "Feature", "properties": { "dist": 0.331446, "ffreq2": 1, "ffreq3": 0 }, "geometry": { "type": "Point", "coordinates": [ 5.755429, 50.980507 ] } },
{ "type": "Feature", "properties": { "dist": 0.358606, "ffreq2": 0, "ffreq3": 1 }, "geometry": { "type": "Point", "coordinates": [ 5.755998, 50.980505 ] } },
{ "type": "Feature", "properties": { "dist": 0.385807, "ffreq2": 0, "ffreq3": 1 }, "geometry": { "type": "Point", "coordinates": [ 5.756568, 50.980503 ] } },
{ "type": "Feature", "properties": { "dist": 0.418417, "ffreq2": 0, "ffreq3": 1 }, "geometry": { "type": "Point", "coordinates": [ 5.757137, 50.980501 ] } },
{ "type": "Feature", "properties": { "dist": 0.44558, "ffreq2": 0, "ffreq3": 1 }, "geometry": { "type": "Point", "coordinates": [ 5.757707, 50.9805 ] } },
{ "type": "Feature", "properties": { "dist": 0.483634, "ffreq2": 0, "ffreq3": 1 }, "geometry": { "type": "Point", "coordinates": [ 5.758276, 50.980498 ] } },
{ "type": "Feature", "properties": { "dist": 0.510806, "ffreq2": 0, "ffreq3": 1 }, "geometry": { "type": "Point", "coordinates": [ 5.758846, 50.980496 ] } },
{ "type": "Feature", "properties": { "dist": 0.548857, "ffreq2": 0, "ffreq3": 1 }, "geometry": { "type": "Point", "coordinates": [ 5.759415, 50.980494 ] } },
{ "type": "Feature", "properties": { "dist": 0.0, "ffreq2": 0, "ffreq3": 0 }, "geometry": { "type": "Point", "coordinates": [ 5.745174, 50.980179 ] } },
{ "type": "Feature", "properties": { "dist": 0.0, "ffreq2": 0, "ffreq3": 0 }, "geometry": { "type": "Point", "coordinates": [ 5.745743, 50.980178 ] } },
{ "type": "Feature", "properties": { "dist": 0.00135803, "ffreq2": 0, "ffreq3": 0 }, "geometry": { "type": "Point", "coordinates": [ 5.746313, 50.980176 ] } },
{ "type": "Feature", "properties": { "dist": 0.0122243, "ffreq2": 0, "ffreq3": 0 }, "geometry": { "type": "Point", "coordinates": [ 5.746882, 50.980174 ] } },
{ "type": "Feature", "properties": { "dist": 0.0373369, "ffreq2": 0, "ffreq3": 0 }, "geometry": { "type": "Point", "coordinates": [ 5.747452, 50.980172 ] } },
{ "type": "Feature", "properties": { "dist": 0.0537889, "ffreq2": 0, "ffreq3": 0 }, "geometry": { "type": "Point", "coordinates": [ 5.748021, 50.980171 ] } },
{ "type": "Feature", "properties": { "dist": 0.070355, "ffreq2": 0, "ffreq3": 0 }, "geometry": { "type": "Point", "coordinates": [ 5.748591, 50.980169 ] } },
{ "type": "Feature", "properties": { "dist": 0.0921598, "ffreq2": 0, "ffreq3": 0 }, "geometry": { "type": "Point", "coordinates": [ 5.749161, 50.980167 ] } },
{ "type": "Feature", "properties": { "dist": 0.113941, "ffreq2": 0, "ffreq3": 0 }, "geometry": { "type": "Point", "coordinates": [ 5.74973, 50.980165 ] } },
{ "type": "Feature", "properties": { "dist": 0.135709, "ffreq2": 0, "ffreq3": 0 }, "geometry": { "type": "Point", "coordinates": [ 5.7503, 50.980163 ] } },
{ "type": "Feature", "properties": { "dist": 0.157469, "ffreq2": 0, "ffreq3": 0 }, "geometry": { "type": "Point", "coordinates": [ 5.750869, 50.980162 ] } },
{ "type": "Feature", "properties": { "dist": 0.179224, "ffreq2": 1, "ffreq3": 0 }, "geometry": { "type": "Point", "coordinates": [ 5.751439, 50.98016 ] } },
{ "type": "Feature", "properties": { "dist": 0.200976, "ffreq2": 1, "ffreq3": 0 }, "geometry": { "type": "Point", "coordinates": [ 5.752008, 50.980158 ] } },
{ "type": "Feature", "properties": { "dist": 0.222726, "ffreq2": 1, "ffreq3": 0 }, "geometry": { "type": "Point", "coordinates": [ 5.752578, 50.980156 ] } },
{ "type": "Feature", "properties": { "dist": 0.244474, "ffreq2": 1, "ffreq3": 0 }, "geometry": { "type": "Point", "coordinates": [ 5.753147, 50.980154 ] } },
{ "type": "Feature", "properties": { "dist": 0.26622, "ffreq2": 0, "ffreq3": 0 }, "geometry": { "type": "Point", "coordinates": [ 5.753717, 50.980153 ] } },
{ "type": "Feature", "properties": { "dist": 0.29337, "ffreq2": 0, "ffreq3": 0 }, "geometry": { "type": "Point", "coordinates": [ 5.754287, 50.980151 ] } },
{ "type": "Feature", "properties": { "dist": 0.320577, "ffreq2": 1, "ffreq3": 0 }, "geometry": { "type": "Point", "coordinates": [ 5.754856, 50.980149 ] } },
{ "type": "Feature", "properties": { "dist": 0.342324, "ffreq2": 1, "ffreq3": 0 }, "geometry": { "type": "Point", "coordinates": [ 5.755426, 50.980147 ] } },
{ "type": "Feature", "properties": { "dist": 0.374932, "ffreq2": 0, "ffreq3": 1 }, "geometry": { "type": "Point", "coordinates": [ 5.755995, 50.980145 ] } },
{ "type": "Feature", "properties": { "dist": 0.402094, "ffreq2": 0, "ffreq3": 0 }, "geometry": { "type": "Point", "coordinates": [ 5.756565, 50.980144 ] } },
{ "type": "Feature", "properties": { "dist": 0.429292, "ffreq2": 0, "ffreq3": 1 }, "geometry": { "type": "Point", "coordinates": [ 5.757134, 50.980142 ] } },
{ "type": "Feature", "properties": { "dist": 0.4619, "ffreq2": 0, "ffreq3": 1 }, "geometry": { "type": "Point", "coordinates": [ 5.757704, 50.98014 ] } },
{ "type": "Feature", "properties": { "dist": 0.489064, "ffreq2": 0, "ffreq3": 1 }, "geometry": { "type": "Point", "coordinates": [ 5.758273, 50.980138 ] } },
{ "type": "Feature", "properties": { "dist": 0.527116, "ffreq2": 0, "ffreq3": 1 }, "geometry": { "type": "Point", "coordinates": [ 5.758843, 50.980136 ] } },
{ "type": "Feature", "properties": { "dist": 0.543478, "ffreq2": 0, "ffreq3": 1 }, "geometry": { "type": "Point", "coordinates": [ 5.759413, 50.980134 ] } },
{ "type": "Feature", "properties": { "dist": 0.0, "ffreq2": 0, "ffreq3": 0 }, "geometry": { "type": "Point", "coordinates": [ 5.743462, 50.979825 ] } },
{ "type": "Feature", "properties": { "dist": 0.0, "ffreq2": 0, "ffreq3": 0 }, "geometry": { "type": "Point", "coordinates": [ 5.744032, 50.979823 ] } },
{ "type": "Feature", "properties": { "dist": 0.0, "ffreq2": 0, "ffreq3": 0 }, "geometry": { "type": "Point", "coordinates": [ 5.744601, 50.979822 ] } },
{ "type": "Feature", "properties": { "dist": 0.0122243, "ffreq2": 0, "ffreq3": 0 }, "geometry": { "type": "Point", "coordinates": [ 5.745171, 50.97982 ] } },
{ "type": "Feature", "properties": { "dist": 0.0316606, "ffreq2": 0, "ffreq3": 0 }, "geometry": { "type": "Point", "coordinates": [ 5.74574, 50.979818 ] } },
{ "type": "Feature", "properties": { "dist": 0.0316663, "ffreq2": 0, "ffreq3": 0 }, "geometry": { "type": "Point", "coordinates": [ 5.74631, 50.979816 ] } },
{ "type": "Feature", "properties": { "dist": 0.0484884, "ffreq2": 0, "ffreq3": 0 }, "geometry": { "type": "Point", "coordinates": [ 5.746879, 50.979815 ] } },
{ "type": "Feature", "properties": { "dist": 0.0593662, "ffreq2": 0, "ffreq3": 0 }, "geometry": { "type": "Point", "coordinates": [ 5.747449, 50.979813 ] } },
{ "type": "Feature", "properties": { "dist": 0.081222, "ffreq2": 0, "ffreq3": 0 }, "geometry": { "type": "Point", "coordinates": [ 5.748019, 50.979811 ] } },
{ "type": "Feature", "properties": { "dist": 0.0975136, "ffreq2": 0, "ffreq3": 0 }, "geometry": { "type": "Point", "coordinates": [ 5.748588, 50.979809 ] } },
{ "type": "Feature", "properties": { "dist": 0.113941, "ffreq2": 0, "ffreq3": 0 }, "geometry": { "type": "Point", "coordinates": [ 5.749158, 50.979807 ] } },
{ "type": "Feature", "properties": { "dist": 0.135709, "ffreq2": 0, "ffreq3": 0 }, "geometry": { "type": "Point", "coordinates": [ 5.749727, 50.979806 ] } },
{ "type": "Feature", "properties": { "dist": 0.157469, "ffreq2": 1, "ffreq3": 0 }, "geometry": { "type": "Point", "coordinates": [ 5.750297, 50.979804 ] } },
{ "type": "Feature", "properties": { "dist": 0.179224, "ffreq2": 1, "ffreq3": 0 }, "geometry": { "type": "Point", "coordinates": [ 5.750866, 50.979802 ] } },
{ "type": "Feature", "properties": { "dist": 0.200976, "ffreq2": 1, "ffreq3": 0 }, "geometry": { "type": "Point", "coordinates": [ 5.751436, 50.9798 ] } },
{ "type": "Feature", "properties": { "dist": 0.222726, "ffreq2": 1, "ffreq3": 0 }, "geometry": { "type": "Point", "coordinates": [ 5.752005, 50.979799 ] } },
{ "type": "Feature", "properties": { "dist": 0.244474, "ffreq2": 1, "ffreq3": 0 }, "geometry": { "type": "Point", "coordinates": [ 5.752575, 50.979797 ] } },
{ "type": "Feature", "properties": { "dist": 0.26622, "ffreq2": 0, "ffreq3": 0 }, "geometry": { "type": "Point", "coordinates": [ 5.753145, 50.979795 ] } },
{ "type": "Feature", "properties": { "dist": 0.287966, "ffreq2": 1, "ffreq3": 0 }, "geometry": { "type": "Point", "coordinates": [ 5.753714, 50.979793 ] } },
{ "type": "Feature", "properties": { "dist": 0.30971, "ffreq2": 1, "ffreq3": 0 }, "geometry": { "type": "Point", "coordinates": [ 5.754284, 50.979791 ] } },
{ "type": "Feature", "properties": { "dist": 0.336861, "ffreq2": 1, "ffreq3": 0 }, "geometry": { "type": "Point", "coordinates": [ 5.754853, 50.979789 ] } },
{ "type": "Feature", "properties": { "dist": 0.364064, "ffreq2": 1, "ffreq3": 0 }, "geometry": { "type": "Point", "coordinates": [ 5.755423, 50.979788 ] } },
{ "type": "Feature", "properties": { "dist": 0.38581, "ffreq2": 0, "ffreq3": 1 }, "geometry": { "type": "Point", "coordinates": [ 5.755992, 50.979786 ] } },
{ "type": "Feature", "properties": { "dist": 0.418417, "ffreq2": 0, "ffreq3": 0 }, "geometry": { "type": "Point", "coordinates": [ 5.756562, 50.979784 ] } },
{ "type": "Feature", "properties": { "dist": 0.44558, "ffreq2": 0, "ffreq3": 0 }, "geometry": { "type": "Point", "coordinates": [ 5.757131, 50.979782 ] } },
{ "type": "Feature", "properties": { "dist": 0.472776, "ffreq2": 0, "ffreq3": 1 }, "geometry": { "type": "Point", "coordinates": [ 5.757701, 50.97978 ] } },
{ "type": "Feature", "properties": { "dist": 0.505383, "ffreq2": 0, "ffreq3": 1 }, "geometry": { "type": "Point", "coordinates": [ 5.758271, 50.979779 ] } },
{ "type": "Feature", "properties": { "dist": 0.532548, "ffreq2": 0, "ffreq3": 1 }, "geometry": { "type": "Point", "coordinates": [ 5.75884, 50.979777 ] } },
{ "type": "Feature", "properties": { "dist": 0.0, "ffreq2": 0, "ffreq3": 0 }, "geometry": { "type": "Point", "coordinates": [ 5.741181, 50.979473 ] } },
{ "type": "Feature", "properties": { "dist": 0.0, "ffreq2": 0, "ffreq3": 0 }, "geometry": { "type": "Point", "coordinates": [ 5.741751, 50.979471 ] } },
{ "type": "Feature", "properties": { "dist": 0.0, "ffreq2": 0, "ffreq3": 0 }, "geometry": { "type": "Point", "coordinates": [ 5.74232, 50.979469 ] } },
{ "type": "Feature", "properties": { "dist": 0.0054321, "ffreq2": 0, "ffreq3": 0 }, "geometry": { "type": "Point", "coordinates": [ 5.74289, 50.979467 ] } },
{ "type": "Feature", "properties": { "dist": 0.0054321, "ffreq2": 0, "ffreq3": 0 }, "geometry": { "type": "Point", "coordinates": [ 5.743459, 50.979466 ] } },
{ "type": "Feature", "properties": { "dist": 0.0264645, "ffreq2": 0, "ffreq3": 0 }, "geometry": { "type": "Point", "coordinates": [ 5.744029, 50.979464 ] } },
{ "type": "Feature", "properties": { "dist": 0.0316606, "ffreq2": 0, "ffreq3": 0 }, "geometry": { "type": "Point", "coordinates": [ 5.744598, 50.979462 ] } },
{ "type": "Feature", "properties": { "dist": 0.0373395, "ffreq2": 0, "ffreq3": 0 }, "geometry": { "type": "Point", "coordinates": [ 5.745168, 50.97946 ] } },
{ "type": "Feature", "properties": { "dist": 0.059361, "ffreq2": 0, "ffreq3": 0 }, "geometry": { "type": "Point", "coordinates": [ 5.745738, 50.979459 ] } },
{ "type": "Feature", "properties": { "dist": 0.0756649, "ffreq2": 0, "ffreq3": 0 }, "geometry": { "type": "Point", "coordinates": [ 5.746307, 50.979457 ] } },
{ "type": "Feature", "properties": { "dist": 0.0756869, "ffreq2": 1, "ffreq3": 0 }, "geometry": { "type": "Point", "coordinates": [ 5.746877, 50.979455 ] } },
{ "type": "Feature", "properties": { "dist": 0.0921516, "ffreq2": 1, "ffreq3": 0 }, "geometry": { "type": "Point", "coordinates": [ 5.747446, 50.979453 ] } },
{ "type": "Feature", "properties": { "dist": 0.103029, "ffreq2": 1, "ffreq3": 0 }, "geometry": { "type": "Point", "coordinates": [ 5.748016, 50.979451 ] } },
{ "type": "Feature", "properties": { "dist": 0.124808, "ffreq2": 0, "ffreq3": 0 }, "geometry": { "type": "Point", "coordinates": [ 5.748585, 50.97945 ] } },
{ "type": "Feature", "properties": { "dist": 0.141086, "ffreq2": 1, "ffreq3": 0 }, "geometry": { "type": "Point", "coordinates": [ 5.749155, 50.979448 ] } },
{ "type": "Feature", "properties": { "dist": 0.157469, "ffreq2": 1, "ffreq3": 0 }, "geometry": { "type": "Point", "coordinates": [ 5.749724, 50.979446 ] } },
{ "type": "Feature", "properties": { "dist": 0.179224, "ffreq2": 1, "ffreq3": 0 }, "geometry": { "type": "Point", "coordinates": [ 5.750294, 50.979444 ] } },
{ "type": "Feature", "properties": { "dist": 0.200976, "ffreq2": 1, "ffreq3": 0 }, "geometry": { "type": "Point", "coordinates": [ 5.750864, 50.979443 ] } },
{ "type": "Feature", "properties": { "dist": 0.222726, "ffreq2": 1, "ffreq3": 0 }, "geometry": { "type": "Point", "coordinates": [ 5.751433, 50.979441 ] } },
{ "type": "Feature", "properties": { "dist": 0.244474, "ffreq2": 1, "ffreq3": 0 }, "geometry": { "type": "Point", "coordinates": [ 5.752003, 50.979439 ] } },
{ "type": "Feature", "properties": { "dist": 0.26622, "ffreq2": 1, "ffreq3": 0 }, "geometry": { "type": "Point", "coordinates": [ 5.752572, 50.979437 ] } },
{ "type": "Feature", "properties": { "dist": 0.287966, "ffreq2": 1, "ffreq3": 0 }, "geometry": { "type": "Point", "coordinates": [ 5.753142, 50.979435 ] } },
{ "type": "Feature", "properties": { "dist": 0.30971, "ffreq2": 1, "ffreq3": 0 }, "geometry": { "type": "Point", "coordinates": [ 5.753711, 50.979434 ] } },
{ "type": "Feature", "properties": { "dist": 0.331454, "ffreq2": 1, "ffreq3": 0 }, "geometry": { "type": "Point", "coordinates": [ 5.754281, 50.979432 ] } },
{ "type": "Feature", "properties": { "dist": 0.353197, "ffreq2": 1, "ffreq3": 0 }, "geometry": { "type": "Point", "coordinates": [ 5.75485, 50.97943 ] } },
{ "type": "Feature", "properties": { "dist": 0.38035, "ffreq2": 1, "ffreq3": 0 }, "geometry": { "type": "Point", "coordinates": [ 5.75542, 50.979428 ] } },
{ "type": "Feature", "properties": { "dist": 0.40755, "ffreq2": 0, "ffreq3": 1 }, "geometry": { "type": "Point", "coordinates": [ 5.755989, 50.979426 ] } },
{ "type": "Feature", "properties": { "dist": 0.429295, "ffreq2": 0, "ffreq3": 1 }, "geometry": { "type": "Point", "coordinates": [ 5.756559, 50.979425 ] } },
{ "type": "Feature", "properties": { "dist": 0.4619, "ffreq2": 1, "ffreq3": 0 }, "geometry": { "type": "Point", "coordinates": [ 5.757129, 50.979423 ] } },
{ "type": "Feature", "properties": { "dist": 0.489064, "ffreq2": 0, "ffreq3": 1 }, "geometry": { "type": "Point", "coordinates": [ 5.757698, 50.979421 ] } },
{ "type": "Feature", "properties": { "dist": 0.516258, "ffreq2": 0, "ffreq3": 1 }, "geometry": { "type": "Point", "coordinates": [ 5.758268, 50.979419 ] } },
{ "type": "Feature", "properties": { "dist": 0.543467, "ffreq2": 0, "ffreq3": 1 }, "geometry": { "type": "Point", "coordinates": [ 5.758837, 50.979417 ] } },
{ "type": "Feature", "properties": { "dist": 0.0, "ffreq2": 0, "ffreq3": 0 }, "geometry": { "type": "Point", "coordinates": [ 5.7389, 50.97912 ] } },
{ "type": "Feature", "properties": { "dist": 0.0, "ffreq2": 0, "ffreq3": 0 }, "geometry": { "type": "Point", "coordinates": [ 5.73947, 50.979118 ] } },
{ "type": "Feature", "properties": { "dist": 0.00135803, "ffreq2": 0, "ffreq3": 0 }, "geometry": { "type": "Point", "coordinates": [ 5.740039, 50.979116 ] } },
{ "type": "Feature", "properties": { "dist": 0.0054321, "ffreq2": 0, "ffreq3": 0 }, "geometry": { "type": "Point", "coordinates": [ 5.740609, 50.979115 ] } },
{ "type": "Feature", "properties": { "dist": 0.0122243, "ffreq2": 0, "ffreq3": 0 }, "geometry": { "type": "Point", "coordinates": [ 5.741178, 50.979113 ] } },
{ "type": "Feature", "properties": { "dist": 0.0316606, "ffreq2": 0, "ffreq3": 0 }, "geometry": { "type": "Point", "coordinates": [ 5.741748, 50.979111 ] } },
{ "type": "Feature", "properties": { "dist": 0.0316606, "ffreq2": 0, "ffreq3": 0 }, "geometry": { "type": "Point", "coordinates": [ 5.742318, 50.97911 ] } },
{ "type": "Feature", "properties": { "dist": 0.0373369, "ffreq2": 0, "ffreq3": 0 }, "geometry": { "type": "Point", "coordinates": [ 5.742887, 50.979108 ] } },
{ "type": "Feature", "properties": { "dist": 0.0537723, "ffreq2": 0, "ffreq3": 0 }, "geometry": { "type": "Point", "coordinates": [ 5.743457, 50.979106 ] } },
{ "type": "Feature", "properties": { "dist": 0.0537889, "ffreq2": 0, "ffreq3": 0 }, "geometry": { "type": "Point", "coordinates": [ 5.744026, 50.979104 ] } },
{ "type": "Feature", "properties": { "dist": 0.0703333, "ffreq2": 0, "ffreq3": 0 }, "geometry": { "type": "Point", "coordinates": [ 5.744596, 50.979102 ] } },
{ "type": "Feature", "properties": { "dist": 0.0756759, "ffreq2": 0, "ffreq3": 0 }, "geometry": { "type": "Point", "coordinates": [ 5.745165, 50.979101 ] } },
{ "type": "Feature", "properties": { "dist": 0.0812247, "ffreq2": 0, "ffreq3": 0 }, "geometry": { "type": "Point", "coordinates": [ 5.745735, 50.979099 ] } },
{ "type": "Feature", "properties": { "dist": 0.103021, "ffreq2": 0, "ffreq3": 0 }, "geometry": { "type": "Point", "coordinates": [ 5.746304, 50.979097 ] } },
{ "type": "Feature", "properties": { "dist": 0.119286, "ffreq2": 0, "ffreq3": 0 }, "geometry": { "type": "Point", "coordinates": [ 5.746874, 50.979095 ] } },
{ "type": "Feature", "properties": { "dist": 0.119308, "ffreq2": 0, "ffreq3": 0 }, "geometry": { "type": "Point", "coordinates": [ 5.747443, 50.979094 ] } },
{ "type": "Feature", "properties": { "dist": 0.1357, "ffreq2": 1, "ffreq3": 0 }, "geometry": { "type": "Point", "coordinates": [ 5.748013, 50.979092 ] } },
{ "type": "Feature", "properties": { "dist": 0.146578, "ffreq2": 1, "ffreq3": 0 }, "geometry": { "type": "Point", "coordinates": [ 5.748583, 50.97909 ] } },
{ "type": "Feature", "properties": { "dist": 0.168336, "ffreq2": 1, "ffreq3": 0 }, "geometry": { "type": "Point", "coordinates": [ 5.749152, 50.979088 ] } },
{ "type": "Feature", "properties": { "dist": 0.184614, "ffreq2": 1, "ffreq3": 0 }, "geometry": { "type": "Point", "coordinates": [ 5.749722, 50.979087 ] } },
{ "type": "Feature", "properties": { "dist": 0.200976, "ffreq2": 1, "ffreq3": 0 }, "geometry": { "type": "Point", "coordinates": [ 5.750291, 50.979085 ] } },
{ "type": "Feature", "properties": { "dist": 0.222726, "ffreq2": 1, "ffreq3": 0 }, "geometry": { "type": "Point", "coordinates": [ 5.750861, 50.979083 ] } },
{ "type": "Feature", "properties": { "dist": 0.244474, "ffreq2": 0, "ffreq3": 0 }, "geometry": { "type": "Point", "coordinates": [ 5.75143, 50.979081 ] } },
{ "type": "Feature", "properties": { "dist": 0.26622, "ffreq2": 1, "ffreq3": 0 }, "geometry": { "type": "Point", "coordinates": [ 5.752, 50.979079 ] } },
{ "type": "Feature", "properties": { "dist": 0.287966, "ffreq2": 1, "ffreq3": 0 }, "geometry": { "type": "Point", "coordinates": [ 5.752569, 50.979078 ] } },
{ "type": "Feature", "properties": { "dist": 0.30971, "ffreq2": 1, "ffreq3": 0 }, "geometry": { "type": "Point", "coordinates": [ 5.753139, 50.979076 ] } },
{ "type": "Feature", "properties": { "dist": 0.331454, "ffreq2": 0, "ffreq3": 0 }, "geometry": { "type": "Point", "coordinates": [ 5.753708, 50.979074 ] } },
{ "type": "Feature", "properties": { "dist": 0.353197, "ffreq2": 0, "ffreq3": 0 }, "geometry": { "type": "Point", "coordinates": [ 5.754278, 50.979072 ] } },
{ "type": "Feature", "properties": { "dist": 0.37494, "ffreq2": 1, "ffreq3": 0 }, "geometry": { "type": "Point", "coordinates": [ 5.754848, 50.97907 ] } },
{ "type": "Feature", "properties": { "dist": 0.396683, "ffreq2": 1, "ffreq3": 0 }, "geometry": { "type": "Point", "coordinates": [ 5.755417, 50.979069 ] } },
{ "type": "Feature", "properties": { "dist": 0.423837, "ffreq2": 0, "ffreq3": 1 }, "geometry": { "type": "Point", "coordinates": [ 5.755987, 50.979067 ] } },
{ "type": "Feature", "properties": { "dist": 0.451034, "ffreq2": 1, "ffreq3": 0 }, "geometry": { "type": "Point", "coordinates": [ 5.756556, 50.979065 ] } },
{ "type": "Feature", "properties": { "dist": 0.472778, "ffreq2": 0, "ffreq3": 1 }, "geometry": { "type": "Point", "coordinates": [ 5.757126, 50.979063 ] } },
{ "type": "Feature", "properties": { "dist": 0.505383, "ffreq2": 0, "ffreq3": 1 }, "geometry": { "type": "Point", "coordinates": [ 5.757695, 50.979061 ] } },
{ "type": "Feature", "properties": { "dist": 0.528931, "ffreq2": 0, "ffreq3": 1 }, "geometry": { "type": "Point", "coordinates": [ 5.758265, 50.97906 ] } },
{ "type": "Feature", "properties": { "dist": 0.0, "ffreq2": 0, "ffreq3": 0 }, "geometry": { "type": "Point", "coordinates": [ 5.738328, 50.978762 ] } },
{ "type": "Feature", "properties": { "dist": 0.0054321, "ffreq2": 0, "ffreq3": 0 }, "geometry": { "type": "Point", "coordinates": [ 5.738897, 50.97876 ] } },
{ "type": "Feature", "properties": { "dist": 0.0264645, "ffreq2": 0, "ffreq3": 0 }, "geometry": { "type": "Point", "coordinates": [ 5.739467, 50.978759 ] } },
{ "type": "Feature", "properties": { "dist": 0.0316663, "ffreq2": 0, "ffreq3": 0 }, "geometry": { "type": "Point", "coordinates": [ 5.740037, 50.978757 ] } },
{ "type": "Feature", "properties": { "dist": 0.0484831, "ffreq2": 0, "ffreq3": 0 }, "geometry": { "type": "Point", "coordinates": [ 5.740606, 50.978755 ] } },
{ "type": "Feature", "properties": { "dist": 0.0537778, "ffreq2": 1, "ffreq3": 0 }, "geometry": { "type": "Point", "coordinates": [ 5.741176, 50.978753 ] } },
{ "type": "Feature", "properties": { "dist": 0.059361, "ffreq2": 0, "ffreq3": 0 }, "geometry": { "type": "Point", "coordinates": [ 5.741745, 50.978752 ] } },
{ "type": "Feature", "properties": { "dist": 0.0756594, "ffreq2": 0, "ffreq3": 0 }, "geometry": { "type": "Point", "coordinates": [ 5.742315, 50.97875 ] } },
{ "type": "Feature", "properties": { "dist": 0.0756759, "ffreq2": 0, "ffreq3": 0 }, "geometry": { "type": "Point", "coordinates": [ 5.742884, 50.978748 ] } },
{ "type": "Feature", "properties": { "dist": 0.0812167, "ffreq2": 0, "ffreq3": 0 }, "geometry": { "type": "Point", "coordinates": [ 5.743454, 50.978746 ] } },
{ "type": "Feature", "properties": { "dist": 0.0974916, "ffreq2": 0, "ffreq3": 0 }, "geometry": { "type": "Point", "coordinates": [ 5.744023, 50.978745 ] } },
{ "type": "Feature", "properties": { "dist": 0.0975136, "ffreq2": 0, "ffreq3": 0 }, "geometry": { "type": "Point", "coordinates": [ 5.744593, 50.978743 ] } },
{ "type": "Feature", "properties": { "dist": 0.113916, "ffreq2": 0, "ffreq3": 0 }, "geometry": { "type": "Point", "coordinates": [ 5.745162, 50.978741 ] } },
{ "type": "Feature", "properties": { "dist": 0.119297, "ffreq2": 0, "ffreq3": 0 }, "geometry": { "type": "Point", "coordinates": [ 5.745732, 50.978739 ] } },
{ "type": "Feature", "properties": { "dist": 0.12481, "ffreq2": 0, "ffreq3": 0 }, "geometry": { "type": "Point", "coordinates": [ 5.746302, 50.978738 ] } },
{ "type": "Feature", "properties": { "dist": 0.14657, "ffreq2": 0, "ffreq3": 0 }, "geometry": { "type": "Point", "coordinates": [ 5.746871, 50.978736 ] } },
{ "type": "Feature", "properties": { "dist": 0.162831, "ffreq2": 0, "ffreq3": 0 }, "geometry": { "type": "Point", "coordinates": [ 5.747441, 50.978734 ] } },
{ "type": "Feature", "properties": { "dist": 0.162853, "ffreq2": 0, "ffreq3": 0 }, "geometry": { "type": "Point", "coordinates": [ 5.74801, 50.978732 ] } },
{ "type": "Feature", "properties": { "dist": 0.179216, "ffreq2": 0, "ffreq3": 0 }, "geometry": { "type": "Point", "coordinates": [ 5.74858, 50.978731 ] } },
{ "type": "Feature", "properties": { "dist": 0.190094, "ffreq2": 0, "ffreq3": 0 }, "geometry": { "type": "Point", "coordinates": [ 5.749149, 50.978729 ] } },
{ "type": "Feature", "properties": { "dist": 0.211843, "ffreq2": 0, "ffreq3": 0 }, "geometry": { "type": "Point", "coordinates": [ 5.749719, 50.978727 ] } },
{ "type": "Feature", "properties": { "dist": 0.228123, "ffreq2": 0, "ffreq3": 0 }, "geometry": { "type": "Point", "coordinates": [ 5.750288, 50.978725 ] } },
{ "type": "Feature", "properties": { "dist": 0.244474, "ffreq2": 1, "ffreq3": 0 }, "geometry": { "type": "Point", "coordinates": [ 5.750858, 50.978723 ] } },
{ "type": "Feature", "properties": { "dist": 0.26622, "ffreq2": 1, "ffreq3": 0 }, "geometry": { "type": "Point", "coordinates": [ 5.751427, 50.978722 ] } },
{ "type": "Feature", "properties": { "dist": 0.287966, "ffreq2": 1, "ffreq3": 0 }, "geometry": { "type": "Point", "coordinates": [ 5.751997, 50.97872 ] } },
{ "type": "Feature", "properties": { "dist": 0.30971, "ffreq2": 1, "ffreq3": 0 }, "geometry": { "type": "Point", "coordinates": [ 5.752566, 50.978718 ] } },
{ "type": "Feature", "properties": { "dist": 0.331454, "ffreq2": 1, "ffreq3": 0 }, "geometry": { "type": "Point", "coordinates": [ 5.753136, 50.978716 ] } },
{ "type": "Feature", "properties": { "dist": 0.353197, "ffreq2": 1, "ffreq3": 0 }, "geometry": { "type": "Point", "coordinates": [ 5.753706, 50.978714 ] } },
{ "type": "Feature", "properties": { "dist": 0.37494, "ffreq2": 1, "ffreq3": 0 }, "geometry": { "type": "Point", "coordinates": [ 5.754275, 50.978713 ] } },
{ "type": "Feature", "properties": { "dist": 0.396683, "ffreq2": 1, "ffreq3": 0 }, "geometry": { "type": "Point", "coordinates": [ 5.754845, 50.978711 ] } },
{ "type": "Feature", "properties": { "dist": 0.418425, "ffreq2": 1, "ffreq3": 0 }, "geometry": { "type": "Point", "coordinates": [ 5.755414, 50.978709 ] } },
{ "type": "Feature", "properties": { "dist": 0.440167, "ffreq2": 0, "ffreq3": 1 }, "geometry": { "type": "Point", "coordinates": [ 5.755984, 50.978707 ] } },
{ "type": "Feature", "properties": { "dist": 0.467322, "ffreq2": 0, "ffreq3": 1 }, "geometry": { "type": "Point", "coordinates": [ 5.756553, 50.978705 ] } },
{ "type": "Feature", "properties": { "dist": 0.494517, "ffreq2": 0, "ffreq3": 1 }, "geometry": { "type": "Point", "coordinates": [ 5.757123, 50.978704 ] } },
{ "type": "Feature", "properties": { "dist": 0.516261, "ffreq2": 0, "ffreq3": 1 }, "geometry": { "type": "Point", "coordinates": [ 5.757692, 50.978702 ] } },
{ "type": "Feature", "properties": { "dist": 0.543462, "ffreq2": 0, "ffreq3": 1 }, "geometry": { "type": "Point", "coordinates": [ 5.758262, 50.9787 ] } },
{ "type": "Feature", "properties": { "dist": 0.0, "ffreq2": 0, "ffreq3": 0 }, "geometry": { "type": "Point", "coordinates": [ 5.737756, 50.978404 ] } },
{ "type": "Feature", "properties": { "dist": 0.0122243, "ffreq2": 0, "ffreq3": 0 }, "geometry": { "type": "Point", "coordinates": [ 5.738325, 50.978403 ] } },
{ "type": "Feature", "properties": { "dist": 0.0373369, "ffreq2": 0, "ffreq3": 0 }, "geometry": { "type": "Point", "coordinates": [ 5.738895, 50.978401 ] } },
{ "type": "Feature", "properties": { "dist": 0.0537889, "ffreq2": 0, "ffreq3": 0 }, "geometry": { "type": "Point", "coordinates": [ 5.739464, 50.978399 ] } },
{ "type": "Feature", "properties": { "dist": 0.0703387, "ffreq2": 1, "ffreq3": 0 }, "geometry": { "type": "Point", "coordinates": [ 5.740034, 50.978397 ] } },
{ "type": "Feature", "properties": { "dist": 0.0756869, "ffreq2": 0, "ffreq3": 0 }, "geometry": { "type": "Point", "coordinates": [ 5.740603, 50.978396 ] } },
{ "type": "Feature", "properties": { "dist": 0.0921353, "ffreq2": 1, "ffreq3": 0 }, "geometry": { "type": "Point", "coordinates": [ 5.741173, 50.978394 ] } },
{ "type": "Feature", "properties": { "dist": 0.0975026, "ffreq2": 0, "ffreq3": 0 }, "geometry": { "type": "Point", "coordinates": [ 5.741742, 50.978392 ] } },
{ "type": "Feature", "properties": { "dist": 0.103019, "ffreq2": 0, "ffreq3": 0 }, "geometry": { "type": "Point", "coordinates": [ 5.742312, 50.97839 ] } },
{ "type": "Feature", "properties": { "dist": 0.119275, "ffreq2": 0, "ffreq3": 0 }, "geometry": { "type": "Point", "coordinates": [ 5.742882, 50.978389 ] } },
{ "type": "Feature", "properties": { "dist": 0.119297, "ffreq2": 0, "ffreq3": 0 }, "geometry": { "type": "Point", "coordinates": [ 5.743451, 50.978387 ] } },
{ "type": "Feature", "properties": { "dist": 0.124802, "ffreq2": 0, "ffreq3": 0 }, "geometry": { "type": "Point", "coordinates": [ 5.744021, 50.978385 ] } },
{ "type": "Feature", "properties": { "dist": 0.141064, "ffreq2": 0, "ffreq3": 0 }, "geometry": { "type": "Point", "coordinates": [ 5.74459, 50.978383 ] } },
{ "type": "Feature", "properties": { "dist": 0.141086, "ffreq2": 0, "ffreq3": 0 }, "geometry": { "type": "Point", "coordinates": [ 5.74516, 50.978382 ] } },
{ "type": "Feature", "properties": { "dist": 0.157444, "ffreq2": 0, "ffreq3": 0 }, "geometry": { "type": "Point", "coordinates": [ 5.745729, 50.97838 ] } },
{ "type": "Feature", "properties": { "dist": 0.162842, "ffreq2": 0, "ffreq3": 0 }, "geometry": { "type": "Point", "coordinates": [ 5.746299, 50.978378 ] } },
{ "type": "Feature", "properties": { "dist": 0.168339, "ffreq2": 0, "ffreq3": 0 }, "geometry": { "type": "Point", "coordinates": [ 5.746868, 50.978376 ] } },
{ "type": "Feature", "properties": { "dist": 0.190086, "ffreq2": 0, "ffreq3": 0 }, "geometry": { "type": "Point", "coordinates": [ 5.747438, 50.978375 ] } },
{ "type": "Feature", "properties": { "dist": 0.206348, "ffreq2": 1, "ffreq3": 0 }, "geometry": { "type": "Point", "coordinates": [ 5.748007, 50.978373 ] } },
{ "type": "Feature", "properties": { "dist": 0.20637, "ffreq2": 0, "ffreq3": 0 }, "geometry": { "type": "Point", "coordinates": [ 5.748577, 50.978371 ] } },
{ "type": "Feature", "properties": { "dist": 0.222718, "ffreq2": 1, "ffreq3": 0 }, "geometry": { "type": "Point", "coordinates": [ 5.749146, 50.978369 ] } },
{ "type": "Feature", "properties": { "dist": 0.233596, "ffreq2": 0, "ffreq3": 0 }, "geometry": { "type": "Point", "coordinates": [ 5.749716, 50.978367 ] } },
{ "type": "Feature", "properties": { "dist": 0.255341, "ffreq2": 1, "ffreq3": 0 }, "geometry": { "type": "Point", "coordinates": [ 5.750285, 50.978366 ] } },
{ "type": "Feature", "properties": { "dist": 0.271622, "ffreq2": 1, "ffreq3": 0 }, "geometry": { "type": "Point", "coordinates": [ 5.750855, 50.978364 ] } },
{ "type": "Feature", "properties": { "dist": 0.287966, "ffreq2": 1, "ffreq3": 0 }, "geometry": { "type": "Point", "coordinates": [ 5.751425, 50.978362 ] } },
{ "type": "Feature", "properties": { "dist": 0.30971, "ffreq2": 1, "ffreq3": 0 }, "geometry": { "type": "Point", "coordinates": [ 5.751994, 50.97836 ] } },
{ "type": "Feature", "properties": { "dist": 0.331454, "ffreq2": 1, "ffreq3": 0 }, "geometry": { "type": "Point", "coordinates": [ 5.752564, 50.978359 ] } },
{ "type": "Feature", "properties": { "dist": 0.353197, "ffreq2": 1, "ffreq3": 0 }, "geometry": { "type": "Point", "coordinates": [ 5.753133, 50.978357 ] } },
{ "type": "Feature", "properties": { "dist": 0.37494, "ffreq2": 1, "ffreq3": 0 }, "geometry": { "type": "Point", "coordinates": [ 5.753703, 50.978355 ] } },
{ "type": "Feature", "properties": { "dist": 0.396683, "ffreq2": 1, "ffreq3": 0 }, "geometry": { "type": "Point", "coordinates": [ 5.754272, 50.978353 ] } },
{ "type": "Feature", "properties": { "dist": 0.418425, "ffreq2": 1, "ffreq3": 0 }, "geometry": { "type": "Point", "coordinates": [ 5.754842, 50.978351 ] } },
{ "type": "Feature", "properties": { "dist": 0.440167, "ffreq2": 1, "ffreq3": 0 }, "geometry": { "type": "Point", "coordinates": [ 5.755411, 50.97835 ] } },
{ "type": "Feature", "properties": { "dist": 0.461908, "ffreq2": 1, "ffreq3": 0 }, "geometry": { "type": "Point", "coordinates": [ 5.755981, 50.978348 ] } },
{ "type": "Feature", "properties": { "dist": 0.48365, "ffreq2": 0, "ffreq3": 1 }, "geometry": { "type": "Point", "coordinates": [ 5.75655, 50.978346 ] } },
{ "type": "Feature", "properties": { "dist": 0.510806, "ffreq2": 0, "ffreq3": 1 }, "geometry": { "type": "Point", "coordinates": [ 5.75712, 50.978344 ] } },
{ "type": "Feature", "properties": { "dist": 0.536177, "ffreq2": 0, "ffreq3": 1 }, "geometry": { "type": "Point", "coordinates": [ 5.757689, 50.978342 ] } },
{ "type": "Feature", "properties": { "dist": 0.0054321, "ffreq2": 0, "ffreq3": 0 }, "geometry": { "type": "Point", "coordinates": [ 5.737183, 50.978046 ] } },
{ "type": "Feature", "properties": { "dist": 0.0264645, "ffreq2": 0, "ffreq3": 0 }, "geometry": { "type": "Point", "coordinates": [ 5.737753, 50.978045 ] } },
{ "type": "Feature", "properties": { "dist": 0.0373395, "ffreq2": 0, "ffreq3": 0 }, "geometry": { "type": "Point", "coordinates": [ 5.738322, 50.978043 ] } },
{ "type": "Feature", "properties": { "dist": 0.0593662, "ffreq2": 0, "ffreq3": 0 }, "geometry": { "type": "Point", "coordinates": [ 5.738892, 50.978041 ] } },
{ "type": "Feature", "properties": { "dist": 0.081222, "ffreq2": 1, "ffreq3": 0 }, "geometry": { "type": "Point", "coordinates": [ 5.739462, 50.97804 ] } },
{ "type": "Feature", "properties": { "dist": 0.0975136, "ffreq2": 1, "ffreq3": 0 }, "geometry": { "type": "Point", "coordinates": [ 5.740031, 50.978038 ] } },
{ "type": "Feature", "properties": { "dist": 0.113924, "ffreq2": 1, "ffreq3": 0 }, "geometry": { "type": "Point", "coordinates": [ 5.740601, 50.978036 ] } },
{ "type": "Feature", "properties": { "dist": 0.119308, "ffreq2": 0, "ffreq3": 0 }, "geometry": { "type": "Point", "coordinates": [ 5.74117, 50.978034 ] } },
{ "type": "Feature", "properties": { "dist": 0.135684, "ffreq2": 0, "ffreq3": 0 }, "geometry": { "type": "Point", "coordinates": [ 5.74174, 50.978033 ] } },
{ "type": "Feature", "properties": { "dist": 0.141075, "ffreq2": 0, "ffreq3": 0 }, "geometry": { "type": "Point", "coordinates": [ 5.742309, 50.978031 ] } },
{ "type": "Feature", "properties": { "dist": 0.146568, "ffreq2": 0, "ffreq3": 0 }, "geometry": { "type": "Point", "coordinates": [ 5.742879, 50.978029 ] } },
{ "type": "Feature", "properties": { "dist": 0.16282, "ffreq2": 1, "ffreq3": 0 }, "geometry": { "type": "Point", "coordinates": [ 5.743448, 50.978027 ] } },
{ "type": "Feature", "properties": { "dist": 0.162842, "ffreq2": 1, "ffreq3": 0 }, "geometry": { "type": "Point", "coordinates": [ 5.744018, 50.978026 ] } },
{ "type": "Feature", "properties": { "dist": 0.168331, "ffreq2": 1, "ffreq3": 0 }, "geometry": { "type": "Point", "coordinates": [ 5.744587, 50.978024 ] } },
{ "type": "Feature", "properties": { "dist": 0.184592, "ffreq2": 1, "ffreq3": 0 }, "geometry": { "type": "Point", "coordinates": [ 5.745157, 50.978022 ] } },
{ "type": "Feature", "properties": { "dist": 0.184614, "ffreq2": 1, "ffreq3": 0 }, "geometry": { "type": "Point", "coordinates": [ 5.745726, 50.97802 ] } },
{ "type": "Feature", "properties": { "dist": 0.200952, "ffreq2": 1, "ffreq3": 0 }, "geometry": { "type": "Point", "coordinates": [ 5.746296, 50.978019 ] } },
{ "type": "Feature", "properties": { "dist": 0.206359, "ffreq2": 1, "ffreq3": 0 }, "geometry": { "type": "Point", "coordinates": [ 5.746865, 50.978017 ] } },
{ "type": "Feature", "properties": { "dist": 0.211846, "ffreq2": 0, "ffreq3": 0 }, "geometry": { "type": "Point", "coordinates": [ 5.747435, 50.978015 ] } },
{ "type": "Feature", "properties": { "dist": 0.233587, "ffreq2": 1, "ffreq3": 0 }, "geometry": { "type": "Point", "coordinates": [ 5.748005, 50.978013 ] } },
{ "type": "Feature", "properties": { "dist": 0.249852, "ffreq2": 1, "ffreq3": 0 }, "geometry": { "type": "Point", "coordinates": [ 5.748574, 50.978011 ] } },
{ "type": "Feature", "properties": { "dist": 0.249874, "ffreq2": 1, "ffreq3": 0 }, "geometry": { "type": "Point", "coordinates": [ 5.749144, 50.97801 ] } },
{ "type": "Feature", "properties": { "dist": 0.266212, "ffreq2": 1, "ffreq3": 0 }, "geometry": { "type": "Point", "coordinates": [ 5.749713, 50.978008 ] } },
{ "type": "Feature", "properties": { "dist": 0.27709, "ffreq2": 1, "ffreq3": 0 }, "geometry": { "type": "Point", "coordinates": [ 5.750283, 50.978006 ] } },
{ "type": "Feature", "properties": { "dist": 0.298832, "ffreq2": 1, "ffreq3": 0 }, "geometry": { "type": "Point", "coordinates": [ 5.750852, 50.978004 ] } },
{ "type": "Feature", "properties": { "dist": 0.315116, "ffreq2": 1, "ffreq3": 0 }, "geometry": { "type": "Point", "coordinates": [ 5.751422, 50.978003 ] } },
{ "type": "Feature", "properties": { "dist": 0.331454, "ffreq2": 1, "ffreq3": 0 }, "geometry": { "type": "Point", "coordinates": [ 5.751991, 50.978001 ] } },
{ "type": "Feature", "properties": { "dist": 0.353197, "ffreq2": 1, "ffreq3": 0 }, "geometry": { "type": "Point", "coordinates": [ 5.752561, 50.977999 ] } },
{ "type": "Feature", "properties": { "dist": 0.37494, "ffreq2": 1, "ffreq3": 0 }, "geometry": { "type": "Point", "coordinates": [ 5.75313, 50.977997 ] } },
{ "type": "Feature", "properties": { "dist": 0.396683, "ffreq2": 1, "ffreq3": 0 }, "geometry": { "type": "Point", "coordinates": [ 5.7537, 50.977995 ] } },
{ "type": "Feature", "properties": { "dist": 0.418425, "ffreq2": 1, "ffreq3": 0 }, "geometry": { "type": "Point", "coordinates": [ 5.754269, 50.977994 ] } },
{ "type": "Feature", "properties": { "dist": 0.440167, "ffreq2": 1, "ffreq3": 0 }, "geometry": { "type": "Point", "coordinates": [ 5.754839, 50.977992 ] } },
{ "type": "Feature", "properties": { "dist": 0.461908, "ffreq2": 1, "ffreq3": 0 }, "geometry": { "type": "Point", "coordinates": [ 5.755408, 50.97799 ] } },
{ "type": "Feature", "properties": { "dist": 0.48365, "ffreq2": 0, "ffreq3": 1 }, "geometry": { "type": "Point", "coordinates": [ 5.755978, 50.977988 ] } },
{ "type": "Feature", "properties": { "dist": 0.505391, "ffreq2": 0, "ffreq3": 1 }, "geometry": { "type": "Point", "coordinates": [ 5.756548, 50.977986 ] } },
{ "type": "Feature", "properties": { "dist": 0.527132, "ffreq2": 0, "ffreq3": 1 }, "geometry": { "type": "Point", "coordinates": [ 5.757117, 50.977985 ] } },
{ "type": "Feature", "properties": { "dist": 0.543473, "ffreq2": 0, "ffreq3": 1 }, "geometry": { "type": "Point", "coordinates": [ 5.757687, 50.977983 ] } },
{ "type": "Feature", "properties": { "dist": 0.0054321, "ffreq2": 0, "ffreq3": 0 }, "geometry": { "type": "Point", "coordinates": [ 5.737181, 50.977687 ] } },
{ "type": "Feature", "properties": { "dist": 0.0484831, "ffreq2": 0, "ffreq3": 0 }, "geometry": { "type": "Point", "coordinates": [ 5.73775, 50.977685 ] } },
{ "type": "Feature", "properties": { "dist": 0.0703468, "ffreq2": 1, "ffreq3": 0 }, "geometry": { "type": "Point", "coordinates": [ 5.73832, 50.977683 ] } },
{ "type": "Feature", "properties": { "dist": 0.0812247, "ffreq2": 0, "ffreq3": 0 }, "geometry": { "type": "Point", "coordinates": [ 5.738889, 50.977682 ] } },
{ "type": "Feature", "properties": { "dist": 0.103029, "ffreq2": 1, "ffreq3": 0 }, "geometry": { "type": "Point", "coordinates": [ 5.739459, 50.97768 ] } },
{ "type": "Feature", "properties": { "dist": 0.124808, "ffreq2": 1, "ffreq3": 0 }, "geometry": { "type": "Point", "coordinates": [ 5.740028, 50.977678 ] } },
{ "type": "Feature", "properties": { "dist": 0.141086, "ffreq2": 0, "ffreq3": 0 }, "geometry": { "type": "Point", "coordinates": [ 5.740598, 50.977677 ] } },
{ "type": "Feature", "properties": { "dist": 0.157453, "ffreq2": 0, "ffreq3": 0 }, "geometry": { "type": "Point", "coordinates": [ 5.741167, 50.977675 ] } },
{ "type": "Feature", "properties": { "dist": 0.162853, "ffreq2": 0, "ffreq3": 0 }, "geometry": { "type": "Point", "coordinates": [ 5.741737, 50.977673 ] } },
{ "type": "Feature", "properties": { "dist": 0.1792, "ffreq2": 1, "ffreq3": 0 }, "geometry": { "type": "Point", "coordinates": [ 5.742306, 50.977671 ] } },
{ "type": "Feature", "properties": { "dist": 0.184603, "ffreq2": 1, "ffreq3": 0 }, "geometry": { "type": "Point", "coordinates": [ 5.742876, 50.97767 ] } },
{ "type": "Feature", "properties": { "dist": 0.190083, "ffreq2": 1, "ffreq3": 0 }, "geometry": { "type": "Point", "coordinates": [ 5.743445, 50.977668 ] } },
{ "type": "Feature", "properties": { "dist": 0.206337, "ffreq2": 1, "ffreq3": 0 }, "geometry": { "type": "Point", "coordinates": [ 5.744015, 50.977666 ] } },
{ "type": "Feature", "properties": { "dist": 0.206359, "ffreq2": 1, "ffreq3": 0 }, "geometry": { "type": "Point", "coordinates": [ 5.744585, 50.977664 ] } },
{ "type": "Feature", "properties": { "dist": 0.211838, "ffreq2": 1, "ffreq3": 0 }, "geometry": { "type": "Point", "coordinates": [ 5.745154, 50.977663 ] } },
{ "type": "Feature", "properties": { "dist": 0.228101, "ffreq2": 1, "ffreq3": 0 }, "geometry": { "type": "Point", "coordinates": [ 5.745724, 50.977661 ] } },
{ "type": "Feature", "properties": { "dist": 0.228123, "ffreq2": 1, "ffreq3": 0 }, "geometry": { "type": "Point", "coordinates": [ 5.746293, 50.977659 ] } },
{ "type": "Feature", "properties": { "dist": 0.244449, "ffreq2": 0, "ffreq3": 0 }, "geometry": { "type": "Point", "coordinates": [ 5.746863, 50.977657 ] } },
{ "type": "Feature", "properties": { "dist": 0.249863, "ffreq2": 1, "ffreq3": 0 }, "geometry": { "type": "Point", "coordinates": [ 5.747432, 50.977655 ] } },
{ "type": "Feature", "properties": { "dist": 0.255343, "ffreq2": 1, "ffreq3": 0 }, "geometry": { "type": "Point", "coordinates": [ 5.748002, 50.977654 ] } },
{ "type": "Feature", "properties": { "dist": 0.277082, "ffreq2": 1, "ffreq3": 0 }, "geometry": { "type": "Point", "coordinates": [ 5.748571, 50.977652 ] } },
{ "type": "Feature", "properties": { "dist": 0.293348, "ffreq2": 1, "ffreq3": 0 }, "geometry": { "type": "Point", "coordinates": [ 5.749141, 50.97765 ] } },
{ "type": "Feature", "properties": { "dist": 0.29337, "ffreq2": 1, "ffreq3": 0 }, "geometry": { "type": "Point", "coordinates": [ 5.74971, 50.977648 ] } },
{ "type": "Feature", "properties": { "dist": 0.309702, "ffreq2": 1, "ffreq3": 0 }, "geometry": { "type": "Point", "coordinates": [ 5.75028, 50.977647 ] } },
{ "type": "Feature", "properties": { "dist": 0.32058, "ffreq2": 1, "ffreq3": 0 }, "geometry": { "type": "Point", "coordinates": [ 5.750849, 50.977645 ] } },
{ "type": "Feature", "properties": { "dist": 0.342321, "ffreq2": 1, "ffreq3": 0 }, "geometry": { "type": "Point", "coordinates": [ 5.751419, 50.977643 ] } },
{ "type": "Feature", "properties": { "dist": 0.358606, "ffreq2": 1, "ffreq3": 0 }, "geometry": { "type": "Point", "coordinates": [ 5.751988, 50.977641 ] } },
{ "type": "Feature", "properties": { "dist": 0.37494, "ffreq2": 1, "ffreq3": 0 }, "geometry": { "type": "Point", "coordinates": [ 5.752558, 50.977639 ] } },
{ "type": "Feature", "properties": { "dist": 0.396683, "ffreq2": 1, "ffreq3": 0 }, "geometry": { "type": "Point", "coordinates": [ 5.753127, 50.977638 ] } },
{ "type": "Feature", "properties": { "dist": 0.418425, "ffreq2": 1, "ffreq3": 0 }, "geometry": { "type": "Point", "coordinates": [ 5.753697, 50.977636 ] } },
{ "type": "Feature", "properties": { "dist": 0.440167, "ffreq2": 1, "ffreq3": 0 }, "geometry": { "type": "Point", "coordinates": [ 5.754267, 50.977634 ] } },
{ "type": "Feature", "properties": { "dist": 0.461908, "ffreq2": 1, "ffreq3": 0 }, "geometry": { "type": "Point", "coordinates": [ 5.754836, 50.977632 ] } },
{ "type": "Feature", "properties": { "dist": 0.48365, "ffreq2": 1, "ffreq3": 0 }, "geometry": { "type": "Point", "coordinates": [ 5.755406, 50.97763 ] } },
{ "type": "Feature", "properties": { "dist": 0.505391, "ffreq2": 0, "ffreq3": 1 }, "geometry": { "type": "Point", "coordinates": [ 5.755975, 50.977629 ] } },
{ "type": "Feature", "properties": { "dist": 0.527132, "ffreq2": 0, "ffreq3": 1 }, "geometry": { "type": "Point", "coordinates": [ 5.756545, 50.977627 ] } },
{ "type": "Feature", "properties": { "dist": 0.54348, "ffreq2": 0, "ffreq3": 1 }, "geometry": { "type": "Point", "coordinates": [ 5.757114, 50.977625 ] } },
{ "type": "Feature", "properties": { "dist": 0.0, "ffreq2": 0, "ffreq3": 0 }, "geometry": { "type": "Point", "coordinates": [ 5.736608, 50.977329 ] } },
{ "type": "Feature", "properties": { "dist": 0.0122243, "ffreq2": 0, "ffreq3": 0 }, "geometry": { "type": "Point", "coordinates": [ 5.737178, 50.977327 ] } },
{ "type": "Feature", "properties": { "dist": 0.0537778, "ffreq2": 1, "ffreq3": 0 }, "geometry": { "type": "Point", "coordinates": [ 5.737747, 50.977326 ] } },
{ "type": "Feature", "properties": { "dist": 0.0921353, "ffreq2": 1, "ffreq3": 0 }, "geometry": { "type": "Point", "coordinates": [ 5.738317, 50.977324 ] } },
{ "type": "Feature", "properties": { "dist": 0.113932, "ffreq2": 1, "ffreq3": 0 }, "geometry": { "type": "Point", "coordinates": [ 5.738887, 50.977322 ] } },
{ "type": "Feature", "properties": { "dist": 0.12481, "ffreq2": 1, "ffreq3": 0 }, "geometry": { "type": "Point", "coordinates": [ 5.739456, 50.97732 ] } },
{ "type": "Feature", "properties": { "dist": 0.146578, "ffreq2": 0, "ffreq3": 0 }, "geometry": { "type": "Point", "coordinates": [ 5.740026, 50.977319 ] } },
{ "type": "Feature", "properties": { "dist": 0.168336, "ffreq2": 1, "ffreq3": 0 }, "geometry": { "type": "Point", "coordinates": [ 5.740595, 50.977317 ] } },
{ "type": "Feature", "properties": { "dist": 0.184614, "ffreq2": 1, "ffreq3": 0 }, "geometry": { "type": "Point", "coordinates": [ 5.741165, 50.977315 ] } },
{ "type": "Feature", "properties": { "dist": 0.20096, "ffreq2": 1, "ffreq3": 0 }, "geometry": { "type": "Point", "coordinates": [ 5.741734, 50.977314 ] } },
{ "type": "Feature", "properties": { "dist": 0.20637, "ffreq2": 1, "ffreq3": 0 }, "geometry": { "type": "Point", "coordinates": [ 5.742304, 50.977312 ] } },
{ "type": "Feature", "properties": { "dist": 0.222701, "ffreq2": 1, "ffreq3": 0 }, "geometry": { "type": "Point", "coordinates": [ 5.742873, 50.97731 ] } },
{ "type": "Feature", "properties": { "dist": 0.228112, "ffreq2": 1, "ffreq3": 0 }, "geometry": { "type": "Point", "coordinates": [ 5.743443, 50.977308 ] } },
{ "type": "Feature", "properties": { "dist": 0.233585, "ffreq2": 1, "ffreq3": 0 }, "geometry": { "type": "Point", "coordinates": [ 5.744012, 50.977307 ] } },
{ "type": "Feature", "properties": { "dist": 0.249841, "ffreq2": 1, "ffreq3": 0 }, "geometry": { "type": "Point", "coordinates": [ 5.744582, 50.977305 ] } },
{ "type": "Feature", "properties": { "dist": 0.249863, "ffreq2": 1, "ffreq3": 0 }, "geometry": { "type": "Point", "coordinates": [ 5.745151, 50.977303 ] } },
{ "type": "Feature", "properties": { "dist": 0.255335, "ffreq2": 1, "ffreq3": 0 }, "geometry": { "type": "Point", "coordinates": [ 5.745721, 50.977301 ] } },
{ "type": "Feature", "properties": { "dist": 0.2716, "ffreq2": 1, "ffreq3": 0 }, "geometry": { "type": "Point", "coordinates": [ 5.74629, 50.977299 ] } },
{ "type": "Feature", "properties": { "dist": 0.271622, "ffreq2": 0, "ffreq3": 0 }, "geometry": { "type": "Point", "coordinates": [ 5.74686, 50.977298 ] } },
{ "type": "Feature", "properties": { "dist": 0.287941, "ffreq2": 0, "ffreq3": 0 }, "geometry": { "type": "Point", "coordinates": [ 5.747429, 50.977296 ] } },
{ "type": "Feature", "properties": { "dist": 0.293359, "ffreq2": 1, "ffreq3": 0 }, "geometry": { "type": "Point", "coordinates": [ 5.747999, 50.977294 ] } },
{ "type": "Feature", "properties": { "dist": 0.298835, "ffreq2": 1, "ffreq3": 0 }, "geometry": { "type": "Point", "coordinates": [ 5.748568, 50.977292 ] } },
{ "type": "Feature", "properties": { "dist": 0.320572, "ffreq2": 0, "ffreq3": 0 }, "geometry": { "type": "Point", "coordinates": [ 5.749138, 50.977291 ] } },
{ "type": "Feature", "properties": { "dist": 0.33684, "ffreq2": 0, "ffreq3": 0 }, "geometry": { "type": "Point", "coordinates": [ 5.749707, 50.977289 ] } },
{ "type": "Feature", "properties": { "dist": 0.336861, "ffreq2": 1, "ffreq3": 0 }, "geometry": { "type": "Point", "coordinates": [ 5.750277, 50.977287 ] } },
{ "type": "Feature", "properties": { "dist": 0.353189, "ffreq2": 1, "ffreq3": 0 }, "geometry": { "type": "Point", "coordinates": [ 5.750847, 50.977285 ] } },
{ "type": "Feature", "properties": { "dist": 0.364067, "ffreq2": 1, "ffreq3": 0 }, "geometry": { "type": "Point", "coordinates": [ 5.751416, 50.977283 ] } },
{ "type": "Feature", "properties": { "dist": 0.385807, "ffreq2": 1, "ffreq3": 0 }, "geometry": { "type": "Point", "coordinates": [ 5.751986, 50.977282 ] } },
{ "type": "Feature", "properties": { "dist": 0.402094, "ffreq2": 1, "ffreq3": 0 }, "geometry": { "type": "Point", "coordinates": [ 5.752555, 50.97728 ] } },
{ "type": "Feature", "properties": { "dist": 0.418425, "ffreq2": 1, "ffreq3": 0 }, "geometry": { "type": "Point", "coordinates": [ 5.753125, 50.977278 ] } },
{ "type": "Feature", "properties": { "dist": 0.440167, "ffreq2": 1, "ffreq3": 0 }, "geometry": { "type": "Point", "coordinates": [ 5.753694, 50.977276 ] } },
{ "type": "Feature", "properties": { "dist": 0.461908, "ffreq2": 1, "ffreq3": 0 }, "geometry": { "type": "Point", "coordinates": [ 5.754264, 50.977274 ] } },
{ "type": "Feature", "properties": { "dist": 0.48365, "ffreq2": 1, "ffreq3": 0 }, "geometry": { "type": "Point", "coordinates": [ 5.754833, 50.977273 ] } },
{ "type": "Feature", "properties": { "dist": 0.505391, "ffreq2": 1, "ffreq3": 0 }, "geometry": { "type": "Point", "coordinates": [ 5.755403, 50.977271 ] } },
{ "type": "Feature", "properties": { "dist": 0.527132, "ffreq2": 0, "ffreq3": 1 }, "geometry": { "type": "Point", "coordinates": [ 5.755972, 50.977269 ] } },
{ "type": "Feature", "properties": { "dist": 0.548873, "ffreq2": 0, "ffreq3": 1 }, "geometry": { "type": "Point", "coordinates": [ 5.756542, 50.977267 ] } },
{ "type": "Feature", "properties": { "dist": 0.565212, "ffreq2": 0, "ffreq3": 1 }, "geometry": { "type": "Point", "coordinates": [ 5.757111, 50.977265 ] } },
{ "type": "Feature", "properties": { "dist": 0.0, "ffreq2": 0, "ffreq3": 0 }, "geometry": { "type": "Point", "coordinates": [ 5.736606, 50.97697 ] } },
{ "type": "Feature", "properties": { "dist": 0.0316606, "ffreq2": 0, "ffreq3": 0 }, "geometry": { "type": "Point", "coordinates": [ 5.737175, 50.976968 ] } },
{ "type": "Feature", "properties": { "dist": 0.059361, "ffreq2": 1, "ffreq3": 0 }, "geometry": { "type": "Point", "coordinates": [ 5.737745, 50.976966 ] } },
{ "type": "Feature", "properties": { "dist": 0.0975026, "ffreq2": 1, "ffreq3": 0 }, "geometry": { "type": "Point", "coordinates": [ 5.738314, 50.976964 ] } },
{ "type": "Feature", "properties": { "dist": 0.135684, "ffreq2": 1, "ffreq3": 0 }, "geometry": { "type": "Point", "coordinates": [ 5.738884, 50.976963 ] } },
{ "type": "Feature", "properties": { "dist": 0.157461, "ffreq2": 1, "ffreq3": 0 }, "geometry": { "type": "Point", "coordinates": [ 5.739453, 50.976961 ] } },
{ "type": "Feature", "properties": { "dist": 0.168339, "ffreq2": 1, "ffreq3": 0 }, "geometry": { "type": "Point", "coordinates": [ 5.740023, 50.976959 ] } },
{ "type": "Feature", "properties": { "dist": 0.190094, "ffreq2": 1, "ffreq3": 0 }, "geometry": { "type": "Point", "coordinates": [ 5.740592, 50.976957 ] } },
{ "type": "Feature", "properties": { "dist": 0.211843, "ffreq2": 1, "ffreq3": 0 }, "geometry": { "type": "Point", "coordinates": [ 5.741162, 50.976956 ] } },
{ "type": "Feature", "properties": { "dist": 0.228123, "ffreq2": 1, "ffreq3": 0 }, "geometry": { "type": "Point", "coordinates": [ 5.741731, 50.976954 ] } },
{ "type": "Feature", "properties": { "dist": 0.244457, "ffreq2": 1, "ffreq3": 0 }, "geometry": { "type": "Point", "coordinates": [ 5.742301, 50.976952 ] } },
{ "type": "Feature", "properties": { "dist": 0.249874, "ffreq2": 1, "ffreq3": 0 }, "geometry": { "type": "Point", "coordinates": [ 5.74287, 50.97695 ] } },
{ "type": "Feature", "properties": { "dist": 0.266196, "ffreq2": 1, "ffreq3": 0 }, "geometry": { "type": "Point", "coordinates": [ 5.74344, 50.976949 ] } },
{ "type": "Feature", "properties": { "dist": 0.271611, "ffreq2": 1, "ffreq3": 0 }, "geometry": { "type": "Point", "coordinates": [ 5.744009, 50.976947 ] } },
{ "type": "Feature", "properties": { "dist": 0.277079, "ffreq2": 1, "ffreq3": 0 }, "geometry": { "type": "Point", "coordinates": [ 5.744579, 50.976945 ] } },
{ "type": "Feature", "properties": { "dist": 0.293337, "ffreq2": 1, "ffreq3": 0 }, "geometry": { "type": "Point", "coordinates": [ 5.745149, 50.976943 ] } },
{ "type": "Feature", "properties": { "dist": 0.293359, "ffreq2": 1, "ffreq3": 0 }, "geometry": { "type": "Point", "coordinates": [ 5.745718, 50.976942 ] } },
{ "type": "Feature", "properties": { "dist": 0.298827, "ffreq2": 1, "ffreq3": 0 }, "geometry": { "type": "Point", "coordinates": [ 5.746288, 50.97694 ] } },
{ "type": "Feature", "properties": { "dist": 0.315094, "ffreq2": 0, "ffreq3": 0 }, "geometry": { "type": "Point", "coordinates": [ 5.746857, 50.976938 ] } },
{ "type": "Feature", "properties": { "dist": 0.315116, "ffreq2": 0, "ffreq3": 0 }, "geometry": { "type": "Point", "coordinates": [ 5.747427, 50.976936 ] } },
{ "type": "Feature", "properties": { "dist": 0.331429, "ffreq2": 1, "ffreq3": 0 }, "geometry": { "type": "Point", "coordinates": [ 5.747996, 50.976935 ] } },
{ "type": "Feature", "properties": { "dist": 0.336851, "ffreq2": 1, "ffreq3": 0 }, "geometry": { "type": "Point", "coordinates": [ 5.748566, 50.976933 ] } },
{ "type": "Feature", "properties": { "dist": 0.342324, "ffreq2": 1, "ffreq3": 0 }, "geometry": { "type": "Point", "coordinates": [ 5.749135, 50.976931 ] } },
{ "type": "Feature", "properties": { "dist": 0.364059, "ffreq2": 0, "ffreq3": 0 }, "geometry": { "type": "Point", "coordinates": [ 5.749705, 50.976929 ] } },
{ "type": "Feature", "properties": { "dist": 0.380328, "ffreq2": 1, "ffreq3": 0 }, "geometry": { "type": "Point", "coordinates": [ 5.750274, 50.976928 ] } },
{ "type": "Feature", "properties": { "dist": 0.38035, "ffreq2": 1, "ffreq3": 0 }, "geometry": { "type": "Point", "coordinates": [ 5.750844, 50.976926 ] } },
{ "type": "Feature", "properties": { "dist": 0.396675, "ffreq2": 1, "ffreq3": 0 }, "geometry": { "type": "Point", "coordinates": [ 5.751413, 50.976924 ] } },
{ "type": "Feature", "properties": { "dist": 0.407552, "ffreq2": 1, "ffreq3": 0 }, "geometry": { "type": "Point", "coordinates": [ 5.751983, 50.976922 ] } },
{ "type": "Feature", "properties": { "dist": 0.429292, "ffreq2": 1, "ffreq3": 0 }, "geometry": { "type": "Point", "coordinates": [ 5.752552, 50.97692 ] } },
{ "type": "Feature", "properties": { "dist": 0.44558, "ffreq2": 1, "ffreq3": 0 }, "geometry": { "type": "Point", "coordinates": [ 5.753122, 50.976919 ] } },
{ "type": "Feature", "properties": { "dist": 0.461908, "ffreq2": 1, "ffreq3": 0 }, "geometry": { "type": "Point", "coordinates": [ 5.753691, 50.976917 ] } },
{ "type": "Feature", "properties": { "dist": 0.48365, "ffreq2": 1, "ffreq3": 0 }, "geometry": { "type": "Point", "coordinates": [ 5.754261, 50.976915 ] } },
{ "type": "Feature", "properties": { "dist": 0.505391, "ffreq2": 1, "ffreq3": 0 }, "geometry": { "type": "Point", "coordinates": [ 5.75483, 50.976913 ] } },
{ "type": "Feature", "properties": { "dist": 0.527132, "ffreq2": 1, "ffreq3": 0 }, "geometry": { "type": "Point", "coordinates": [ 5.7554, 50.976911 ] } },
{ "type": "Feature", "properties": { "dist": 0.548873, "ffreq2": 0, "ffreq3": 1 }, "geometry": { "type": "Point", "coordinates": [ 5.755969, 50.97691 ] } },
{ "type": "Feature", "properties": { "dist": 0.56522, "ffreq2": 0, "ffreq3": 1 }, "geometry": { "type": "Point", "coordinates": [ 5.756539, 50.976908 ] } },
{ "type": "Feature", "properties": { "dist": 0.0054321, "ffreq2": 0, "ffreq3": 0 }, "geometry": { "type": "Point", "coordinates": [ 5.736603, 50.97661 ] } },
{ "type": "Feature", "properties": { "dist": 0.0373369, "ffreq2": 0, "ffreq3": 0 }, "geometry": { "type": "Point", "coordinates": [ 5.737173, 50.976608 ] } },
{ "type": "Feature", "properties": { "dist": 0.0756759, "ffreq2": 1, "ffreq3": 0 }, "geometry": { "type": "Point", "coordinates": [ 5.737742, 50.976607 ] } },
{ "type": "Feature", "properties": { "dist": 0.103024, "ffreq2": 1, "ffreq3": 0 }, "geometry": { "type": "Point", "coordinates": [ 5.738312, 50.976605 ] } },
{ "type": "Feature", "properties": { "dist": 0.141075, "ffreq2": 1, "ffreq3": 0 }, "geometry": { "type": "Point", "coordinates": [ 5.738881, 50.976603 ] } },
{ "type": "Feature", "properties": { "dist": 0.1792, "ffreq2": 1, "ffreq3": 0 }, "geometry": { "type": "Point", "coordinates": [ 5.739451, 50.976601 ] } },
{ "type": "Feature", "properties": { "dist": 0.200968, "ffreq2": 1, "ffreq3": 0 }, "geometry": { "type": "Point", "coordinates": [ 5.74002, 50.9766 ] } },
{ "type": "Feature", "properties": { "dist": 0.211846, "ffreq2": 1, "ffreq3": 0 }, "geometry": { "type": "Point", "coordinates": [ 5.74059, 50.976598 ] } },
{ "type": "Feature", "properties": { "dist": 0.233596, "ffreq2": 1, "ffreq3": 0 }, "geometry": { "type": "Point", "coordinates": [ 5.741159, 50.976596 ] } },
{ "type": "Feature", "properties": { "dist": 0.255341, "ffreq2": 1, "ffreq3": 0 }, "geometry": { "type": "Point", "coordinates": [ 5.741729, 50.976594 ] } },
{ "type": "Feature", "properties": { "dist": 0.271622, "ffreq2": 1, "ffreq3": 0 }, "geometry": { "type": "Point", "coordinates": [ 5.742298, 50.976593 ] } },
{ "type": "Feature", "properties": { "dist": 0.287949, "ffreq2": 1, "ffreq3": 0 }, "geometry": { "type": "Point", "coordinates": [ 5.742868, 50.976591 ] } },
{ "type": "Feature", "properties": { "dist": 0.29337, "ffreq2": 1, "ffreq3": 0 }, "geometry": { "type": "Point", "coordinates": [ 5.743437, 50.976589 ] } },
{ "type": "Feature", "properties": { "dist": 0.309686, "ffreq2": 1, "ffreq3": 0 }, "geometry": { "type": "Point", "coordinates": [ 5.744007, 50.976587 ] } },
{ "type": "Feature", "properties": { "dist": 0.315105, "ffreq2": 1, "ffreq3": 0 }, "geometry": { "type": "Point", "coordinates": [ 5.744576, 50.976586 ] } },
{ "type": "Feature", "properties": { "dist": 0.320569, "ffreq2": 1, "ffreq3": 0 }, "geometry": { "type": "Point", "coordinates": [ 5.745146, 50.976584 ] } },
{ "type": "Feature", "properties": { "dist": 0.336829, "ffreq2": 1, "ffreq3": 0 }, "geometry": { "type": "Point", "coordinates": [ 5.745715, 50.976582 ] } },
{ "type": "Feature", "properties": { "dist": 0.336851, "ffreq2": 1, "ffreq3": 0 }, "geometry": { "type": "Point", "coordinates": [ 5.746285, 50.97658 ] } },
{ "type": "Feature", "properties": { "dist": 0.342316, "ffreq2": 1, "ffreq3": 0 }, "geometry": { "type": "Point", "coordinates": [ 5.746854, 50.976579 ] } },
{ "type": "Feature", "properties": { "dist": 0.358584, "ffreq2": 0, "ffreq3": 0 }, "geometry": { "type": "Point", "coordinates": [ 5.747424, 50.976577 ] } },
{ "type": "Feature", "properties": { "dist": 0.358606, "ffreq2": 1, "ffreq3": 0 }, "geometry": { "type": "Point", "coordinates": [ 5.747993, 50.976575 ] } },
{ "type": "Feature", "properties": { "dist": 0.374916, "ffreq2": 1, "ffreq3": 0 }, "geometry": { "type": "Point", "coordinates": [ 5.748563, 50.976573 ] } },
{ "type": "Feature", "properties": { "dist": 0.380339, "ffreq2": 0, "ffreq3": 0 }, "geometry": { "type": "Point", "coordinates": [ 5.749132, 50.976572 ] } },
{ "type": "Feature", "properties": { "dist": 0.38581, "ffreq2": 1, "ffreq3": 0 }, "geometry": { "type": "Point", "coordinates": [ 5.749702, 50.97657 ] } },
{ "type": "Feature", "properties": { "dist": 0.407544, "ffreq2": 1, "ffreq3": 0 }, "geometry": { "type": "Point", "coordinates": [ 5.750271, 50.976568 ] } },
{ "type": "Feature", "properties": { "dist": 0.423815, "ffreq2": 0, "ffreq3": 1 }, "geometry": { "type": "Point", "coordinates": [ 5.750841, 50.976566 ] } },
{ "type": "Feature", "properties": { "dist": 0.423837, "ffreq2": 0, "ffreq3": 1 }, "geometry": { "type": "Point", "coordinates": [ 5.75141, 50.976564 ] } },
{ "type": "Feature", "properties": { "dist": 0.440159, "ffreq2": 0, "ffreq3": 1 }, "geometry": { "type": "Point", "coordinates": [ 5.75198, 50.976563 ] } },
{ "type": "Feature", "properties": { "dist": 0.451037, "ffreq2": 0, "ffreq3": 1 }, "geometry": { "type": "Point", "coordinates": [ 5.752549, 50.976561 ] } },
{ "type": "Feature", "properties": { "dist": 0.472776, "ffreq2": 1, "ffreq3": 0 }, "geometry": { "type": "Point", "coordinates": [ 5.753119, 50.976559 ] } },
{ "type": "Feature", "properties": { "dist": 0.489064, "ffreq2": 1, "ffreq3": 0 }, "geometry": { "type": "Point", "coordinates": [ 5.753688, 50.976557 ] } },
{ "type": "Feature", "properties": { "dist": 0.505391, "ffreq2": 1, "ffreq3": 0 }, "geometry": { "type": "Point", "coordinates": [ 5.754258, 50.976555 ] } },
{ "type": "Feature", "properties": { "dist": 0.527132, "ffreq2": 1, "ffreq3": 0 }, "geometry": { "type": "Point", "coordinates": [ 5.754827, 50.976554 ] } },
{ "type": "Feature", "properties": { "dist": 0.548873, "ffreq2": 1, "ffreq3": 0 }, "geometry": { "type": "Point", "coordinates": [ 5.755397, 50.976552 ] } },
{ "type": "Feature", "properties": { "dist": 0.570614, "ffreq2": 0, "ffreq3": 1 }, "geometry": { "type": "Point", "coordinates": [ 5.755966, 50.97655 ] } },
{ "type": "Feature", "properties": { "dist": 0.586952, "ffreq2": 0, "ffreq3": 1 }, "geometry": { "type": "Point", "coordinates": [ 5.756536, 50.976548 ] } },
{ "type": "Feature", "properties": { "dist": 0.0, "ffreq2": 0, "ffreq3": 0 }, "geometry": { "type": "Point", "coordinates": [ 5.736031, 50.976252 ] } },
{ "type": "Feature", "properties": { "dist": 0.0122243, "ffreq2": 1, "ffreq3": 0 }, "geometry": { "type": "Point", "coordinates": [ 5.7366, 50.97625 ] } },
{ "type": "Feature", "properties": { "dist": 0.0537778, "ffreq2": 1, "ffreq3": 0 }, "geometry": { "type": "Point", "coordinates": [ 5.73717, 50.976249 ] } },
{ "type": "Feature", "properties": { "dist": 0.0812194, "ffreq2": 1, "ffreq3": 0 }, "geometry": { "type": "Point", "coordinates": [ 5.737739, 50.976247 ] } },
{ "type": "Feature", "properties": { "dist": 0.119297, "ffreq2": 1, "ffreq3": 0 }, "geometry": { "type": "Point", "coordinates": [ 5.738309, 50.976245 ] } },
{ "type": "Feature", "properties": { "dist": 0.146573, "ffreq2": 1, "ffreq3": 0 }, "geometry": { "type": "Point", "coordinates": [ 5.738878, 50.976244 ] } },
{ "type": "Feature", "properties": { "dist": 0.184603, "ffreq2": 1, "ffreq3": 0 }, "geometry": { "type": "Point", "coordinates": [ 5.739448, 50.976242 ] } },
{ "type": "Feature", "properties": { "dist": 0.222701, "ffreq2": 1, "ffreq3": 0 }, "geometry": { "type": "Point", "coordinates": [ 5.740017, 50.97624 ] } },
{ "type": "Feature", "properties": { "dist": 0.244466, "ffreq2": 0, "ffreq3": 1 }, "geometry": { "type": "Point", "coordinates": [ 5.740587, 50.976238 ] } },
{ "type": "Feature", "properties": { "dist": 0.255343, "ffreq2": 1, "ffreq3": 0 }, "geometry": { "type": "Point", "coordinates": [ 5.741156, 50.976237 ] } },
{ "type": "Feature", "properties": { "dist": 0.27709, "ffreq2": 1, "ffreq3": 0 }, "geometry": { "type": "Point", "coordinates": [ 5.741726, 50.976235 ] } },
{ "type": "Feature", "properties": { "dist": 0.298832, "ffreq2": 1, "ffreq3": 0 }, "geometry": { "type": "Point", "coordinates": [ 5.742295, 50.976233 ] } },
{ "type": "Feature", "properties": { "dist": 0.315116, "ffreq2": 1, "ffreq3": 0 }, "geometry": { "type": "Point", "coordinates": [ 5.742865, 50.976231 ] } },
{ "type": "Feature", "properties": { "dist": 0.331438, "ffreq2": 1, "ffreq3": 0 }, "geometry": { "type": "Point", "coordinates": [ 5.743434, 50.97623 ] } },
{ "type": "Feature", "properties": { "dist": 0.336861, "ffreq2": 1, "ffreq3": 0 }, "geometry": { "type": "Point", "coordinates": [ 5.744004, 50.976228 ] } },
{ "type": "Feature", "properties": { "dist": 0.353173, "ffreq2": 1, "ffreq3": 0 }, "geometry": { "type": "Point", "coordinates": [ 5.744573, 50.976226 ] } },
{ "type": "Feature", "properties": { "dist": 0.358595, "ffreq2": 1, "ffreq3": 0 }, "geometry": { "type": "Point", "coordinates": [ 5.745143, 50.976224 ] } },
{ "type": "Feature", "properties": { "dist": 0.364056, "ffreq2": 1, "ffreq3": 0 }, "geometry": { "type": "Point", "coordinates": [ 5.745712, 50.976223 ] } },
{ "type": "Feature", "properties": { "dist": 0.380317, "ffreq2": 1, "ffreq3": 0 }, "geometry": { "type": "Point", "coordinates": [ 5.746282, 50.976221 ] } },
{ "type": "Feature", "properties": { "dist": 0.380339, "ffreq2": 1, "ffreq3": 0 }, "geometry": { "type": "Point", "coordinates": [ 5.746851, 50.976219 ] } },
{ "type": "Feature", "properties": { "dist": 0.385802, "ffreq2": 0, "ffreq3": 0 }, "geometry": { "type": "Point", "coordinates": [ 5.747421, 50.976217 ] } },
{ "type": "Feature", "properties": { "dist": 0.402072, "ffreq2": 1, "ffreq3": 0 }, "geometry": { "type": "Point", "coordinates": [ 5.74799, 50.976216 ] } },
{ "type": "Feature", "properties": { "dist": 0.402094, "ffreq2": 1, "ffreq3": 0 }, "geometry": { "type": "Point", "coordinates": [ 5.74856, 50.976214 ] } },
{ "type": "Feature", "properties": { "dist": 0.4184, "ffreq2": 1, "ffreq3": 0 }, "geometry": { "type": "Point", "coordinates": [ 5.749129, 50.976212 ] } },
{ "type": "Feature", "properties": { "dist": 0.423826, "ffreq2": 1, "ffreq3": 0 }, "geometry": { "type": "Point", "coordinates": [ 5.749699, 50.97621 ] } },
{ "type": "Feature", "properties": { "dist": 0.429295, "ffreq2": 1, "ffreq3": 0 }, "geometry": { "type": "Point", "coordinates": [ 5.750269, 50.976208 ] } },
{ "type": "Feature", "properties": { "dist": 0.451028, "ffreq2": 0, "ffreq3": 1 }, "geometry": { "type": "Point", "coordinates": [ 5.750838, 50.976207 ] } },
{ "type": "Feature", "properties": { "dist": 0.4673, "ffreq2": 0, "ffreq3": 1 }, "geometry": { "type": "Point", "coordinates": [ 5.751408, 50.976205 ] } },
{ "type": "Feature", "properties": { "dist": 0.467322, "ffreq2": 0, "ffreq3": 1 }, "geometry": { "type": "Point", "coordinates": [ 5.751977, 50.976203 ] } },
{ "type": "Feature", "properties": { "dist": 0.483642, "ffreq2": 0, "ffreq3": 1 }, "geometry": { "type": "Point", "coordinates": [ 5.752547, 50.976201 ] } },
{ "type": "Feature", "properties": { "dist": 0.49452, "ffreq2": 0, "ffreq3": 1 }, "geometry": { "type": "Point", "coordinates": [ 5.753116, 50.976199 ] } },
{ "type": "Feature", "properties": { "dist": 0.516258, "ffreq2": 0, "ffreq3": 1 }, "geometry": { "type": "Point", "coordinates": [ 5.753686, 50.976198 ] } },
{ "type": "Feature", "properties": { "dist": 0.532548, "ffreq2": 1, "ffreq3": 0 }, "geometry": { "type": "Point", "coordinates": [ 5.754255, 50.976196 ] } },
{ "type": "Feature", "properties": { "dist": 0.548873, "ffreq2": 1, "ffreq3": 0 }, "geometry": { "type": "Point", "coordinates": [ 5.754825, 50.976194 ] } },
{ "type": "Feature", "properties": { "dist": 0.570614, "ffreq2": 1, "ffreq3": 0 }, "geometry": { "type": "Point", "coordinates": [ 5.755394, 50.976192 ] } },
{ "type": "Feature", "properties": { "dist": 0.586959, "ffreq2": 0, "ffreq3": 1 }, "geometry": { "type": "Point", "coordinates": [ 5.755964, 50.97619 ] } },
{ "type": "Feature", "properties": { "dist": 0.00135803, "ffreq2": 0, "ffreq3": 0 }, "geometry": { "type": "Point", "coordinates": [ 5.736028, 50.975893 ] } },
{ "type": "Feature", "properties": { "dist": 0.0316663, "ffreq2": 1, "ffreq3": 0 }, "geometry": { "type": "Point", "coordinates": [ 5.736598, 50.975891 ] } },
{ "type": "Feature", "properties": { "dist": 0.0593636, "ffreq2": 1, "ffreq3": 0 }, "geometry": { "type": "Point", "coordinates": [ 5.737167, 50.975889 ] } },
{ "type": "Feature", "properties": { "dist": 0.0975026, "ffreq2": 1, "ffreq3": 0 }, "geometry": { "type": "Point", "coordinates": [ 5.737737, 50.975887 ] } },
{ "type": "Feature", "properties": { "dist": 0.124805, "ffreq2": 1, "ffreq3": 0 }, "geometry": { "type": "Point", "coordinates": [ 5.738306, 50.975886 ] } },
{ "type": "Feature", "properties": { "dist": 0.162842, "ffreq2": 1, "ffreq3": 0 }, "geometry": { "type": "Point", "coordinates": [ 5.738876, 50.975884 ] } },
{ "type": "Feature", "properties": { "dist": 0.190089, "ffreq2": 0, "ffreq3": 1 }, "geometry": { "type": "Point", "coordinates": [ 5.739445, 50.975882 ] } },
{ "type": "Feature", "properties": { "dist": 0.228112, "ffreq2": 0, "ffreq3": 1 }, "geometry": { "type": "Point", "coordinates": [ 5.740015, 50.975881 ] } },
{ "type": "Feature", "properties": { "dist": 0.266196, "ffreq2": 0, "ffreq3": 1 }, "geometry": { "type": "Point", "coordinates": [ 5.740584, 50.975879 ] } },
{ "type": "Feature", "properties": { "dist": 0.287957, "ffreq2": 0, "ffreq3": 1 }, "geometry": { "type": "Point", "coordinates": [ 5.741154, 50.975877 ] } },
{ "type": "Feature", "properties": { "dist": 0.298835, "ffreq2": 1, "ffreq3": 0 }, "geometry": { "type": "Point", "coordinates": [ 5.741723, 50.975875 ] } },
{ "type": "Feature", "properties": { "dist": 0.32058, "ffreq2": 1, "ffreq3": 0 }, "geometry": { "type": "Point", "coordinates": [ 5.742293, 50.975874 ] } },
{ "type": "Feature", "properties": { "dist": 0.342321, "ffreq2": 1, "ffreq3": 0 }, "geometry": { "type": "Point", "coordinates": [ 5.742862, 50.975872 ] } },
{ "type": "Feature", "properties": { "dist": 0.358606, "ffreq2": 1, "ffreq3": 0 }, "geometry": { "type": "Point", "coordinates": [ 5.743432, 50.97587 ] } },
{ "type": "Feature", "properties": { "dist": 0.374924, "ffreq2": 1, "ffreq3": 0 }, "geometry": { "type": "Point", "coordinates": [ 5.744001, 50.975868 ] } },
{ "type": "Feature", "properties": { "dist": 0.38035, "ffreq2": 1, "ffreq3": 0 }, "geometry": { "type": "Point", "coordinates": [ 5.744571, 50.975867 ] } },
{ "type": "Feature", "properties": { "dist": 0.396658, "ffreq2": 1, "ffreq3": 0 }, "geometry": { "type": "Point", "coordinates": [ 5.74514, 50.975865 ] } },
{ "type": "Feature", "properties": { "dist": 0.402083, "ffreq2": 1, "ffreq3": 0 }, "geometry": { "type": "Point", "coordinates": [ 5.74571, 50.975863 ] } },
{ "type": "Feature", "properties": { "dist": 0.407541, "ffreq2": 1, "ffreq3": 0 }, "geometry": { "type": "Point", "coordinates": [ 5.746279, 50.975861 ] } },
{ "type": "Feature", "properties": { "dist": 0.423804, "ffreq2": 1, "ffreq3": 0 }, "geometry": { "type": "Point", "coordinates": [ 5.746849, 50.97586 ] } },
{ "type": "Feature", "properties": { "dist": 0.423826, "ffreq2": 0, "ffreq3": 0 }, "geometry": { "type": "Point", "coordinates": [ 5.747418, 50.975858 ] } },
{ "type": "Feature", "properties": { "dist": 0.429286, "ffreq2": 1, "ffreq3": 0 }, "geometry": { "type": "Point", "coordinates": [ 5.747988, 50.975856 ] } },
{ "type": "Feature", "properties": { "dist": 0.445558, "ffreq2": 1, "ffreq3": 0 }, "geometry": { "type": "Point", "coordinates": [ 5.748557, 50.975854 ] } },
{ "type": "Feature", "properties": { "dist": 0.44558, "ffreq2": 1, "ffreq3": 0 }, "geometry": { "type": "Point", "coordinates": [ 5.749127, 50.975852 ] } },
{ "type": "Feature", "properties": { "dist": 0.461884, "ffreq2": 1, "ffreq3": 0 }, "geometry": { "type": "Point", "coordinates": [ 5.749696, 50.975851 ] } },
{ "type": "Feature", "properties": { "dist": 0.467311, "ffreq2": 1, "ffreq3": 0 }, "geometry": { "type": "Point", "coordinates": [ 5.750266, 50.975849 ] } },
{ "type": "Feature", "properties": { "dist": 0.472778, "ffreq2": 0, "ffreq3": 1 }, "geometry": { "type": "Point", "coordinates": [ 5.750835, 50.975847 ] } },
{ "type": "Feature", "properties": { "dist": 0.494511, "ffreq2": 0, "ffreq3": 1 }, "geometry": { "type": "Point", "coordinates": [ 5.751405, 50.975845 ] } },
{ "type": "Feature", "properties": { "dist": 0.510784, "ffreq2": 0, "ffreq3": 1 }, "geometry": { "type": "Point", "coordinates": [ 5.751974, 50.975843 ] } },
{ "type": "Feature", "properties": { "dist": 0.510806, "ffreq2": 0, "ffreq3": 1 }, "geometry": { "type": "Point", "coordinates": [ 5.752544, 50.975842 ] } },
{ "type": "Feature", "properties": { "dist": 0.527124, "ffreq2": 0, "ffreq3": 1 }, "geometry": { "type": "Point", "coordinates": [ 5.753113, 50.97584 ] } },
{ "type": "Feature", "properties": { "dist": 0.538002, "ffreq2": 0, "ffreq3": 1 }, "geometry": { "type": "Point", "coordinates": [ 5.753683, 50.975838 ] } },
{ "type": "Feature", "properties": { "dist": 0.55974, "ffreq2": 0, "ffreq3": 1 }, "geometry": { "type": "Point", "coordinates": [ 5.754252, 50.975836 ] } },
{ "type": "Feature", "properties": { "dist": 0.576031, "ffreq2": 0, "ffreq3": 1 }, "geometry": { "type": "Point", "coordinates": [ 5.754822, 50.975834 ] } },
{ "type": "Feature", "properties": { "dist": 0.592355, "ffreq2": 0, "ffreq3": 1 }, "geometry": { "type": "Point", "coordinates": [ 5.755391, 50.975833 ] } },
{ "type": "Feature", "properties": { "dist": 0.608691, "ffreq2": 1, "ffreq3": 0 }, "geometry": { "type": "Point", "coordinates": [ 5.755961, 50.975831 ] } },
{ "type": "Feature", "properties": { "dist": 0.0054321, "ffreq2": 0, "ffreq3": 0 }, "geometry": { "type": "Point", "coordinates": [ 5.736025, 50.975533 ] } },
{ "type": "Feature", "properties": { "dist": 0.0484831, "ffreq2": 1, "ffreq3": 0 }, "geometry": { "type": "Point", "coordinates": [ 5.736595, 50.975531 ] } },
{ "type": "Feature", "properties": { "dist": 0.0756869, "ffreq2": 1, "ffreq3": 0 }, "geometry": { "type": "Point", "coordinates": [ 5.737164, 50.97553 ] } },
{ "type": "Feature", "properties": { "dist": 0.103027, "ffreq2": 1, "ffreq3": 0 }, "geometry": { "type": "Point", "coordinates": [ 5.737734, 50.975528 ] } },
{ "type": "Feature", "properties": { "dist": 0.141075, "ffreq2": 1, "ffreq3": 0 }, "geometry": { "type": "Point", "coordinates": [ 5.738303, 50.975526 ] } },
{ "type": "Feature", "properties": { "dist": 0.168333, "ffreq2": 1, "ffreq3": 0 }, "geometry": { "type": "Point", "coordinates": [ 5.738873, 50.975524 ] } },
{ "type": "Feature", "properties": { "dist": 0.206359, "ffreq2": 0, "ffreq3": 1 }, "geometry": { "type": "Point", "coordinates": [ 5.739442, 50.975523 ] } },
{ "type": "Feature", "properties": { "dist": 0.23359, "ffreq2": 0, "ffreq3": 1 }, "geometry": { "type": "Point", "coordinates": [ 5.740012, 50.975521 ] } },
{ "type": "Feature", "properties": { "dist": 0.271611, "ffreq2": 0, "ffreq3": 1 }, "geometry": { "type": "Point", "coordinates": [ 5.740581, 50.975519 ] } },
{ "type": "Feature", "properties": { "dist": 0.309686, "ffreq2": 0, "ffreq3": 1 }, "geometry": { "type": "Point", "coordinates": [ 5.741151, 50.975518 ] } },
{ "type": "Feature", "properties": { "dist": 0.331446, "ffreq2": 0, "ffreq3": 1 }, "geometry": { "type": "Point", "coordinates": [ 5.74172, 50.975516 ] } },
{ "type": "Feature", "properties": { "dist": 0.342324, "ffreq2": 1, "ffreq3": 0 }, "geometry": { "type": "Point", "coordinates": [ 5.74229, 50.975514 ] } },
{ "type": "Feature", "properties": { "dist": 0.364067, "ffreq2": 1, "ffreq3": 0 }, "geometry": { "type": "Point", "coordinates": [ 5.742859, 50.975512 ] } },
{ "type": "Feature", "properties": { "dist": 0.385807, "ffreq2": 1, "ffreq3": 0 }, "geometry": { "type": "Point", "coordinates": [ 5.743429, 50.975511 ] } },
{ "type": "Feature", "properties": { "dist": 0.402094, "ffreq2": 1, "ffreq3": 0 }, "geometry": { "type": "Point", "coordinates": [ 5.743998, 50.975509 ] } },
{ "type": "Feature", "properties": { "dist": 0.418409, "ffreq2": 1, "ffreq3": 0 }, "geometry": { "type": "Point", "coordinates": [ 5.744568, 50.975507 ] } },
{ "type": "Feature", "properties": { "dist": 0.423837, "ffreq2": 1, "ffreq3": 0 }, "geometry": { "type": "Point", "coordinates": [ 5.745137, 50.975505 ] } },
{ "type": "Feature", "properties": { "dist": 0.440142, "ffreq2": 1, "ffreq3": 0 }, "geometry": { "type": "Point", "coordinates": [ 5.745707, 50.975504 ] } },
{ "type": "Feature", "properties": { "dist": 0.445569, "ffreq2": 0, "ffreq3": 1 }, "geometry": { "type": "Point", "coordinates": [ 5.746276, 50.975502 ] } },
{ "type": "Feature", "properties": { "dist": 0.451026, "ffreq2": 1, "ffreq3": 0 }, "geometry": { "type": "Point", "coordinates": [ 5.746846, 50.9755 ] } },
{ "type": "Feature", "properties": { "dist": 0.467289, "ffreq2": 0, "ffreq3": 0 }, "geometry": { "type": "Point", "coordinates": [ 5.747415, 50.975498 ] } },
{ "type": "Feature", "properties": { "dist": 0.467311, "ffreq2": 1, "ffreq3": 0 }, "geometry": { "type": "Point", "coordinates": [ 5.747985, 50.975496 ] } },
{ "type": "Feature", "properties": { "dist": 0.47277, "ffreq2": 1, "ffreq3": 0 }, "geometry": { "type": "Point", "coordinates": [ 5.748554, 50.975495 ] } },
{ "type": "Feature", "properties": { "dist": 0.489042, "ffreq2": 1, "ffreq3": 0 }, "geometry": { "type": "Point", "coordinates": [ 5.749124, 50.975493 ] } },
{ "type": "Feature", "properties": { "dist": 0.489064, "ffreq2": 1, "ffreq3": 0 }, "geometry": { "type": "Point", "coordinates": [ 5.749693, 50.975491 ] } },
{ "type": "Feature", "properties": { "dist": 0.505367, "ffreq2": 1, "ffreq3": 0 }, "geometry": { "type": "Point", "coordinates": [ 5.750263, 50.975489 ] } },
{ "type": "Feature", "properties": { "dist": 0.510795, "ffreq2": 0, "ffreq3": 1 }, "geometry": { "type": "Point", "coordinates": [ 5.750832, 50.975488 ] } },
{ "type": "Feature", "properties": { "dist": 0.516261, "ffreq2": 0, "ffreq3": 1 }, "geometry": { "type": "Point", "coordinates": [ 5.751402, 50.975486 ] } },
{ "type": "Feature", "properties": { "dist": 0.537994, "ffreq2": 0, "ffreq3": 1 }, "geometry": { "type": "Point", "coordinates": [ 5.751971, 50.975484 ] } },
{ "type": "Feature", "properties": { "dist": 0.554267, "ffreq2": 0, "ffreq3": 1 }, "geometry": { "type": "Point", "coordinates": [ 5.752541, 50.975482 ] } },
{ "type": "Feature", "properties": { "dist": 0.554289, "ffreq2": 0, "ffreq3": 1 }, "geometry": { "type": "Point", "coordinates": [ 5.75311, 50.97548 ] } },
{ "type": "Feature", "properties": { "dist": 0.570606, "ffreq2": 0, "ffreq3": 1 }, "geometry": { "type": "Point", "coordinates": [ 5.75368, 50.975479 ] } },
{ "type": "Feature", "properties": { "dist": 0.581484, "ffreq2": 0, "ffreq3": 1 }, "geometry": { "type": "Point", "coordinates": [ 5.754249, 50.975477 ] } },
{ "type": "Feature", "properties": { "dist": 0.603222, "ffreq2": 0, "ffreq3": 1 }, "geometry": { "type": "Point", "coordinates": [ 5.754819, 50.975475 ] } },
{ "type": "Feature", "properties": { "dist": 0.619507, "ffreq2": 0, "ffreq3": 1 }, "geometry": { "type": "Point", "coordinates": [ 5.755388, 50.975473 ] } },
{ "type": "Feature", "properties": { "dist": 0.0054321, "ffreq2": 1, "ffreq3": 0 }, "geometry": { "type": "Point", "coordinates": [ 5.736023, 50.975174 ] } },
{ "type": "Feature", "properties": { "dist": 0.0537723, "ffreq2": 1, "ffreq3": 0 }, "geometry": { "type": "Point", "coordinates": [ 5.736592, 50.975172 ] } },
{ "type": "Feature", "properties": { "dist": 0.09213, "ffreq2": 1, "ffreq3": 0 }, "geometry": { "type": "Point", "coordinates": [ 5.737162, 50.97517 ] } },
{ "type": "Feature", "properties": { "dist": 0.119308, "ffreq2": 1, "ffreq3": 0 }, "geometry": { "type": "Point", "coordinates": [ 5.737731, 50.975168 ] } },
{ "type": "Feature", "properties": { "dist": 0.146576, "ffreq2": 1, "ffreq3": 0 }, "geometry": { "type": "Point", "coordinates": [ 5.738301, 50.975167 ] } },
{ "type": "Feature", "properties": { "dist": 0.184603, "ffreq2": 1, "ffreq3": 0 }, "geometry": { "type": "Point", "coordinates": [ 5.73887, 50.975165 ] } },
{ "type": "Feature", "properties": { "dist": 0.211841, "ffreq2": 0, "ffreq3": 1 }, "geometry": { "type": "Point", "coordinates": [ 5.73944, 50.975163 ] } },
{ "type": "Feature", "properties": { "dist": 0.249863, "ffreq2": 0, "ffreq3": 1 }, "geometry": { "type": "Point", "coordinates": [ 5.740009, 50.975161 ] } },
{ "type": "Feature", "properties": { "dist": 0.277084, "ffreq2": 0, "ffreq3": 1 }, "geometry": { "type": "Point", "coordinates": [ 5.740579, 50.97516 ] } },
{ "type": "Feature", "properties": { "dist": 0.315105, "ffreq2": 0, "ffreq3": 1 }, "geometry": { "type": "Point", "coordinates": [ 5.741148, 50.975158 ] } },
{ "type": "Feature", "properties": { "dist": 0.353173, "ffreq2": 0, "ffreq3": 1 }, "geometry": { "type": "Point", "coordinates": [ 5.741718, 50.975156 ] } },
{ "type": "Feature", "properties": { "dist": 0.374932, "ffreq2": 0, "ffreq3": 1 }, "geometry": { "type": "Point", "coordinates": [ 5.742287, 50.975155 ] } },
{ "type": "Feature", "properties": { "dist": 0.38581, "ffreq2": 0, "ffreq3": 1 }, "geometry": { "type": "Point", "coordinates": [ 5.742857, 50.975153 ] } },
{ "type": "Feature", "properties": { "dist": 0.407552, "ffreq2": 1, "ffreq3": 0 }, "geometry": { "type": "Point", "coordinates": [ 5.743426, 50.975151 ] } },
{ "type": "Feature", "properties": { "dist": 0.429292, "ffreq2": 1, "ffreq3": 0 }, "geometry": { "type": "Point", "coordinates": [ 5.743996, 50.975149 ] } },
{ "type": "Feature", "properties": { "dist": 0.44558, "ffreq2": 1, "ffreq3": 0 }, "geometry": { "type": "Point", "coordinates": [ 5.744565, 50.975147 ] } },
{ "type": "Feature", "properties": { "dist": 0.461892, "ffreq2": 0, "ffreq3": 1 }, "geometry": { "type": "Point", "coordinates": [ 5.745135, 50.975146 ] } },
{ "type": "Feature", "properties": { "dist": 0.467322, "ffreq2": 0, "ffreq3": 1 }, "geometry": { "type": "Point", "coordinates": [ 5.745704, 50.975144 ] } },
{ "type": "Feature", "properties": { "dist": 0.483625, "ffreq2": 0, "ffreq3": 1 }, "geometry": { "type": "Point", "coordinates": [ 5.746274, 50.975142 ] } },
{ "type": "Feature", "properties": { "dist": 0.489053, "ffreq2": 1, "ffreq3": 0 }, "geometry": { "type": "Point", "coordinates": [ 5.746843, 50.97514 ] } },
{ "type": "Feature", "properties": { "dist": 0.494509, "ffreq2": 0, "ffreq3": 0 }, "geometry": { "type": "Point", "coordinates": [ 5.747413, 50.975139 ] } },
{ "type": "Feature", "properties": { "dist": 0.510773, "ffreq2": 1, "ffreq3": 0 }, "geometry": { "type": "Point", "coordinates": [ 5.747982, 50.975137 ] } },
{ "type": "Feature", "properties": { "dist": 0.510795, "ffreq2": 1, "ffreq3": 0 }, "geometry": { "type": "Point", "coordinates": [ 5.748552, 50.975135 ] } },
{ "type": "Feature", "properties": { "dist": 0.516253, "ffreq2": 1, "ffreq3": 0 }, "geometry": { "type": "Point", "coordinates": [ 5.749121, 50.975133 ] } },
{ "type": "Feature", "properties": { "dist": 0.532526, "ffreq2": 1, "ffreq3": 0 }, "geometry": { "type": "Point", "coordinates": [ 5.749691, 50.975132 ] } },
{ "type": "Feature", "properties": { "dist": 0.532548, "ffreq2": 1, "ffreq3": 0 }, "geometry": { "type": "Point", "coordinates": [ 5.75026, 50.97513 ] } },
{ "type": "Feature", "properties": { "dist": 0.548849, "ffreq2": 0, "ffreq3": 1 }, "geometry": { "type": "Point", "coordinates": [ 5.75083, 50.975128 ] } },
{ "type": "Feature", "properties": { "dist": 0.554278, "ffreq2": 0, "ffreq3": 1 }, "geometry": { "type": "Point", "coordinates": [ 5.751399, 50.975126 ] } },
{ "type": "Feature", "properties": { "dist": 0.559743, "ffreq2": 0, "ffreq3": 1 }, "geometry": { "type": "Point", "coordinates": [ 5.751969, 50.975124 ] } },
{ "type": "Feature", "properties": { "dist": 0.581476, "ffreq2": 0, "ffreq3": 1 }, "geometry": { "type": "Point", "coordinates": [ 5.752538, 50.975123 ] } },
{ "type": "Feature", "properties": { "dist": 0.59775, "ffreq2": 0, "ffreq3": 1 }, "geometry": { "type": "Point", "coordinates": [ 5.753108, 50.975121 ] } },
{ "type": "Feature", "properties": { "dist": 0.597772, "ffreq2": 0, "ffreq3": 1 }, "geometry": { "type": "Point", "coordinates": [ 5.753677, 50.975119 ] } },
{ "type": "Feature", "properties": { "dist": 0.614087, "ffreq2": 0, "ffreq3": 1 }, "geometry": { "type": "Point", "coordinates": [ 5.754247, 50.975117 ] } },
{ "type": "Feature", "properties": { "dist": 0.624965, "ffreq2": 0, "ffreq3": 1 }, "geometry": { "type": "Point", "coordinates": [ 5.754816, 50.975115 ] } },
{ "type": "Feature", "properties": { "dist": 0.0, "ffreq2": 0, "ffreq3": 0 }, "geometry": { "type": "Point", "coordinates": [ 5.73545, 50.974816 ] } },
{ "type": "Feature", "properties": { "dist": 0.0054321, "ffreq2": 0, "ffreq3": 0 }, "geometry": { "type": "Point", "coordinates": [ 5.73602, 50.974814 ] } },
{ "type": "Feature", "properties": { "dist": 0.0537723, "ffreq2": 1, "ffreq3": 0 }, "geometry": { "type": "Point", "coordinates": [ 5.736589, 50.974812 ] } },
{ "type": "Feature", "properties": { "dist": 0.0974751, "ffreq2": 1, "ffreq3": 0 }, "geometry": { "type": "Point", "coordinates": [ 5.737159, 50.974811 ] } },
{ "type": "Feature", "properties": { "dist": 0.135662, "ffreq2": 1, "ffreq3": 0 }, "geometry": { "type": "Point", "coordinates": [ 5.737728, 50.974809 ] } },
{ "type": "Feature", "properties": { "dist": 0.162853, "ffreq2": 1, "ffreq3": 0 }, "geometry": { "type": "Point", "coordinates": [ 5.738298, 50.974807 ] } },
{ "type": "Feature", "properties": { "dist": 0.190091, "ffreq2": 0, "ffreq3": 1 }, "geometry": { "type": "Point", "coordinates": [ 5.738867, 50.974805 ] } },
{ "type": "Feature", "properties": { "dist": 0.228112, "ffreq2": 0, "ffreq3": 1 }, "geometry": { "type": "Point", "coordinates": [ 5.739437, 50.974804 ] } },
{ "type": "Feature", "properties": { "dist": 0.255338, "ffreq2": 0, "ffreq3": 1 }, "geometry": { "type": "Point", "coordinates": [ 5.740006, 50.974802 ] } },
{ "type": "Feature", "properties": { "dist": 0.293359, "ffreq2": 0, "ffreq3": 1 }, "geometry": { "type": "Point", "coordinates": [ 5.740576, 50.9748 ] } },
{ "type": "Feature", "properties": { "dist": 0.320574, "ffreq2": 0, "ffreq3": 1 }, "geometry": { "type": "Point", "coordinates": [ 5.741145, 50.974798 ] } },
{ "type": "Feature", "properties": { "dist": 0.358595, "ffreq2": 0, "ffreq3": 1 }, "geometry": { "type": "Point", "coordinates": [ 5.741715, 50.974797 ] } },
{ "type": "Feature", "properties": { "dist": 0.396658, "ffreq2": 0, "ffreq3": 1 }, "geometry": { "type": "Point", "coordinates": [ 5.742284, 50.974795 ] } },
{ "type": "Feature", "properties": { "dist": 0.418417, "ffreq2": 0, "ffreq3": 1 }, "geometry": { "type": "Point", "coordinates": [ 5.742854, 50.974793 ] } },
{ "type": "Feature", "properties": { "dist": 0.429295, "ffreq2": 1, "ffreq3": 0 }, "geometry": { "type": "Point", "coordinates": [ 5.743423, 50.974791 ] } },
{ "type": "Feature", "properties": { "dist": 0.451037, "ffreq2": 1, "ffreq3": 0 }, "geometry": { "type": "Point", "coordinates": [ 5.743993, 50.97479 ] } },
{ "type": "Feature", "properties": { "dist": 0.472776, "ffreq2": 0, "ffreq3": 1 }, "geometry": { "type": "Point", "coordinates": [ 5.744562, 50.974788 ] } },
{ "type": "Feature", "properties": { "dist": 0.489064, "ffreq2": 0, "ffreq3": 1 }, "geometry": { "type": "Point", "coordinates": [ 5.745132, 50.974786 ] } },
{ "type": "Feature", "properties": { "dist": 0.505375, "ffreq2": 0, "ffreq3": 1 }, "geometry": { "type": "Point", "coordinates": [ 5.745701, 50.974784 ] } },
{ "type": "Feature", "properties": { "dist": 0.510806, "ffreq2": 0, "ffreq3": 1 }, "geometry": { "type": "Point", "coordinates": [ 5.746271, 50.974783 ] } },
{ "type": "Feature", "properties": { "dist": 0.527108, "ffreq2": 1, "ffreq3": 0 }, "geometry": { "type": "Point", "coordinates": [ 5.74684, 50.974781 ] } },
{ "type": "Feature", "properties": { "dist": 0.532537, "ffreq2": 0, "ffreq3": 0 }, "geometry": { "type": "Point", "coordinates": [ 5.74741, 50.974779 ] } },
{ "type": "Feature", "properties": { "dist": 0.537991, "ffreq2": 1, "ffreq3": 0 }, "geometry": { "type": "Point", "coordinates": [ 5.747979, 50.974777 ] } },
{ "type": "Feature", "properties": { "dist": 0.554256, "ffreq2": 1, "ffreq3": 0 }, "geometry": { "type": "Point", "coordinates": [ 5.748549, 50.974776 ] } },
{ "type": "Feature", "properties": { "dist": 0.554278, "ffreq2": 0, "ffreq3": 1 }, "geometry": { "type": "Point", "coordinates": [ 5.749118, 50.974774 ] } },
{ "type": "Feature", "properties": { "dist": 0.559735, "ffreq2": 0, "ffreq3": 1 }, "geometry": { "type": "Point", "coordinates": [ 5.749688, 50.974772 ] } },
{ "type": "Feature", "properties": { "dist": 0.576009, "ffreq2": 0, "ffreq3": 1 }, "geometry": { "type": "Point", "coordinates": [ 5.750257, 50.97477 ] } },
{ "type": "Feature", "properties": { "dist": 0.576031, "ffreq2": 0, "ffreq3": 1 }, "geometry": { "type": "Point", "coordinates": [ 5.750827, 50.974768 ] } },
{ "type": "Feature", "properties": { "dist": 0.59233, "ffreq2": 0, "ffreq3": 1 }, "geometry": { "type": "Point", "coordinates": [ 5.751396, 50.974767 ] } },
{ "type": "Feature", "properties": { "dist": 0.597761, "ffreq2": 0, "ffreq3": 1 }, "geometry": { "type": "Point", "coordinates": [ 5.751966, 50.974765 ] } },
{ "type": "Feature", "properties": { "dist": 0.603225, "ffreq2": 0, "ffreq3": 1 }, "geometry": { "type": "Point", "coordinates": [ 5.752535, 50.974763 ] } },
{ "type": "Feature", "properties": { "dist": 0.624957, "ffreq2": 0, "ffreq3": 1 }, "geometry": { "type": "Point", "coordinates": [ 5.753105, 50.974761 ] } },
{ "type": "Feature", "properties": { "dist": 0.641232, "ffreq2": 0, "ffreq3": 1 }, "geometry": { "type": "Point", "coordinates": [ 5.753674, 50.974759 ] } },
{ "type": "Feature", "properties": { "dist": 0.641254, "ffreq2": 0, "ffreq3": 1 }, "geometry": { "type": "Point", "coordinates": [ 5.754244, 50.974758 ] } },
{ "type": "Feature", "properties": { "dist": 0.65217, "ffreq2": 0, "ffreq3": 1 }, "geometry": { "type": "Point", "coordinates": [ 5.754813, 50.974756 ] } },
{ "type": "Feature", "properties": { "dist": 0.0, "ffreq2": 0, "ffreq3": 0 }, "geometry": { "type": "Point", "coordinates": [ 5.735448, 50.974456 ] } },
{ "type": "Feature", "properties": { "dist": 0.0264645, "ffreq2": 0, "ffreq3": 0 }, "geometry": { "type": "Point", "coordinates": [ 5.736017, 50.974454 ] } },
{ "type": "Feature", "properties": { "dist": 0.0537889, "ffreq2": 1, "ffreq3": 0 }, "geometry": { "type": "Point", "coordinates": [ 5.736587, 50.974453 ] } },
{ "type": "Feature", "properties": { "dist": 0.0974916, "ffreq2": 1, "ffreq3": 0 }, "geometry": { "type": "Point", "coordinates": [ 5.737156, 50.974451 ] } },
{ "type": "Feature", "properties": { "dist": 0.141042, "ffreq2": 1, "ffreq3": 0 }, "geometry": { "type": "Point", "coordinates": [ 5.737726, 50.974449 ] } },
{ "type": "Feature", "properties": { "dist": 0.179175, "ffreq2": 1, "ffreq3": 0 }, "geometry": { "type": "Point", "coordinates": [ 5.738295, 50.974448 ] } },
{ "type": "Feature", "properties": { "dist": 0.20637, "ffreq2": 0, "ffreq3": 1 }, "geometry": { "type": "Point", "coordinates": [ 5.738865, 50.974446 ] } },
{ "type": "Feature", "properties": { "dist": 0.233593, "ffreq2": 0, "ffreq3": 1 }, "geometry": { "type": "Point", "coordinates": [ 5.739434, 50.974444 ] } },
{ "type": "Feature", "properties": { "dist": 0.271611, "ffreq2": 0, "ffreq3": 1 }, "geometry": { "type": "Point", "coordinates": [ 5.740004, 50.974442 ] } },
{ "type": "Feature", "properties": { "dist": 0.29883, "ffreq2": 0, "ffreq3": 1 }, "geometry": { "type": "Point", "coordinates": [ 5.740573, 50.974441 ] } },
{ "type": "Feature", "properties": { "dist": 0.336851, "ffreq2": 0, "ffreq3": 1 }, "geometry": { "type": "Point", "coordinates": [ 5.741143, 50.974439 ] } },
{ "type": "Feature", "properties": { "dist": 0.364062, "ffreq2": 0, "ffreq3": 1 }, "geometry": { "type": "Point", "coordinates": [ 5.741712, 50.974437 ] } },
{ "type": "Feature", "properties": { "dist": 0.402083, "ffreq2": 0, "ffreq3": 1 }, "geometry": { "type": "Point", "coordinates": [ 5.742282, 50.974435 ] } },
{ "type": "Feature", "properties": { "dist": 0.440142, "ffreq2": 0, "ffreq3": 1 }, "geometry": { "type": "Point", "coordinates": [ 5.742851, 50.974434 ] } },
{ "type": "Feature", "properties": { "dist": 0.4619, "ffreq2": 0, "ffreq3": 1 }, "geometry": { "type": "Point", "coordinates": [ 5.743421, 50.974432 ] } },
{ "type": "Feature", "properties": { "dist": 0.472778, "ffreq2": 0, "ffreq3": 1 }, "geometry": { "type": "Point", "coordinates": [ 5.74399, 50.97443 ] } },
{ "type": "Feature", "properties": { "dist": 0.49452, "ffreq2": 0, "ffreq3": 1 }, "geometry": { "type": "Point", "coordinates": [ 5.744559, 50.974428 ] } },
{ "type": "Feature", "properties": { "dist": 0.516258, "ffreq2": 0, "ffreq3": 1 }, "geometry": { "type": "Point", "coordinates": [ 5.745129, 50.974427 ] } },
{ "type": "Feature", "properties": { "dist": 0.532548, "ffreq2": 0, "ffreq3": 1 }, "geometry": { "type": "Point", "coordinates": [ 5.745698, 50.974425 ] } },
{ "type": "Feature", "properties": { "dist": 0.548857, "ffreq2": 1, "ffreq3": 0 }, "geometry": { "type": "Point", "coordinates": [ 5.746268, 50.974423 ] } },
{ "type": "Feature", "properties": { "dist": 0.554289, "ffreq2": 0, "ffreq3": 0 }, "geometry": { "type": "Point", "coordinates": [ 5.746837, 50.974421 ] } },
{ "type": "Feature", "properties": { "dist": 0.57059, "ffreq2": 0, "ffreq3": 0 }, "geometry": { "type": "Point", "coordinates": [ 5.747407, 50.97442 ] } },
{ "type": "Feature", "properties": { "dist": 0.57602, "ffreq2": 1, "ffreq3": 0 }, "geometry": { "type": "Point", "coordinates": [ 5.747976, 50.974418 ] } },
{ "type": "Feature", "properties": { "dist": 0.581473, "ffreq2": 1, "ffreq3": 0 }, "geometry": { "type": "Point", "coordinates": [ 5.748546, 50.974416 ] } },
{ "type": "Feature", "properties": { "dist": 0.597739, "ffreq2": 1, "ffreq3": 0 }, "geometry": { "type": "Point", "coordinates": [ 5.749115, 50.974414 ] } },
{ "type": "Feature", "properties": { "dist": 0.597761, "ffreq2": 0, "ffreq3": 1 }, "geometry": { "type": "Point", "coordinates": [ 5.749685, 50.974412 ] } },
{ "type": "Feature", "properties": { "dist": 0.603216, "ffreq2": 0, "ffreq3": 1 }, "geometry": { "type": "Point", "coordinates": [ 5.750254, 50.974411 ] } },
{ "type": "Feature", "properties": { "dist": 0.619491, "ffreq2": 0, "ffreq3": 1 }, "geometry": { "type": "Point", "coordinates": [ 5.750824, 50.974409 ] } },
{ "type": "Feature", "properties": { "dist": 0.619513, "ffreq2": 0, "ffreq3": 1 }, "geometry": { "type": "Point", "coordinates": [ 5.751393, 50.974407 ] } },
{ "type": "Feature", "properties": { "dist": 0.635812, "ffreq2": 0, "ffreq3": 1 }, "geometry": { "type": "Point", "coordinates": [ 5.751963, 50.974405 ] } },
{ "type": "Feature", "properties": { "dist": 0.641243, "ffreq2": 0, "ffreq3": 1 }, "geometry": { "type": "Point", "coordinates": [ 5.752532, 50.974404 ] } },
{ "type": "Feature", "properties": { "dist": 0.646706, "ffreq2": 0, "ffreq3": 1 }, "geometry": { "type": "Point", "coordinates": [ 5.753102, 50.974402 ] } },
{ "type": "Feature", "properties": { "dist": 0.668438, "ffreq2": 0, "ffreq3": 1 }, "geometry": { "type": "Point", "coordinates": [ 5.753671, 50.9744 ] } },
{ "type": "Feature", "properties": { "dist": 0.684714, "ffreq2": 0, "ffreq3": 1 }, "geometry": { "type": "Point", "coordinates": [ 5.754241, 50.974398 ] } },
{ "type": "Feature", "properties": { "dist": 0.0, "ffreq2": 0, "ffreq3": 0 }, "geometry": { "type": "Point", "coordinates": [ 5.735445, 50.974097 ] } },
{ "type": "Feature", "properties": { "dist": 0.0316606, "ffreq2": 0, "ffreq3": 0 }, "geometry": { "type": "Point", "coordinates": [ 5.736014, 50.974095 ] } },
{ "type": "Feature", "properties": { "dist": 0.0703333, "ffreq2": 1, "ffreq3": 0 }, "geometry": { "type": "Point", "coordinates": [ 5.736584, 50.974093 ] } },
{ "type": "Feature", "properties": { "dist": 0.0975136, "ffreq2": 1, "ffreq3": 0 }, "geometry": { "type": "Point", "coordinates": [ 5.737153, 50.974091 ] } },
{ "type": "Feature", "properties": { "dist": 0.141064, "ffreq2": 1, "ffreq3": 0 }, "geometry": { "type": "Point", "coordinates": [ 5.737723, 50.97409 ] } },
{ "type": "Feature", "properties": { "dist": 0.18457, "ffreq2": 1, "ffreq3": 0 }, "geometry": { "type": "Point", "coordinates": [ 5.738292, 50.974088 ] } },
{ "type": "Feature", "properties": { "dist": 0.222677, "ffreq2": 0, "ffreq3": 1 }, "geometry": { "type": "Point", "coordinates": [ 5.738862, 50.974086 ] } },
{ "type": "Feature", "properties": { "dist": 0.249874, "ffreq2": 0, "ffreq3": 1 }, "geometry": { "type": "Point", "coordinates": [ 5.739431, 50.974085 ] } },
{ "type": "Feature", "properties": { "dist": 0.277087, "ffreq2": 0, "ffreq3": 1 }, "geometry": { "type": "Point", "coordinates": [ 5.740001, 50.974083 ] } },
{ "type": "Feature", "properties": { "dist": 0.315105, "ffreq2": 0, "ffreq3": 1 }, "geometry": { "type": "Point", "coordinates": [ 5.74057, 50.974081 ] } },
{ "type": "Feature", "properties": { "dist": 0.342318, "ffreq2": 0, "ffreq3": 1 }, "geometry": { "type": "Point", "coordinates": [ 5.74114, 50.974079 ] } },
{ "type": "Feature", "properties": { "dist": 0.380339, "ffreq2": 0, "ffreq3": 1 }, "geometry": { "type": "Point", "coordinates": [ 5.741709, 50.974078 ] } },
{ "type": "Feature", "properties": { "dist": 0.407547, "ffreq2": 0, "ffreq3": 1 }, "geometry": { "type": "Point", "coordinates": [ 5.742279, 50.974076 ] } },
{ "type": "Feature", "properties": { "dist": 0.445569, "ffreq2": 0, "ffreq3": 1 }, "geometry": { "type": "Point", "coordinates": [ 5.742848, 50.974074 ] } },
{ "type": "Feature", "properties": { "dist": 0.483625, "ffreq2": 0, "ffreq3": 1 }, "geometry": { "type": "Point", "coordinates": [ 5.743418, 50.974072 ] } },
{ "type": "Feature", "properties": { "dist": 0.505383, "ffreq2": 0, "ffreq3": 1 }, "geometry": { "type": "Point", "coordinates": [ 5.743987, 50.974071 ] } },
{ "type": "Feature", "properties": { "dist": 0.516261, "ffreq2": 0, "ffreq3": 1 }, "geometry": { "type": "Point", "coordinates": [ 5.744557, 50.974069 ] } },
{ "type": "Feature", "properties": { "dist": 0.538002, "ffreq2": 0, "ffreq3": 1 }, "geometry": { "type": "Point", "coordinates": [ 5.745126, 50.974067 ] } },
{ "type": "Feature", "properties": { "dist": 0.55974, "ffreq2": 0, "ffreq3": 1 }, "geometry": { "type": "Point", "coordinates": [ 5.745696, 50.974065 ] } },
{ "type": "Feature", "properties": { "dist": 0.576031, "ffreq2": 0, "ffreq3": 0 }, "geometry": { "type": "Point", "coordinates": [ 5.746265, 50.974064 ] } },
{ "type": "Feature", "properties": { "dist": 0.592339, "ffreq2": 0, "ffreq3": 0 }, "geometry": { "type": "Point", "coordinates": [ 5.746835, 50.974062 ] } },
{ "type": "Feature", "properties": { "dist": 0.597772, "ffreq2": 1, "ffreq3": 0 }, "geometry": { "type": "Point", "coordinates": [ 5.747404, 50.97406 ] } },
{ "type": "Feature", "properties": { "dist": 0.614071, "ffreq2": 1, "ffreq3": 0 }, "geometry": { "type": "Point", "coordinates": [ 5.747974, 50.974058 ] } },
{ "type": "Feature", "properties": { "dist": 0.619502, "ffreq2": 1, "ffreq3": 0 }, "geometry": { "type": "Point", "coordinates": [ 5.748543, 50.974056 ] } },
{ "type": "Feature", "properties": { "dist": 0.624954, "ffreq2": 1, "ffreq3": 0 }, "geometry": { "type": "Point", "coordinates": [ 5.749113, 50.974055 ] } },
{ "type": "Feature", "properties": { "dist": 0.641221, "ffreq2": 0, "ffreq3": 1 }, "geometry": { "type": "Point", "coordinates": [ 5.749682, 50.974053 ] } },
{ "type": "Feature", "properties": { "dist": 0.641243, "ffreq2": 0, "ffreq3": 1 }, "geometry": { "type": "Point", "coordinates": [ 5.750252, 50.974051 ] } },
{ "type": "Feature", "properties": { "dist": 0.646698, "ffreq2": 0, "ffreq3": 1 }, "geometry": { "type": "Point", "coordinates": [ 5.750821, 50.974049 ] } },
{ "type": "Feature", "properties": { "dist": 0.662973, "ffreq2": 0, "ffreq3": 1 }, "geometry": { "type": "Point", "coordinates": [ 5.751391, 50.974048 ] } },
{ "type": "Feature", "properties": { "dist": 0.662995, "ffreq2": 0, "ffreq3": 1 }, "geometry": { "type": "Point", "coordinates": [ 5.75196, 50.974046 ] } },
{ "type": "Feature", "properties": { "dist": 0.679292, "ffreq2": 0, "ffreq3": 1 }, "geometry": { "type": "Point", "coordinates": [ 5.752529, 50.974044 ] } },
{ "type": "Feature", "properties": { "dist": 0.684725, "ffreq2": 0, "ffreq3": 1 }, "geometry": { "type": "Point", "coordinates": [ 5.753099, 50.974042 ] } },
{ "type": "Feature", "properties": { "dist": 0.690187, "ffreq2": 0, "ffreq3": 1 }, "geometry": { "type": "Point", "coordinates": [ 5.753668, 50.97404 ] } },
{ "type": "Feature", "properties": { "dist": 0.706482, "ffreq2": 0, "ffreq3": 1 }, "geometry": { "type": "Point", "coordinates": [ 5.754238, 50.974039 ] } },
{ "type": "Feature", "properties": { "dist": 0.00135803, "ffreq2": 0, "ffreq3": 0 }, "geometry": { "type": "Point", "coordinates": [ 5.735442, 50.973737 ] } },
{ "type": "Feature", "properties": { "dist": 0.0316663, "ffreq2": 0, "ffreq3": 0 }, "geometry": { "type": "Point", "coordinates": [ 5.736012, 50.973735 ] } },
{ "type": "Feature", "properties": { "dist": 0.0756649, "ffreq2": 1, "ffreq3": 0 }, "geometry": { "type": "Point", "coordinates": [ 5.736581, 50.973734 ] } },
{ "type": "Feature", "properties": { "dist": 0.113908, "ffreq2": 1, "ffreq3": 0 }, "geometry": { "type": "Point", "coordinates": [ 5.737151, 50.973732 ] } },
{ "type": "Feature", "properties": { "dist": 0.141086, "ffreq2": 1, "ffreq3": 0 }, "geometry": { "type": "Point", "coordinates": [ 5.73772, 50.97373 ] } },
{ "type": "Feature", "properties": { "dist": 0.184592, "ffreq2": 1, "ffreq3": 0 }, "geometry": { "type": "Point", "coordinates": [ 5.73829, 50.973728 ] } },
{ "type": "Feature", "properties": { "dist": 0.228079, "ffreq2": 0, "ffreq3": 1 }, "geometry": { "type": "Point", "coordinates": [ 5.738859, 50.973727 ] } },
{ "type": "Feature", "properties": { "dist": 0.266171, "ffreq2": 0, "ffreq3": 1 }, "geometry": { "type": "Point", "coordinates": [ 5.739429, 50.973725 ] } },
{ "type": "Feature", "properties": { "dist": 0.29337, "ffreq2": 0, "ffreq3": 1 }, "geometry": { "type": "Point", "coordinates": [ 5.739998, 50.973723 ] } },
{ "type": "Feature", "properties": { "dist": 0.320577, "ffreq2": 0, "ffreq3": 1 }, "geometry": { "type": "Point", "coordinates": [ 5.740568, 50.973722 ] } },
{ "type": "Feature", "properties": { "dist": 0.358595, "ffreq2": 0, "ffreq3": 1 }, "geometry": { "type": "Point", "coordinates": [ 5.741137, 50.97372 ] } },
{ "type": "Feature", "properties": { "dist": 0.385804, "ffreq2": 0, "ffreq3": 1 }, "geometry": { "type": "Point", "coordinates": [ 5.741707, 50.973718 ] } },
{ "type": "Feature", "properties": { "dist": 0.423826, "ffreq2": 0, "ffreq3": 1 }, "geometry": { "type": "Point", "coordinates": [ 5.742276, 50.973716 ] } },
{ "type": "Feature", "properties": { "dist": 0.451031, "ffreq2": 0, "ffreq3": 1 }, "geometry": { "type": "Point", "coordinates": [ 5.742845, 50.973715 ] } },
{ "type": "Feature", "properties": { "dist": 0.489053, "ffreq2": 0, "ffreq3": 1 }, "geometry": { "type": "Point", "coordinates": [ 5.743415, 50.973713 ] } },
{ "type": "Feature", "properties": { "dist": 0.527108, "ffreq2": 0, "ffreq3": 1 }, "geometry": { "type": "Point", "coordinates": [ 5.743984, 50.973711 ] } },
{ "type": "Feature", "properties": { "dist": 0.548865, "ffreq2": 0, "ffreq3": 1 }, "geometry": { "type": "Point", "coordinates": [ 5.744554, 50.973709 ] } },
{ "type": "Feature", "properties": { "dist": 0.559743, "ffreq2": 0, "ffreq3": 1 }, "geometry": { "type": "Point", "coordinates": [ 5.745123, 50.973708 ] } },
{ "type": "Feature", "properties": { "dist": 0.581484, "ffreq2": 1, "ffreq3": 0 }, "geometry": { "type": "Point", "coordinates": [ 5.745693, 50.973706 ] } },
{ "type": "Feature", "properties": { "dist": 0.603222, "ffreq2": 0, "ffreq3": 0 }, "geometry": { "type": "Point", "coordinates": [ 5.746262, 50.973704 ] } },
{ "type": "Feature", "properties": { "dist": 0.619513, "ffreq2": 0, "ffreq3": 0 }, "geometry": { "type": "Point", "coordinates": [ 5.746832, 50.973702 ] } },
{ "type": "Feature", "properties": { "dist": 0.63582, "ffreq2": 1, "ffreq3": 0 }, "geometry": { "type": "Point", "coordinates": [ 5.747401, 50.9737 ] } },
{ "type": "Feature", "properties": { "dist": 0.641254, "ffreq2": 1, "ffreq3": 0 }, "geometry": { "type": "Point", "coordinates": [ 5.747971, 50.973699 ] } },
{ "type": "Feature", "properties": { "dist": 0.657552, "ffreq2": 1, "ffreq3": 0 }, "geometry": { "type": "Point", "coordinates": [ 5.74854, 50.973697 ] } },
{ "type": "Feature", "properties": { "dist": 0.662984, "ffreq2": 1, "ffreq3": 0 }, "geometry": { "type": "Point", "coordinates": [ 5.74911, 50.973695 ] } },
{ "type": "Feature", "properties": { "dist": 0.668435, "ffreq2": 0, "ffreq3": 1 }, "geometry": { "type": "Point", "coordinates": [ 5.749679, 50.973693 ] } },
{ "type": "Feature", "properties": { "dist": 0.684703, "ffreq2": 0, "ffreq3": 1 }, "geometry": { "type": "Point", "coordinates": [ 5.750249, 50.973692 ] } },
{ "type": "Feature", "properties": { "dist": 0.684725, "ffreq2": 0, "ffreq3": 1 }, "geometry": { "type": "Point", "coordinates": [ 5.750818, 50.97369 ] } },
{ "type": "Feature", "properties": { "dist": 0.690179, "ffreq2": 0, "ffreq3": 1 }, "geometry": { "type": "Point", "coordinates": [ 5.751388, 50.973688 ] } },
{ "type": "Feature", "properties": { "dist": 0.706454, "ffreq2": 0, "ffreq3": 1 }, "geometry": { "type": "Point", "coordinates": [ 5.751957, 50.973686 ] } },
{ "type": "Feature", "properties": { "dist": 0.706476, "ffreq2": 0, "ffreq3": 1 }, "geometry": { "type": "Point", "coordinates": [ 5.752527, 50.973684 ] } },
{ "type": "Feature", "properties": { "dist": 0.722773, "ffreq2": 0, "ffreq3": 1 }, "geometry": { "type": "Point", "coordinates": [ 5.753096, 50.973683 ] } },
{ "type": "Feature", "properties": { "dist": 0.728206, "ffreq2": 0, "ffreq3": 1 }, "geometry": { "type": "Point", "coordinates": [ 5.753666, 50.973681 ] } },
{ "type": "Feature", "properties": { "dist": 0.0, "ffreq2": 0, "ffreq3": 0 }, "geometry": { "type": "Point", "coordinates": [ 5.73487, 50.973379 ] } },
{ "type": "Feature", "properties": { "dist": 0.0122243, "ffreq2": 0, "ffreq3": 0 }, "geometry": { "type": "Point", "coordinates": [ 5.73544, 50.973378 ] } },
{ "type": "Feature", "properties": { "dist": 0.0484884, "ffreq2": 1, "ffreq3": 0 }, "geometry": { "type": "Point", "coordinates": [ 5.736009, 50.973376 ] } },
{ "type": "Feature", "properties": { "dist": 0.0756869, "ffreq2": 1, "ffreq3": 0 }, "geometry": { "type": "Point", "coordinates": [ 5.736578, 50.973374 ] } },
{ "type": "Feature", "properties": { "dist": 0.119286, "ffreq2": 1, "ffreq3": 0 }, "geometry": { "type": "Point", "coordinates": [ 5.737148, 50.973372 ] } },
{ "type": "Feature", "properties": { "dist": 0.157436, "ffreq2": 1, "ffreq3": 0 }, "geometry": { "type": "Point", "coordinates": [ 5.737717, 50.973371 ] } },
{ "type": "Feature", "properties": { "dist": 0.184614, "ffreq2": 1, "ffreq3": 0 }, "geometry": { "type": "Point", "coordinates": [ 5.738287, 50.973369 ] } },
{ "type": "Feature", "properties": { "dist": 0.228101, "ffreq2": 1, "ffreq3": 0 }, "geometry": { "type": "Point", "coordinates": [ 5.738856, 50.973367 ] } },
{ "type": "Feature", "properties": { "dist": 0.271579, "ffreq2": 0, "ffreq3": 1 }, "geometry": { "type": "Point", "coordinates": [ 5.739426, 50.973365 ] } },
{ "type": "Feature", "properties": { "dist": 0.309661, "ffreq2": 0, "ffreq3": 1 }, "geometry": { "type": "Point", "coordinates": [ 5.739995, 50.973364 ] } },
{ "type": "Feature", "properties": { "dist": 0.336861, "ffreq2": 0, "ffreq3": 1 }, "geometry": { "type": "Point", "coordinates": [ 5.740565, 50.973362 ] } },
{ "type": "Feature", "properties": { "dist": 0.364064, "ffreq2": 0, "ffreq3": 1 }, "geometry": { "type": "Point", "coordinates": [ 5.741134, 50.97336 ] } },
{ "type": "Feature", "properties": { "dist": 0.402083, "ffreq2": 0, "ffreq3": 1 }, "geometry": { "type": "Point", "coordinates": [ 5.741704, 50.973359 ] } },
{ "type": "Feature", "properties": { "dist": 0.429289, "ffreq2": 0, "ffreq3": 1 }, "geometry": { "type": "Point", "coordinates": [ 5.742273, 50.973357 ] } },
{ "type": "Feature", "properties": { "dist": 0.467311, "ffreq2": 0, "ffreq3": 1 }, "geometry": { "type": "Point", "coordinates": [ 5.742843, 50.973355 ] } },
{ "type": "Feature", "properties": { "dist": 0.494514, "ffreq2": 0, "ffreq3": 1 }, "geometry": { "type": "Point", "coordinates": [ 5.743412, 50.973353 ] } },
{ "type": "Feature", "properties": { "dist": 0.532537, "ffreq2": 0, "ffreq3": 1 }, "geometry": { "type": "Point", "coordinates": [ 5.743982, 50.973352 ] } },
{ "type": "Feature", "properties": { "dist": 0.57059, "ffreq2": 0, "ffreq3": 1 }, "geometry": { "type": "Point", "coordinates": [ 5.744551, 50.97335 ] } },
{ "type": "Feature", "properties": { "dist": 0.592347, "ffreq2": 0, "ffreq3": 1 }, "geometry": { "type": "Point", "coordinates": [ 5.745121, 50.973348 ] } },
{ "type": "Feature", "properties": { "dist": 0.603225, "ffreq2": 1, "ffreq3": 0 }, "geometry": { "type": "Point", "coordinates": [ 5.74569, 50.973346 ] } },
{ "type": "Feature", "properties": { "dist": 0.624965, "ffreq2": 0, "ffreq3": 0 }, "geometry": { "type": "Point", "coordinates": [ 5.74626, 50.973344 ] } },
{ "type": "Feature", "properties": { "dist": 0.646703, "ffreq2": 0, "ffreq3": 0 }, "geometry": { "type": "Point", "coordinates": [ 5.746829, 50.973343 ] } },
{ "type": "Feature", "properties": { "dist": 0.662995, "ffreq2": 0, "ffreq3": 0 }, "geometry": { "type": "Point", "coordinates": [ 5.747399, 50.973341 ] } },
{ "type": "Feature", "properties": { "dist": 0.679301, "ffreq2": 1, "ffreq3": 0 }, "geometry": { "type": "Point", "coordinates": [ 5.747968, 50.973339 ] } },
{ "type": "Feature", "properties": { "dist": 0.684736, "ffreq2": 1, "ffreq3": 0 }, "geometry": { "type": "Point", "coordinates": [ 5.748537, 50.973337 ] } },
{ "type": "Feature", "properties": { "dist": 0.701033, "ffreq2": 0, "ffreq3": 1 }, "geometry": { "type": "Point", "coordinates": [ 5.749107, 50.973336 ] } },
{ "type": "Feature", "properties": { "dist": 0.706465, "ffreq2": 0, "ffreq3": 1 }, "geometry": { "type": "Point", "coordinates": [ 5.749676, 50.973334 ] } },
{ "type": "Feature", "properties": { "dist": 0.711916, "ffreq2": 0, "ffreq3": 1 }, "geometry": { "type": "Point", "coordinates": [ 5.750246, 50.973332 ] } },
{ "type": "Feature", "properties": { "dist": 0.728184, "ffreq2": 0, "ffreq3": 1 }, "geometry": { "type": "Point", "coordinates": [ 5.750815, 50.97333 ] } },
{ "type": "Feature", "properties": { "dist": 0.728206, "ffreq2": 0, "ffreq3": 1 }, "geometry": { "type": "Point", "coordinates": [ 5.751385, 50.973328 ] } },
{ "type": "Feature", "properties": { "dist": 0.733659, "ffreq2": 0, "ffreq3": 1 }, "geometry": { "type": "Point", "coordinates": [ 5.751954, 50.973327 ] } },
{ "type": "Feature", "properties": { "dist": 0.749936, "ffreq2": 0, "ffreq3": 1 }, "geometry": { "type": "Point", "coordinates": [ 5.752524, 50.973325 ] } },
{ "type": "Feature", "properties": { "dist": 0.749958, "ffreq2": 0, "ffreq3": 1 }, "geometry": { "type": "Point", "coordinates": [ 5.753093, 50.973323 ] } },
{ "type": "Feature", "properties": { "dist": 0.760856, "ffreq2": 0, "ffreq3": 1 }, "geometry": { "type": "Point", "coordinates": [ 5.753663, 50.973321 ] } },
{ "type": "Feature", "properties": { "dist": 0.0, "ffreq2": 0, "ffreq3": 0 }, "geometry": { "type": "Point", "coordinates": [ 5.734867, 50.97302 ] } },
{ "type": "Feature", "properties": { "dist": 0.0316606, "ffreq2": 0, "ffreq3": 0 }, "geometry": { "type": "Point", "coordinates": [ 5.735437, 50.973018 ] } },
{ "type": "Feature", "properties": { "dist": 0.059361, "ffreq2": 1, "ffreq3": 0 }, "geometry": { "type": "Point", "coordinates": [ 5.736006, 50.973016 ] } },
{ "type": "Feature", "properties": { "dist": 0.0921516, "ffreq2": 1, "ffreq3": 0 }, "geometry": { "type": "Point", "coordinates": [ 5.736576, 50.973015 ] } },
{ "type": "Feature", "properties": { "dist": 0.119308, "ffreq2": 1, "ffreq3": 0 }, "geometry": { "type": "Point", "coordinates": [ 5.737145, 50.973013 ] } },
{ "type": "Feature", "properties": { "dist": 0.162831, "ffreq2": 1, "ffreq3": 0 }, "geometry": { "type": "Point", "coordinates": [ 5.737715, 50.973011 ] } },
{ "type": "Feature", "properties": { "dist": 0.200944, "ffreq2": 1, "ffreq3": 0 }, "geometry": { "type": "Point", "coordinates": [ 5.738284, 50.973009 ] } },
{ "type": "Feature", "properties": { "dist": 0.228123, "ffreq2": 1, "ffreq3": 0 }, "geometry": { "type": "Point", "coordinates": [ 5.738854, 50.973008 ] } },
{ "type": "Feature", "properties": { "dist": 0.2716, "ffreq2": 1, "ffreq3": 0 }, "geometry": { "type": "Point", "coordinates": [ 5.739423, 50.973006 ] } },
{ "type": "Feature", "properties": { "dist": 0.315072, "ffreq2": 0, "ffreq3": 1 }, "geometry": { "type": "Point", "coordinates": [ 5.739993, 50.973004 ] } },
{ "type": "Feature", "properties": { "dist": 0.353148, "ffreq2": 0, "ffreq3": 1 }, "geometry": { "type": "Point", "coordinates": [ 5.740562, 50.973002 ] } },
{ "type": "Feature", "properties": { "dist": 0.38035, "ffreq2": 0, "ffreq3": 1 }, "geometry": { "type": "Point", "coordinates": [ 5.741132, 50.973001 ] } },
{ "type": "Feature", "properties": { "dist": 0.40755, "ffreq2": 0, "ffreq3": 1 }, "geometry": { "type": "Point", "coordinates": [ 5.741701, 50.972999 ] } },
{ "type": "Feature", "properties": { "dist": 0.445569, "ffreq2": 0, "ffreq3": 1 }, "geometry": { "type": "Point", "coordinates": [ 5.74227, 50.972997 ] } },
{ "type": "Feature", "properties": { "dist": 0.472773, "ffreq2": 0, "ffreq3": 1 }, "geometry": { "type": "Point", "coordinates": [ 5.74284, 50.972995 ] } },
{ "type": "Feature", "properties": { "dist": 0.510795, "ffreq2": 0, "ffreq3": 1 }, "geometry": { "type": "Point", "coordinates": [ 5.743409, 50.972994 ] } },
{ "type": "Feature", "properties": { "dist": 0.537997, "ffreq2": 1, "ffreq3": 0 }, "geometry": { "type": "Point", "coordinates": [ 5.743979, 50.972992 ] } },
{ "type": "Feature", "properties": { "dist": 0.57602, "ffreq2": 1, "ffreq3": 0 }, "geometry": { "type": "Point", "coordinates": [ 5.744548, 50.97299 ] } },
{ "type": "Feature", "properties": { "dist": 0.614071, "ffreq2": 0, "ffreq3": 0 }, "geometry": { "type": "Point", "coordinates": [ 5.745118, 50.972988 ] } },
{ "type": "Feature", "properties": { "dist": 0.635828, "ffreq2": 0, "ffreq3": 0 }, "geometry": { "type": "Point", "coordinates": [ 5.745687, 50.972987 ] } },
{ "type": "Feature", "properties": { "dist": 0.646706, "ffreq2": 1, "ffreq3": 0 }, "geometry": { "type": "Point", "coordinates": [ 5.746257, 50.972985 ] } },
{ "type": "Feature", "properties": { "dist": 0.668446, "ffreq2": 1, "ffreq3": 0 }, "geometry": { "type": "Point", "coordinates": [ 5.746826, 50.972983 ] } },
{ "type": "Feature", "properties": { "dist": 0.690184, "ffreq2": 0, "ffreq3": 0 }, "geometry": { "type": "Point", "coordinates": [ 5.747396, 50.972981 ] } },
{ "type": "Feature", "properties": { "dist": 0.706476, "ffreq2": 0, "ffreq3": 0 }, "geometry": { "type": "Point", "coordinates": [ 5.747965, 50.97298 ] } },
{ "type": "Feature", "properties": { "dist": 0.722781, "ffreq2": 1, "ffreq3": 0 }, "geometry": { "type": "Point", "coordinates": [ 5.748535, 50.972978 ] } },
{ "type": "Feature", "properties": { "dist": 0.728217, "ffreq2": 1, "ffreq3": 0 }, "geometry": { "type": "Point", "coordinates": [ 5.749104, 50.972976 ] } },
{ "type": "Feature", "properties": { "dist": 0.744513, "ffreq2": 0, "ffreq3": 1 }, "geometry": { "type": "Point", "coordinates": [ 5.749674, 50.972974 ] } },
{ "type": "Feature", "properties": { "dist": 0.749947, "ffreq2": 0, "ffreq3": 1 }, "geometry": { "type": "Point", "coordinates": [ 5.750243, 50.972973 ] } },
{ "type": "Feature", "properties": { "dist": 0.755397, "ffreq2": 0, "ffreq3": 1 }, "geometry": { "type": "Point", "coordinates": [ 5.750813, 50.972971 ] } },
{ "type": "Feature", "properties": { "dist": 0.771665, "ffreq2": 0, "ffreq3": 1 }, "geometry": { "type": "Point", "coordinates": [ 5.751382, 50.972969 ] } },
{ "type": "Feature", "properties": { "dist": 0.771687, "ffreq2": 0, "ffreq3": 1 }, "geometry": { "type": "Point", "coordinates": [ 5.751951, 50.972967 ] } },
{ "type": "Feature", "properties": { "dist": 0.77714, "ffreq2": 0, "ffreq3": 1 }, "geometry": { "type": "Point", "coordinates": [ 5.752521, 50.972965 ] } },
{ "type": "Feature", "properties": { "dist": 0.793417, "ffreq2": 0, "ffreq3": 1 }, "geometry": { "type": "Point", "coordinates": [ 5.75309, 50.972964 ] } },
{ "type": "Feature", "properties": { "dist": 0.0, "ffreq2": 0, "ffreq3": 0 }, "geometry": { "type": "Point", "coordinates": [ 5.734295, 50.972662 ] } },
{ "type": "Feature", "properties": { "dist": 0.0122243, "ffreq2": 0, "ffreq3": 0 }, "geometry": { "type": "Point", "coordinates": [ 5.734865, 50.97266 ] } },
{ "type": "Feature", "properties": { "dist": 0.0373395, "ffreq2": 1, "ffreq3": 0 }, "geometry": { "type": "Point", "coordinates": [ 5.735434, 50.972658 ] } },
{ "type": "Feature", "properties": { "dist": 0.0756759, "ffreq2": 1, "ffreq3": 0 }, "geometry": { "type": "Point", "coordinates": [ 5.736004, 50.972657 ] } },
{ "type": "Feature", "properties": { "dist": 0.103024, "ffreq2": 1, "ffreq3": 0 }, "geometry": { "type": "Point", "coordinates": [ 5.736573, 50.972655 ] } },
{ "type": "Feature", "properties": { "dist": 0.1357, "ffreq2": 1, "ffreq3": 0 }, "geometry": { "type": "Point", "coordinates": [ 5.737143, 50.972653 ] } },
{ "type": "Feature", "properties": { "dist": 0.162853, "ffreq2": 1, "ffreq3": 0 }, "geometry": { "type": "Point", "coordinates": [ 5.737712, 50.972652 ] } },
{ "type": "Feature", "properties": { "dist": 0.206348, "ffreq2": 1, "ffreq3": 0 }, "geometry": { "type": "Point", "coordinates": [ 5.738281, 50.97265 ] } },
{ "type": "Feature", "properties": { "dist": 0.244441, "ffreq2": 1, "ffreq3": 0 }, "geometry": { "type": "Point", "coordinates": [ 5.738851, 50.972648 ] } },
{ "type": "Feature", "properties": { "dist": 0.271622, "ffreq2": 1, "ffreq3": 0 }, "geometry": { "type": "Point", "coordinates": [ 5.73942, 50.972646 ] } },
{ "type": "Feature", "properties": { "dist": 0.315094, "ffreq2": 0, "ffreq3": 1 }, "geometry": { "type": "Point", "coordinates": [ 5.73999, 50.972645 ] } },
{ "type": "Feature", "properties": { "dist": 0.358562, "ffreq2": 0, "ffreq3": 1 }, "geometry": { "type": "Point", "coordinates": [ 5.740559, 50.972643 ] } },
{ "type": "Feature", "properties": { "dist": 0.396634, "ffreq2": 0, "ffreq3": 1 }, "geometry": { "type": "Point", "coordinates": [ 5.741129, 50.972641 ] } },
{ "type": "Feature", "properties": { "dist": 0.423837, "ffreq2": 0, "ffreq3": 1 }, "geometry": { "type": "Point", "coordinates": [ 5.741698, 50.972639 ] } },
{ "type": "Feature", "properties": { "dist": 0.451034, "ffreq2": 0, "ffreq3": 1 }, "geometry": { "type": "Point", "coordinates": [ 5.742268, 50.972638 ] } },
{ "type": "Feature", "properties": { "dist": 0.489053, "ffreq2": 0, "ffreq3": 1 }, "geometry": { "type": "Point", "coordinates": [ 5.742837, 50.972636 ] } },
{ "type": "Feature", "properties": { "dist": 0.516255, "ffreq2": 0, "ffreq3": 1 }, "geometry": { "type": "Point", "coordinates": [ 5.743407, 50.972634 ] } },
{ "type": "Feature", "properties": { "dist": 0.554278, "ffreq2": 0, "ffreq3": 1 }, "geometry": { "type": "Point", "coordinates": [ 5.743976, 50.972632 ] } },
{ "type": "Feature", "properties": { "dist": 0.581478, "ffreq2": 0, "ffreq3": 1 }, "geometry": { "type": "Point", "coordinates": [ 5.744546, 50.972631 ] } },
{ "type": "Feature", "properties": { "dist": 0.619502, "ffreq2": 1, "ffreq3": 0 }, "geometry": { "type": "Point", "coordinates": [ 5.745115, 50.972629 ] } },
{ "type": "Feature", "properties": { "dist": 0.657552, "ffreq2": 0, "ffreq3": 0 }, "geometry": { "type": "Point", "coordinates": [ 5.745685, 50.972627 ] } },
{ "type": "Feature", "properties": { "dist": 0.679309, "ffreq2": 1, "ffreq3": 0 }, "geometry": { "type": "Point", "coordinates": [ 5.746254, 50.972625 ] } },
{ "type": "Feature", "properties": { "dist": 0.690187, "ffreq2": 1, "ffreq3": 0 }, "geometry": { "type": "Point", "coordinates": [ 5.746823, 50.972624 ] } },
{ "type": "Feature", "properties": { "dist": 0.711927, "ffreq2": 0, "ffreq3": 1 }, "geometry": { "type": "Point", "coordinates": [ 5.747393, 50.972622 ] } },
{ "type": "Feature", "properties": { "dist": 0.733665, "ffreq2": 0, "ffreq3": 1 }, "geometry": { "type": "Point", "coordinates": [ 5.747962, 50.97262 ] } },
{ "type": "Feature", "properties": { "dist": 0.749958, "ffreq2": 1, "ffreq3": 0 }, "geometry": { "type": "Point", "coordinates": [ 5.748532, 50.972618 ] } },
{ "type": "Feature", "properties": { "dist": 0.766262, "ffreq2": 1, "ffreq3": 0 }, "geometry": { "type": "Point", "coordinates": [ 5.749101, 50.972617 ] } },
{ "type": "Feature", "properties": { "dist": 0.771698, "ffreq2": 1, "ffreq3": 0 }, "geometry": { "type": "Point", "coordinates": [ 5.749671, 50.972615 ] } },
{ "type": "Feature", "properties": { "dist": 0.787994, "ffreq2": 0, "ffreq3": 1 }, "geometry": { "type": "Point", "coordinates": [ 5.75024, 50.972613 ] } },
{ "type": "Feature", "properties": { "dist": 0.793428, "ffreq2": 0, "ffreq3": 1 }, "geometry": { "type": "Point", "coordinates": [ 5.75081, 50.972611 ] } },
{ "type": "Feature", "properties": { "dist": 0.798877, "ffreq2": 0, "ffreq3": 1 }, "geometry": { "type": "Point", "coordinates": [ 5.751379, 50.972609 ] } },
{ "type": "Feature", "properties": { "dist": 0.815146, "ffreq2": 0, "ffreq3": 1 }, "geometry": { "type": "Point", "coordinates": [ 5.751949, 50.972608 ] } },
{ "type": "Feature", "properties": { "dist": 0.815168, "ffreq2": 0, "ffreq3": 1 }, "geometry": { "type": "Point", "coordinates": [ 5.752518, 50.972606 ] } },
{ "type": "Feature", "properties": { "dist": 0.815184, "ffreq2": 0, "ffreq3": 1 }, "geometry": { "type": "Point", "coordinates": [ 5.753088, 50.972604 ] } },
{ "type": "Feature", "properties": { "dist": 0.00135803, "ffreq2": 0, "ffreq3": 0 }, "geometry": { "type": "Point", "coordinates": [ 5.734292, 50.972302 ] } },
{ "type": "Feature", "properties": { "dist": 0.0316663, "ffreq2": 0, "ffreq3": 0 }, "geometry": { "type": "Point", "coordinates": [ 5.734862, 50.972301 ] } },
{ "type": "Feature", "properties": { "dist": 0.0593636, "ffreq2": 1, "ffreq3": 0 }, "geometry": { "type": "Point", "coordinates": [ 5.735431, 50.972299 ] } },
{ "type": "Feature", "properties": { "dist": 0.0812247, "ffreq2": 1, "ffreq3": 0 }, "geometry": { "type": "Point", "coordinates": [ 5.736001, 50.972297 ] } },
{ "type": "Feature", "properties": { "dist": 0.119297, "ffreq2": 1, "ffreq3": 0 }, "geometry": { "type": "Point", "coordinates": [ 5.73657, 50.972295 ] } },
{ "type": "Feature", "properties": { "dist": 0.146573, "ffreq2": 1, "ffreq3": 0 }, "geometry": { "type": "Point", "coordinates": [ 5.73714, 50.972294 ] } },
{ "type": "Feature", "properties": { "dist": 0.179216, "ffreq2": 1, "ffreq3": 0 }, "geometry": { "type": "Point", "coordinates": [ 5.737709, 50.972292 ] } },
{ "type": "Feature", "properties": { "dist": 0.20637, "ffreq2": 1, "ffreq3": 0 }, "geometry": { "type": "Point", "coordinates": [ 5.738279, 50.97229 ] } },
{ "type": "Feature", "properties": { "dist": 0.249852, "ffreq2": 1, "ffreq3": 0 }, "geometry": { "type": "Point", "coordinates": [ 5.738848, 50.972289 ] } },
{ "type": "Feature", "properties": { "dist": 0.287933, "ffreq2": 1, "ffreq3": 0 }, "geometry": { "type": "Point", "coordinates": [ 5.739418, 50.972287 ] } },
{ "type": "Feature", "properties": { "dist": 0.315116, "ffreq2": 0, "ffreq3": 1 }, "geometry": { "type": "Point", "coordinates": [ 5.739987, 50.972285 ] } },
{ "type": "Feature", "properties": { "dist": 0.358584, "ffreq2": 0, "ffreq3": 1 }, "geometry": { "type": "Point", "coordinates": [ 5.740557, 50.972283 ] } },
{ "type": "Feature", "properties": { "dist": 0.40205, "ffreq2": 0, "ffreq3": 1 }, "geometry": { "type": "Point", "coordinates": [ 5.741126, 50.972282 ] } },
{ "type": "Feature", "properties": { "dist": 0.440118, "ffreq2": 0, "ffreq3": 1 }, "geometry": { "type": "Point", "coordinates": [ 5.741695, 50.97228 ] } },
{ "type": "Feature", "properties": { "dist": 0.467322, "ffreq2": 0, "ffreq3": 1 }, "geometry": { "type": "Point", "coordinates": [ 5.742265, 50.972278 ] } },
{ "type": "Feature", "properties": { "dist": 0.494517, "ffreq2": 0, "ffreq3": 1 }, "geometry": { "type": "Point", "coordinates": [ 5.742834, 50.972276 ] } },
{ "type": "Feature", "properties": { "dist": 0.532537, "ffreq2": 0, "ffreq3": 1 }, "geometry": { "type": "Point", "coordinates": [ 5.743404, 50.972275 ] } },
{ "type": "Feature", "properties": { "dist": 0.559738, "ffreq2": 0, "ffreq3": 1 }, "geometry": { "type": "Point", "coordinates": [ 5.743973, 50.972273 ] } },
{ "type": "Feature", "properties": { "dist": 0.597761, "ffreq2": 0, "ffreq3": 1 }, "geometry": { "type": "Point", "coordinates": [ 5.744543, 50.972271 ] } },
{ "type": "Feature", "properties": { "dist": 0.62496, "ffreq2": 0, "ffreq3": 1 }, "geometry": { "type": "Point", "coordinates": [ 5.745112, 50.972269 ] } },
{ "type": "Feature", "properties": { "dist": 0.662984, "ffreq2": 0, "ffreq3": 0 }, "geometry": { "type": "Point", "coordinates": [ 5.745682, 50.972268 ] } },
{ "type": "Feature", "properties": { "dist": 0.701033, "ffreq2": 0, "ffreq3": 1 }, "geometry": { "type": "Point", "coordinates": [ 5.746251, 50.972266 ] } },
{ "type": "Feature", "properties": { "dist": 0.72279, "ffreq2": 0, "ffreq3": 1 }, "geometry": { "type": "Point", "coordinates": [ 5.746821, 50.972264 ] } },
{ "type": "Feature", "properties": { "dist": 0.733667, "ffreq2": 0, "ffreq3": 1 }, "geometry": { "type": "Point", "coordinates": [ 5.74739, 50.972262 ] } },
{ "type": "Feature", "properties": { "dist": 0.755408, "ffreq2": 0, "ffreq3": 1 }, "geometry": { "type": "Point", "coordinates": [ 5.74796, 50.972261 ] } },
{ "type": "Feature", "properties": { "dist": 0.777145, "ffreq2": 0, "ffreq3": 1 }, "geometry": { "type": "Point", "coordinates": [ 5.748529, 50.972259 ] } },
{ "type": "Feature", "properties": { "dist": 0.793438, "ffreq2": 1, "ffreq3": 0 }, "geometry": { "type": "Point", "coordinates": [ 5.749098, 50.972257 ] } },
{ "type": "Feature", "properties": { "dist": 0.809742, "ffreq2": 1, "ffreq3": 0 }, "geometry": { "type": "Point", "coordinates": [ 5.749668, 50.972255 ] } },
{ "type": "Feature", "properties": { "dist": 0.815179, "ffreq2": 0, "ffreq3": 1 }, "geometry": { "type": "Point", "coordinates": [ 5.750237, 50.972253 ] } },
{ "type": "Feature", "properties": { "dist": 0.831474, "ffreq2": 0, "ffreq3": 1 }, "geometry": { "type": "Point", "coordinates": [ 5.750807, 50.972252 ] } },
{ "type": "Feature", "properties": { "dist": 0.836908, "ffreq2": 0, "ffreq3": 1 }, "geometry": { "type": "Point", "coordinates": [ 5.751376, 50.97225 ] } },
{ "type": "Feature", "properties": { "dist": 0.842357, "ffreq2": 0, "ffreq3": 1 }, "geometry": { "type": "Point", "coordinates": [ 5.751946, 50.972248 ] } },
{ "type": "Feature", "properties": { "dist": 0.858627, "ffreq2": 0, "ffreq3": 1 }, "geometry": { "type": "Point", "coordinates": [ 5.752515, 50.972246 ] } },
{ "type": "Feature", "properties": { "dist": 0.0, "ffreq2": 0, "ffreq3": 0 }, "geometry": { "type": "Point", "coordinates": [ 5.73372, 50.971944 ] } },
{ "type": "Feature", "properties": { "dist": 0.0122243, "ffreq2": 0, "ffreq3": 0 }, "geometry": { "type": "Point", "coordinates": [ 5.73429, 50.971943 ] } },
{ "type": "Feature", "properties": { "dist": 0.0484884, "ffreq2": 1, "ffreq3": 0 }, "geometry": { "type": "Point", "coordinates": [ 5.734859, 50.971941 ] } },
{ "type": "Feature", "properties": { "dist": 0.0756869, "ffreq2": 1, "ffreq3": 0 }, "geometry": { "type": "Point", "coordinates": [ 5.735429, 50.971939 ] } },
{ "type": "Feature", "properties": { "dist": 0.103027, "ffreq2": 1, "ffreq3": 0 }, "geometry": { "type": "Point", "coordinates": [ 5.735998, 50.971938 ] } },
{ "type": "Feature", "properties": { "dist": 0.12481, "ffreq2": 1, "ffreq3": 0 }, "geometry": { "type": "Point", "coordinates": [ 5.736568, 50.971936 ] } },
{ "type": "Feature", "properties": { "dist": 0.162842, "ffreq2": 1, "ffreq3": 0 }, "geometry": { "type": "Point", "coordinates": [ 5.737137, 50.971934 ] } },
{ "type": "Feature", "properties": { "dist": 0.190089, "ffreq2": 1, "ffreq3": 0 }, "geometry": { "type": "Point", "coordinates": [ 5.737707, 50.971932 ] } },
{ "type": "Feature", "properties": { "dist": 0.222718, "ffreq2": 1, "ffreq3": 0 }, "geometry": { "type": "Point", "coordinates": [ 5.738276, 50.971931 ] } },
{ "type": "Feature", "properties": { "dist": 0.249874, "ffreq2": 1, "ffreq3": 0 }, "geometry": { "type": "Point", "coordinates": [ 5.738845, 50.971929 ] } },
{ "type": "Feature", "properties": { "dist": 0.293348, "ffreq2": 1, "ffreq3": 0 }, "geometry": { "type": "Point", "coordinates": [ 5.739415, 50.971927 ] } },
{ "type": "Feature", "properties": { "dist": 0.331421, "ffreq2": 0, "ffreq3": 1 }, "geometry": { "type": "Point", "coordinates": [ 5.739984, 50.971926 ] } },
{ "type": "Feature", "properties": { "dist": 0.358606, "ffreq2": 0, "ffreq3": 1 }, "geometry": { "type": "Point", "coordinates": [ 5.740554, 50.971924 ] } },
{ "type": "Feature", "properties": { "dist": 0.402072, "ffreq2": 0, "ffreq3": 1 }, "geometry": { "type": "Point", "coordinates": [ 5.741123, 50.971922 ] } },
{ "type": "Feature", "properties": { "dist": 0.445536, "ffreq2": 0, "ffreq3": 1 }, "geometry": { "type": "Point", "coordinates": [ 5.741693, 50.97192 ] } },
{ "type": "Feature", "properties": { "dist": 0.483601, "ffreq2": 0, "ffreq3": 1 }, "geometry": { "type": "Point", "coordinates": [ 5.742262, 50.971919 ] } },
{ "type": "Feature", "properties": { "dist": 0.510806, "ffreq2": 0, "ffreq3": 1 }, "geometry": { "type": "Point", "coordinates": [ 5.742832, 50.971917 ] } },
{ "type": "Feature", "properties": { "dist": 0.537999, "ffreq2": 0, "ffreq3": 1 }, "geometry": { "type": "Point", "coordinates": [ 5.743401, 50.971915 ] } },
{ "type": "Feature", "properties": { "dist": 0.57602, "ffreq2": 0, "ffreq3": 1 }, "geometry": { "type": "Point", "coordinates": [ 5.743971, 50.971913 ] } },
{ "type": "Feature", "properties": { "dist": 0.603219, "ffreq2": 0, "ffreq3": 1 }, "geometry": { "type": "Point", "coordinates": [ 5.74454, 50.971912 ] } },
{ "type": "Feature", "properties": { "dist": 0.641243, "ffreq2": 1, "ffreq3": 0 }, "geometry": { "type": "Point", "coordinates": [ 5.745109, 50.97191 ] } },
{ "type": "Feature", "properties": { "dist": 0.668441, "ffreq2": 0, "ffreq3": 0 }, "geometry": { "type": "Point", "coordinates": [ 5.745679, 50.971908 ] } },
{ "type": "Feature", "properties": { "dist": 0.706465, "ffreq2": 0, "ffreq3": 1 }, "geometry": { "type": "Point", "coordinates": [ 5.746248, 50.971906 ] } },
{ "type": "Feature", "properties": { "dist": 0.744513, "ffreq2": 0, "ffreq3": 1 }, "geometry": { "type": "Point", "coordinates": [ 5.746818, 50.971905 ] } },
{ "type": "Feature", "properties": { "dist": 0.76627, "ffreq2": 0, "ffreq3": 1 }, "geometry": { "type": "Point", "coordinates": [ 5.747387, 50.971903 ] } },
{ "type": "Feature", "properties": { "dist": 0.777148, "ffreq2": 0, "ffreq3": 1 }, "geometry": { "type": "Point", "coordinates": [ 5.747957, 50.971901 ] } },
{ "type": "Feature", "properties": { "dist": 0.798888, "ffreq2": 0, "ffreq3": 1 }, "geometry": { "type": "Point", "coordinates": [ 5.748526, 50.971899 ] } },
{ "type": "Feature", "properties": { "dist": 0.820626, "ffreq2": 1, "ffreq3": 0 }, "geometry": { "type": "Point", "coordinates": [ 5.749096, 50.971897 ] } },
{ "type": "Feature", "properties": { "dist": 0.836919, "ffreq2": 0, "ffreq3": 1 }, "geometry": { "type": "Point", "coordinates": [ 5.749665, 50.971896 ] } },
{ "type": "Feature", "properties": { "dist": 0.853222, "ffreq2": 0, "ffreq3": 1 }, "geometry": { "type": "Point", "coordinates": [ 5.750235, 50.971894 ] } },
{ "type": "Feature", "properties": { "dist": 0.85866, "ffreq2": 0, "ffreq3": 1 }, "geometry": { "type": "Point", "coordinates": [ 5.750804, 50.971892 ] } },
{ "type": "Feature", "properties": { "dist": 0.874954, "ffreq2": 0, "ffreq3": 1 }, "geometry": { "type": "Point", "coordinates": [ 5.751373, 50.97189 ] } },
{ "type": "Feature", "properties": { "dist": 0.880389, "ffreq2": 0, "ffreq3": 1 }, "geometry": { "type": "Point", "coordinates": [ 5.751943, 50.971888 ] } },
{ "type": "Feature", "properties": { "dist": 0.880405, "ffreq2": 0, "ffreq3": 1 }, "geometry": { "type": "Point", "coordinates": [ 5.752512, 50.971887 ] } },
{ "type": "Feature", "properties": { "dist": 0.0, "ffreq2": 0, "ffreq3": 0 }, "geometry": { "type": "Point", "coordinates": [ 5.733148, 50.971587 ] } },
{ "type": "Feature", "properties": { "dist": 0.0122243, "ffreq2": 0, "ffreq3": 0 }, "geometry": { "type": "Point", "coordinates": [ 5.733718, 50.971585 ] } },
{ "type": "Feature", "properties": { "dist": 0.0373395, "ffreq2": 1, "ffreq3": 0 }, "geometry": { "type": "Point", "coordinates": [ 5.734287, 50.971583 ] } },
{ "type": "Feature", "properties": { "dist": 0.0593662, "ffreq2": 1, "ffreq3": 0 }, "geometry": { "type": "Point", "coordinates": [ 5.734857, 50.971582 ] } },
{ "type": "Feature", "properties": { "dist": 0.0921516, "ffreq2": 1, "ffreq3": 0 }, "geometry": { "type": "Point", "coordinates": [ 5.735426, 50.97158 ] } },
{ "type": "Feature", "properties": { "dist": 0.119308, "ffreq2": 1, "ffreq3": 0 }, "geometry": { "type": "Point", "coordinates": [ 5.735995, 50.971578 ] } },
{ "type": "Feature", "properties": { "dist": 0.146576, "ffreq2": 1, "ffreq3": 0 }, "geometry": { "type": "Point", "coordinates": [ 5.736565, 50.971576 ] } },
{ "type": "Feature", "properties": { "dist": 0.168339, "ffreq2": 1, "ffreq3": 0 }, "geometry": { "type": "Point", "coordinates": [ 5.737134, 50.971575 ] } },
{ "type": "Feature", "properties": { "dist": 0.206359, "ffreq2": 1, "ffreq3": 0 }, "geometry": { "type": "Point", "coordinates": [ 5.737704, 50.971573 ] } },
{ "type": "Feature", "properties": { "dist": 0.23359, "ffreq2": 1, "ffreq3": 0 }, "geometry": { "type": "Point", "coordinates": [ 5.738273, 50.971571 ] } },
{ "type": "Feature", "properties": { "dist": 0.266212, "ffreq2": 1, "ffreq3": 0 }, "geometry": { "type": "Point", "coordinates": [ 5.738843, 50.971569 ] } },
{ "type": "Feature", "properties": { "dist": 0.29337, "ffreq2": 1, "ffreq3": 0 }, "geometry": { "type": "Point", "coordinates": [ 5.739412, 50.971568 ] } },
{ "type": "Feature", "properties": { "dist": 0.33684, "ffreq2": 0, "ffreq3": 1 }, "geometry": { "type": "Point", "coordinates": [ 5.739982, 50.971566 ] } },
{ "type": "Feature", "properties": { "dist": 0.374907, "ffreq2": 0, "ffreq3": 1 }, "geometry": { "type": "Point", "coordinates": [ 5.740551, 50.971564 ] } },
{ "type": "Feature", "properties": { "dist": 0.402094, "ffreq2": 0, "ffreq3": 1 }, "geometry": { "type": "Point", "coordinates": [ 5.741121, 50.971563 ] } },
{ "type": "Feature", "properties": { "dist": 0.445558, "ffreq2": 0, "ffreq3": 1 }, "geometry": { "type": "Point", "coordinates": [ 5.74169, 50.971561 ] } },
{ "type": "Feature", "properties": { "dist": 0.48902, "ffreq2": 0, "ffreq3": 1 }, "geometry": { "type": "Point", "coordinates": [ 5.742259, 50.971559 ] } },
{ "type": "Feature", "properties": { "dist": 0.527083, "ffreq2": 0, "ffreq3": 1 }, "geometry": { "type": "Point", "coordinates": [ 5.742829, 50.971557 ] } },
{ "type": "Feature", "properties": { "dist": 0.554289, "ffreq2": 0, "ffreq3": 1 }, "geometry": { "type": "Point", "coordinates": [ 5.743398, 50.971556 ] } },
{ "type": "Feature", "properties": { "dist": 0.581481, "ffreq2": 0, "ffreq3": 1 }, "geometry": { "type": "Point", "coordinates": [ 5.743968, 50.971554 ] } },
{ "type": "Feature", "properties": { "dist": 0.619502, "ffreq2": 0, "ffreq3": 1 }, "geometry": { "type": "Point", "coordinates": [ 5.744537, 50.971552 ] } },
{ "type": "Feature", "properties": { "dist": 0.6467, "ffreq2": 1, "ffreq3": 0 }, "geometry": { "type": "Point", "coordinates": [ 5.745107, 50.97155 ] } },
{ "type": "Feature", "properties": { "dist": 0.684725, "ffreq2": 1, "ffreq3": 0 }, "geometry": { "type": "Point", "coordinates": [ 5.745676, 50.971549 ] } },
{ "type": "Feature", "properties": { "dist": 0.711922, "ffreq2": 0, "ffreq3": 1 }, "geometry": { "type": "Point", "coordinates": [ 5.746246, 50.971547 ] } },
{ "type": "Feature", "properties": { "dist": 0.749947, "ffreq2": 0, "ffreq3": 1 }, "geometry": { "type": "Point", "coordinates": [ 5.746815, 50.971545 ] } },
{ "type": "Feature", "properties": { "dist": 0.787994, "ffreq2": 0, "ffreq3": 1 }, "geometry": { "type": "Point", "coordinates": [ 5.747384, 50.971543 ] } },
{ "type": "Feature", "properties": { "dist": 0.80975, "ffreq2": 0, "ffreq3": 1 }, "geometry": { "type": "Point", "coordinates": [ 5.747954, 50.971541 ] } },
{ "type": "Feature", "properties": { "dist": 0.820628, "ffreq2": 0, "ffreq3": 1 }, "geometry": { "type": "Point", "coordinates": [ 5.748523, 50.97154 ] } },
{ "type": "Feature", "properties": { "dist": 0.842368, "ffreq2": 0, "ffreq3": 1 }, "geometry": { "type": "Point", "coordinates": [ 5.749093, 50.971538 ] } },
{ "type": "Feature", "properties": { "dist": 0.864106, "ffreq2": 0, "ffreq3": 1 }, "geometry": { "type": "Point", "coordinates": [ 5.749662, 50.971536 ] } },
{ "type": "Feature", "properties": { "dist": 0.8804, "ffreq2": 0, "ffreq3": 1 }, "geometry": { "type": "Point", "coordinates": [ 5.750232, 50.971534 ] } },
{ "type": "Feature", "properties": { "dist": 0.896702, "ffreq2": 0, "ffreq3": 1 }, "geometry": { "type": "Point", "coordinates": [ 5.750801, 50.971533 ] } },
{ "type": "Feature", "properties": { "dist": 0.90214, "ffreq2": 0, "ffreq3": 1 }, "geometry": { "type": "Point", "coordinates": [ 5.751371, 50.971531 ] } },
{ "type": "Feature", "properties": { "dist": 0.918434, "ffreq2": 0, "ffreq3": 1 }, "geometry": { "type": "Point", "coordinates": [ 5.75194, 50.971529 ] } },
{ "type": "Feature", "properties": { "dist": 0.0, "ffreq2": 0, "ffreq3": 0 }, "geometry": { "type": "Point", "coordinates": [ 5.732576, 50.971229 ] } },
{ "type": "Feature", "properties": { "dist": 0.0122243, "ffreq2": 0, "ffreq3": 0 }, "geometry": { "type": "Point", "coordinates": [ 5.733145, 50.971227 ] } },
{ "type": "Feature", "properties": { "dist": 0.0373395, "ffreq2": 0, "ffreq3": 0 }, "geometry": { "type": "Point", "coordinates": [ 5.733715, 50.971225 ] } },
{ "type": "Feature", "properties": { "dist": 0.0593662, "ffreq2": 0, "ffreq3": 0 }, "geometry": { "type": "Point", "coordinates": [ 5.734284, 50.971224 ] } },
{ "type": "Feature", "properties": { "dist": 0.0812247, "ffreq2": 1, "ffreq3": 0 }, "geometry": { "type": "Point", "coordinates": [ 5.734854, 50.971222 ] } },
{ "type": "Feature", "properties": { "dist": 0.103029, "ffreq2": 1, "ffreq3": 0 }, "geometry": { "type": "Point", "coordinates": [ 5.735423, 50.97122 ] } },
{ "type": "Feature", "properties": { "dist": 0.1357, "ffreq2": 1, "ffreq3": 0 }, "geometry": { "type": "Point", "coordinates": [ 5.735993, 50.971219 ] } },
{ "type": "Feature", "properties": { "dist": 0.162853, "ffreq2": 1, "ffreq3": 0 }, "geometry": { "type": "Point", "coordinates": [ 5.736562, 50.971217 ] } },
{ "type": "Feature", "properties": { "dist": 0.190091, "ffreq2": 1, "ffreq3": 0 }, "geometry": { "type": "Point", "coordinates": [ 5.737132, 50.971215 ] } },
{ "type": "Feature", "properties": { "dist": 0.211846, "ffreq2": 1, "ffreq3": 0 }, "geometry": { "type": "Point", "coordinates": [ 5.737701, 50.971213 ] } },
{ "type": "Feature", "properties": { "dist": 0.249863, "ffreq2": 1, "ffreq3": 0 }, "geometry": { "type": "Point", "coordinates": [ 5.738271, 50.971212 ] } },
{ "type": "Feature", "properties": { "dist": 0.277084, "ffreq2": 1, "ffreq3": 0 }, "geometry": { "type": "Point", "coordinates": [ 5.73884, 50.97121 ] } },
{ "type": "Feature", "properties": { "dist": 0.309702, "ffreq2": 1, "ffreq3": 0 }, "geometry": { "type": "Point", "coordinates": [ 5.739409, 50.971208 ] } },
{ "type": "Feature", "properties": { "dist": 0.336861, "ffreq2": 0, "ffreq3": 1 }, "geometry": { "type": "Point", "coordinates": [ 5.739979, 50.971206 ] } },
{ "type": "Feature", "properties": { "dist": 0.380328, "ffreq2": 0, "ffreq3": 1 }, "geometry": { "type": "Point", "coordinates": [ 5.740548, 50.971205 ] } },
{ "type": "Feature", "properties": { "dist": 0.418392, "ffreq2": 0, "ffreq3": 1 }, "geometry": { "type": "Point", "coordinates": [ 5.741118, 50.971203 ] } },
{ "type": "Feature", "properties": { "dist": 0.44558, "ffreq2": 0, "ffreq3": 1 }, "geometry": { "type": "Point", "coordinates": [ 5.741687, 50.971201 ] } },
{ "type": "Feature", "properties": { "dist": 0.489042, "ffreq2": 0, "ffreq3": 1 }, "geometry": { "type": "Point", "coordinates": [ 5.742257, 50.971199 ] } },
{ "type": "Feature", "properties": { "dist": 0.532504, "ffreq2": 0, "ffreq3": 1 }, "geometry": { "type": "Point", "coordinates": [ 5.742826, 50.971198 ] } },
{ "type": "Feature", "properties": { "dist": 0.570565, "ffreq2": 0, "ffreq3": 1 }, "geometry": { "type": "Point", "coordinates": [ 5.743396, 50.971196 ] } },
{ "type": "Feature", "properties": { "dist": 0.597772, "ffreq2": 0, "ffreq3": 1 }, "geometry": { "type": "Point", "coordinates": [ 5.743965, 50.971194 ] } },
{ "type": "Feature", "properties": { "dist": 0.624963, "ffreq2": 1, "ffreq3": 0 }, "geometry": { "type": "Point", "coordinates": [ 5.744534, 50.971192 ] } },
{ "type": "Feature", "properties": { "dist": 0.662984, "ffreq2": 1, "ffreq3": 0 }, "geometry": { "type": "Point", "coordinates": [ 5.745104, 50.971191 ] } },
{ "type": "Feature", "properties": { "dist": 0.690181, "ffreq2": 1, "ffreq3": 0 }, "geometry": { "type": "Point", "coordinates": [ 5.745673, 50.971189 ] } },
{ "type": "Feature", "properties": { "dist": 0.728206, "ffreq2": 1, "ffreq3": 0 }, "geometry": { "type": "Point", "coordinates": [ 5.746243, 50.971187 ] } },
{ "type": "Feature", "properties": { "dist": 0.755402, "ffreq2": 1, "ffreq3": 0 }, "geometry": { "type": "Point", "coordinates": [ 5.746812, 50.971185 ] } },
{ "type": "Feature", "properties": { "dist": 0.793428, "ffreq2": 0, "ffreq3": 1 }, "geometry": { "type": "Point", "coordinates": [ 5.747382, 50.971184 ] } },
{ "type": "Feature", "properties": { "dist": 0.831474, "ffreq2": 0, "ffreq3": 1 }, "geometry": { "type": "Point", "coordinates": [ 5.747951, 50.971182 ] } },
{ "type": "Feature", "properties": { "dist": 0.853231, "ffreq2": 0, "ffreq3": 1 }, "geometry": { "type": "Point", "coordinates": [ 5.748521, 50.97118 ] } },
{ "type": "Feature", "properties": { "dist": 0.864109, "ffreq2": 0, "ffreq3": 1 }, "geometry": { "type": "Point", "coordinates": [ 5.74909, 50.971178 ] } },
{ "type": "Feature", "properties": { "dist": 0.885849, "ffreq2": 0, "ffreq3": 1 }, "geometry": { "type": "Point", "coordinates": [ 5.749659, 50.971177 ] } },
{ "type": "Feature", "properties": { "dist": 0.907586, "ffreq2": 0, "ffreq3": 1 }, "geometry": { "type": "Point", "coordinates": [ 5.750229, 50.971175 ] } },
{ "type": "Feature", "properties": { "dist": 0.92388, "ffreq2": 0, "ffreq3": 1 }, "geometry": { "type": "Point", "coordinates": [ 5.750798, 50.971173 ] } },
{ "type": "Feature", "properties": { "dist": 0.940182, "ffreq2": 0, "ffreq3": 1 }, "geometry": { "type": "Point", "coordinates": [ 5.751368, 50.971171 ] } },
{ "type": "Feature", "properties": { "dist": 0.945615, "ffreq2": 0, "ffreq3": 1 }, "geometry": { "type": "Point", "coordinates": [ 5.751937, 50.971169 ] } },
{ "type": "Feature", "properties": { "dist": 0.0, "ffreq2": 0, "ffreq3": 0 }, "geometry": { "type": "Point", "coordinates": [ 5.732004, 50.970871 ] } },
{ "type": "Feature", "properties": { "dist": 0.0122243, "ffreq2": 0, "ffreq3": 0 }, "geometry": { "type": "Point", "coordinates": [ 5.732573, 50.970869 ] } },
{ "type": "Feature", "properties": { "dist": 0.0373395, "ffreq2": 0, "ffreq3": 0 }, "geometry": { "type": "Point", "coordinates": [ 5.733143, 50.970868 ] } },
{ "type": "Feature", "properties": { "dist": 0.0593662, "ffreq2": 0, "ffreq3": 0 }, "geometry": { "type": "Point", "coordinates": [ 5.733712, 50.970866 ] } },
{ "type": "Feature", "properties": { "dist": 0.0812247, "ffreq2": 0, "ffreq3": 0 }, "geometry": { "type": "Point", "coordinates": [ 5.734282, 50.970864 ] } },
{ "type": "Feature", "properties": { "dist": 0.103029, "ffreq2": 1, "ffreq3": 0 }, "geometry": { "type": "Point", "coordinates": [ 5.734851, 50.970862 ] } },
{ "type": "Feature", "properties": { "dist": 0.12481, "ffreq2": 1, "ffreq3": 0 }, "geometry": { "type": "Point", "coordinates": [ 5.735421, 50.970861 ] } },
{ "type": "Feature", "properties": { "dist": 0.146578, "ffreq2": 1, "ffreq3": 0 }, "geometry": { "type": "Point", "coordinates": [ 5.73599, 50.970859 ] } },
{ "type": "Feature", "properties": { "dist": 0.179216, "ffreq2": 1, "ffreq3": 0 }, "geometry": { "type": "Point", "coordinates": [ 5.736559, 50.970857 ] } },
{ "type": "Feature", "properties": { "dist": 0.20637, "ffreq2": 1, "ffreq3": 0 }, "geometry": { "type": "Point", "coordinates": [ 5.737129, 50.970856 ] } },
{ "type": "Feature", "properties": { "dist": 0.233593, "ffreq2": 1, "ffreq3": 0 }, "geometry": { "type": "Point", "coordinates": [ 5.737698, 50.970854 ] } },
{ "type": "Feature", "properties": { "dist": 0.255343, "ffreq2": 1, "ffreq3": 0 }, "geometry": { "type": "Point", "coordinates": [ 5.738268, 50.970852 ] } },
{ "type": "Feature", "properties": { "dist": 0.293359, "ffreq2": 1, "ffreq3": 0 }, "geometry": { "type": "Point", "coordinates": [ 5.738837, 50.97085 ] } },
{ "type": "Feature", "properties": { "dist": 0.320574, "ffreq2": 1, "ffreq3": 0 }, "geometry": { "type": "Point", "coordinates": [ 5.739407, 50.970849 ] } },
{ "type": "Feature", "properties": { "dist": 0.353189, "ffreq2": 0, "ffreq3": 1 }, "geometry": { "type": "Point", "coordinates": [ 5.739976, 50.970847 ] } },
{ "type": "Feature", "properties": { "dist": 0.38035, "ffreq2": 0, "ffreq3": 1 }, "geometry": { "type": "Point", "coordinates": [ 5.740546, 50.970845 ] } },
{ "type": "Feature", "properties": { "dist": 0.423815, "ffreq2": 0, "ffreq3": 1 }, "geometry": { "type": "Point", "coordinates": [ 5.741115, 50.970843 ] } },
{ "type": "Feature", "properties": { "dist": 0.461876, "ffreq2": 0, "ffreq3": 1 }, "geometry": { "type": "Point", "coordinates": [ 5.741684, 50.970842 ] } },
{ "type": "Feature", "properties": { "dist": 0.489064, "ffreq2": 0, "ffreq3": 1 }, "geometry": { "type": "Point", "coordinates": [ 5.742254, 50.97084 ] } },
{ "type": "Feature", "properties": { "dist": 0.532526, "ffreq2": 0, "ffreq3": 1 }, "geometry": { "type": "Point", "coordinates": [ 5.742823, 50.970838 ] } },
{ "type": "Feature", "properties": { "dist": 0.575987, "ffreq2": 0, "ffreq3": 1 }, "geometry": { "type": "Point", "coordinates": [ 5.743393, 50.970836 ] } },
{ "type": "Feature", "properties": { "dist": 0.614046, "ffreq2": 0, "ffreq3": 1 }, "geometry": { "type": "Point", "coordinates": [ 5.743962, 50.970835 ] } },
{ "type": "Feature", "properties": { "dist": 0.641254, "ffreq2": 1, "ffreq3": 0 }, "geometry": { "type": "Point", "coordinates": [ 5.744532, 50.970833 ] } },
{ "type": "Feature", "properties": { "dist": 0.668444, "ffreq2": 1, "ffreq3": 0 }, "geometry": { "type": "Point", "coordinates": [ 5.745101, 50.970831 ] } },
{ "type": "Feature", "properties": { "dist": 0.706465, "ffreq2": 1, "ffreq3": 0 }, "geometry": { "type": "Point", "coordinates": [ 5.745671, 50.970829 ] } },
{ "type": "Feature", "properties": { "dist": 0.733662, "ffreq2": 1, "ffreq3": 0 }, "geometry": { "type": "Point", "coordinates": [ 5.74624, 50.970828 ] } },
{ "type": "Feature", "properties": { "dist": 0.771687, "ffreq2": 1, "ffreq3": 0 }, "geometry": { "type": "Point", "coordinates": [ 5.746809, 50.970826 ] } },
{ "type": "Feature", "properties": { "dist": 0.798883, "ffreq2": 0, "ffreq3": 1 }, "geometry": { "type": "Point", "coordinates": [ 5.747379, 50.970824 ] } },
{ "type": "Feature", "properties": { "dist": 0.836908, "ffreq2": 0, "ffreq3": 1 }, "geometry": { "type": "Point", "coordinates": [ 5.747948, 50.970822 ] } },
{ "type": "Feature", "properties": { "dist": 0.874954, "ffreq2": 0, "ffreq3": 1 }, "geometry": { "type": "Point", "coordinates": [ 5.748518, 50.970821 ] } },
{ "type": "Feature", "properties": { "dist": 0.896711, "ffreq2": 0, "ffreq3": 1 }, "geometry": { "type": "Point", "coordinates": [ 5.749087, 50.970819 ] } },
{ "type": "Feature", "properties": { "dist": 0.907589, "ffreq2": 0, "ffreq3": 1 }, "geometry": { "type": "Point", "coordinates": [ 5.749657, 50.970817 ] } },
{ "type": "Feature", "properties": { "dist": 0.929329, "ffreq2": 0, "ffreq3": 1 }, "geometry": { "type": "Point", "coordinates": [ 5.750226, 50.970815 ] } },
{ "type": "Feature", "properties": { "dist": 0.951066, "ffreq2": 0, "ffreq3": 1 }, "geometry": { "type": "Point", "coordinates": [ 5.750796, 50.970813 ] } },
{ "type": "Feature", "properties": { "dist": 0.963741, "ffreq2": 0, "ffreq3": 1 }, "geometry": { "type": "Point", "coordinates": [ 5.751365, 50.970812 ] } },
{ "type": "Feature", "properties": { "dist": 0.0, "ffreq2": 0, "ffreq3": 0 }, "geometry": { "type": "Point", "coordinates": [ 5.731432, 50.970513 ] } },
{ "type": "Feature", "properties": { "dist": 0.0122243, "ffreq2": 0, "ffreq3": 0 }, "geometry": { "type": "Point", "coordinates": [ 5.732001, 50.970511 ] } },
{ "type": "Feature", "properties": { "dist": 0.0373395, "ffreq2": 0, "ffreq3": 0 }, "geometry": { "type": "Point", "coordinates": [ 5.732571, 50.97051 ] } },
{ "type": "Feature", "properties": { "dist": 0.0593662, "ffreq2": 0, "ffreq3": 0 }, "geometry": { "type": "Point", "coordinates": [ 5.73314, 50.970508 ] } },
{ "type": "Feature", "properties": { "dist": 0.0812247, "ffreq2": 0, "ffreq3": 0 }, "geometry": { "type": "Point", "coordinates": [ 5.73371, 50.970506 ] } },
{ "type": "Feature", "properties": { "dist": 0.103029, "ffreq2": 0, "ffreq3": 0 }, "geometry": { "type": "Point", "coordinates": [ 5.734279, 50.970505 ] } },
{ "type": "Feature", "properties": { "dist": 0.12481, "ffreq2": 0, "ffreq3": 0 }, "geometry": { "type": "Point", "coordinates": [ 5.734848, 50.970503 ] } },
{ "type": "Feature", "properties": { "dist": 0.146578, "ffreq2": 1, "ffreq3": 0 }, "geometry": { "type": "Point", "coordinates": [ 5.735418, 50.970501 ] } },
{ "type": "Feature", "properties": { "dist": 0.168339, "ffreq2": 1, "ffreq3": 0 }, "geometry": { "type": "Point", "coordinates": [ 5.735987, 50.970499 ] } },
{ "type": "Feature", "properties": { "dist": 0.190094, "ffreq2": 1, "ffreq3": 0 }, "geometry": { "type": "Point", "coordinates": [ 5.736557, 50.970498 ] } },
{ "type": "Feature", "properties": { "dist": 0.222718, "ffreq2": 1, "ffreq3": 0 }, "geometry": { "type": "Point", "coordinates": [ 5.737126, 50.970496 ] } },
{ "type": "Feature", "properties": { "dist": 0.249874, "ffreq2": 1, "ffreq3": 0 }, "geometry": { "type": "Point", "coordinates": [ 5.737696, 50.970494 ] } },
{ "type": "Feature", "properties": { "dist": 0.277087, "ffreq2": 1, "ffreq3": 0 }, "geometry": { "type": "Point", "coordinates": [ 5.738265, 50.970493 ] } },
{ "type": "Feature", "properties": { "dist": 0.298835, "ffreq2": 1, "ffreq3": 0 }, "geometry": { "type": "Point", "coordinates": [ 5.738834, 50.970491 ] } },
{ "type": "Feature", "properties": { "dist": 0.336851, "ffreq2": 1, "ffreq3": 0 }, "geometry": { "type": "Point", "coordinates": [ 5.739404, 50.970489 ] } },
{ "type": "Feature", "properties": { "dist": 0.364062, "ffreq2": 0, "ffreq3": 1 }, "geometry": { "type": "Point", "coordinates": [ 5.739973, 50.970487 ] } },
{ "type": "Feature", "properties": { "dist": 0.396675, "ffreq2": 0, "ffreq3": 1 }, "geometry": { "type": "Point", "coordinates": [ 5.740543, 50.970486 ] } },
{ "type": "Feature", "properties": { "dist": 0.423837, "ffreq2": 0, "ffreq3": 1 }, "geometry": { "type": "Point", "coordinates": [ 5.741112, 50.970484 ] } },
{ "type": "Feature", "properties": { "dist": 0.4673, "ffreq2": 0, "ffreq3": 1 }, "geometry": { "type": "Point", "coordinates": [ 5.741682, 50.970482 ] } },
{ "type": "Feature", "properties": { "dist": 0.505358, "ffreq2": 0, "ffreq3": 1 }, "geometry": { "type": "Point", "coordinates": [ 5.742251, 50.97048 ] } },
{ "type": "Feature", "properties": { "dist": 0.532548, "ffreq2": 0, "ffreq3": 1 }, "geometry": { "type": "Point", "coordinates": [ 5.742821, 50.970479 ] } },
{ "type": "Feature", "properties": { "dist": 0.576009, "ffreq2": 0, "ffreq3": 1 }, "geometry": { "type": "Point", "coordinates": [ 5.74339, 50.970477 ] } },
{ "type": "Feature", "properties": { "dist": 0.619469, "ffreq2": 1, "ffreq3": 0 }, "geometry": { "type": "Point", "coordinates": [ 5.743959, 50.970475 ] } },
{ "type": "Feature", "properties": { "dist": 0.657527, "ffreq2": 1, "ffreq3": 0 }, "geometry": { "type": "Point", "coordinates": [ 5.744529, 50.970473 ] } },
{ "type": "Feature", "properties": { "dist": 0.684736, "ffreq2": 1, "ffreq3": 0 }, "geometry": { "type": "Point", "coordinates": [ 5.745098, 50.970472 ] } },
{ "type": "Feature", "properties": { "dist": 0.711925, "ffreq2": 1, "ffreq3": 0 }, "geometry": { "type": "Point", "coordinates": [ 5.745668, 50.97047 ] } },
{ "type": "Feature", "properties": { "dist": 0.749947, "ffreq2": 1, "ffreq3": 0 }, "geometry": { "type": "Point", "coordinates": [ 5.746237, 50.970468 ] } },
{ "type": "Feature", "properties": { "dist": 0.777143, "ffreq2": 1, "ffreq3": 0 }, "geometry": { "type": "Point", "coordinates": [ 5.746807, 50.970466 ] } },
{ "type": "Feature", "properties": { "dist": 0.815168, "ffreq2": 0, "ffreq3": 1 }, "geometry": { "type": "Point", "coordinates": [ 5.747376, 50.970465 ] } },
{ "type": "Feature", "properties": { "dist": 0.842363, "ffreq2": 0, "ffreq3": 1 }, "geometry": { "type": "Point", "coordinates": [ 5.747946, 50.970463 ] } },
{ "type": "Feature", "properties": { "dist": 0.880389, "ffreq2": 0, "ffreq3": 1 }, "geometry": { "type": "Point", "coordinates": [ 5.748515, 50.970461 ] } },
{ "type": "Feature", "properties": { "dist": 0.918434, "ffreq2": 0, "ffreq3": 1 }, "geometry": { "type": "Point", "coordinates": [ 5.749084, 50.970459 ] } },
{ "type": "Feature", "properties": { "dist": 0.940191, "ffreq2": 0, "ffreq3": 1 }, "geometry": { "type": "Point", "coordinates": [ 5.749654, 50.970457 ] } },
{ "type": "Feature", "properties": { "dist": 0.951068, "ffreq2": 0, "ffreq3": 1 }, "geometry": { "type": "Point", "coordinates": [ 5.750223, 50.970456 ] } },
{ "type": "Feature", "properties": { "dist": 0.972808, "ffreq2": 0, "ffreq3": 1 }, "geometry": { "type": "Point", "coordinates": [ 5.750793, 50.970454 ] } },
{ "type": "Feature", "properties": { "dist": 0.978272, "ffreq2": 0, "ffreq3": 1 }, "geometry": { "type": "Point", "coordinates": [ 5.751362, 50.970452 ] } },
{ "type": "Feature", "properties": { "dist": 0.0, "ffreq2": 0, "ffreq3": 0 }, "geometry": { "type": "Point", "coordinates": [ 5.73086, 50.970155 ] } },
{ "type": "Feature", "properties": { "dist": 0.0122243, "ffreq2": 0, "ffreq3": 0 }, "geometry": { "type": "Point", "coordinates": [ 5.731429, 50.970154 ] } },
{ "type": "Feature", "properties": { "dist": 0.0373395, "ffreq2": 0, "ffreq3": 0 }, "geometry": { "type": "Point", "coordinates": [ 5.731999, 50.970152 ] } },
{ "type": "Feature", "properties": { "dist": 0.0593662, "ffreq2": 0, "ffreq3": 0 }, "geometry": { "type": "Point", "coordinates": [ 5.732568, 50.97015 ] } },
{ "type": "Feature", "properties": { "dist": 0.0812247, "ffreq2": 0, "ffreq3": 0 }, "geometry": { "type": "Point", "coordinates": [ 5.733137, 50.970148 ] } },
{ "type": "Feature", "properties": { "dist": 0.103029, "ffreq2": 0, "ffreq3": 0 }, "geometry": { "type": "Point", "coordinates": [ 5.733707, 50.970147 ] } },
{ "type": "Feature", "properties": { "dist": 0.12481, "ffreq2": 0, "ffreq3": 0 }, "geometry": { "type": "Point", "coordinates": [ 5.734276, 50.970145 ] } },
{ "type": "Feature", "properties": { "dist": 0.146578, "ffreq2": 0, "ffreq3": 0 }, "geometry": { "type": "Point", "coordinates": [ 5.734846, 50.970143 ] } },
{ "type": "Feature", "properties": { "dist": 0.168339, "ffreq2": 1, "ffreq3": 0 }, "geometry": { "type": "Point", "coordinates": [ 5.735415, 50.970142 ] } },
{ "type": "Feature", "properties": { "dist": 0.190094, "ffreq2": 1, "ffreq3": 0 }, "geometry": { "type": "Point", "coordinates": [ 5.735985, 50.97014 ] } },
{ "type": "Feature", "properties": { "dist": 0.211846, "ffreq2": 1, "ffreq3": 0 }, "geometry": { "type": "Point", "coordinates": [ 5.736554, 50.970138 ] } },
{ "type": "Feature", "properties": { "dist": 0.233596, "ffreq2": 1, "ffreq3": 0 }, "geometry": { "type": "Point", "coordinates": [ 5.737123, 50.970136 ] } },
{ "type": "Feature", "properties": { "dist": 0.266212, "ffreq2": 1, "ffreq3": 0 }, "geometry": { "type": "Point", "coordinates": [ 5.737693, 50.970135 ] } },
{ "type": "Feature", "properties": { "dist": 0.29337, "ffreq2": 1, "ffreq3": 0 }, "geometry": { "type": "Point", "coordinates": [ 5.738262, 50.970133 ] } },
{ "type": "Feature", "properties": { "dist": 0.320577, "ffreq2": 1, "ffreq3": 0 }, "geometry": { "type": "Point", "coordinates": [ 5.738832, 50.970131 ] } },
{ "type": "Feature", "properties": { "dist": 0.342324, "ffreq2": 1, "ffreq3": 0 }, "geometry": { "type": "Point", "coordinates": [ 5.739401, 50.97013 ] } },
{ "type": "Feature", "properties": { "dist": 0.380339, "ffreq2": 0, "ffreq3": 1 }, "geometry": { "type": "Point", "coordinates": [ 5.739971, 50.970128 ] } },
{ "type": "Feature", "properties": { "dist": 0.407547, "ffreq2": 0, "ffreq3": 1 }, "geometry": { "type": "Point", "coordinates": [ 5.74054, 50.970126 ] } },
{ "type": "Feature", "properties": { "dist": 0.440159, "ffreq2": 0, "ffreq3": 1 }, "geometry": { "type": "Point", "coordinates": [ 5.741109, 50.970124 ] } },
{ "type": "Feature", "properties": { "dist": 0.467322, "ffreq2": 0, "ffreq3": 1 }, "geometry": { "type": "Point", "coordinates": [ 5.741679, 50.970123 ] } },
{ "type": "Feature", "properties": { "dist": 0.510784, "ffreq2": 0, "ffreq3": 1 }, "geometry": { "type": "Point", "coordinates": [ 5.742248, 50.970121 ] } },
{ "type": "Feature", "properties": { "dist": 0.548841, "ffreq2": 0, "ffreq3": 1 }, "geometry": { "type": "Point", "coordinates": [ 5.742818, 50.970119 ] } },
{ "type": "Feature", "properties": { "dist": 0.576031, "ffreq2": 0, "ffreq3": 1 }, "geometry": { "type": "Point", "coordinates": [ 5.743387, 50.970117 ] } },
{ "type": "Feature", "properties": { "dist": 0.619491, "ffreq2": 1, "ffreq3": 0 }, "geometry": { "type": "Point", "coordinates": [ 5.743957, 50.970116 ] } },
{ "type": "Feature", "properties": { "dist": 0.662951, "ffreq2": 1, "ffreq3": 0 }, "geometry": { "type": "Point", "coordinates": [ 5.744526, 50.970114 ] } },
{ "type": "Feature", "properties": { "dist": 0.701008, "ffreq2": 1, "ffreq3": 0 }, "geometry": { "type": "Point", "coordinates": [ 5.745096, 50.970112 ] } },
{ "type": "Feature", "properties": { "dist": 0.728217, "ffreq2": 1, "ffreq3": 0 }, "geometry": { "type": "Point", "coordinates": [ 5.745665, 50.97011 ] } },
{ "type": "Feature", "properties": { "dist": 0.755405, "ffreq2": 1, "ffreq3": 0 }, "geometry": { "type": "Point", "coordinates": [ 5.746234, 50.970109 ] } },
{ "type": "Feature", "properties": { "dist": 0.793428, "ffreq2": 1, "ffreq3": 0 }, "geometry": { "type": "Point", "coordinates": [ 5.746804, 50.970107 ] } },
{ "type": "Feature", "properties": { "dist": 0.820623, "ffreq2": 1, "ffreq3": 0 }, "geometry": { "type": "Point", "coordinates": [ 5.747373, 50.970105 ] } },
{ "type": "Feature", "properties": { "dist": 0.858648, "ffreq2": 1, "ffreq3": 0 }, "geometry": { "type": "Point", "coordinates": [ 5.747943, 50.970103 ] } },
{ "type": "Feature", "properties": { "dist": 0.885843, "ffreq2": 0, "ffreq3": 1 }, "geometry": { "type": "Point", "coordinates": [ 5.748512, 50.970101 ] } },
{ "type": "Feature", "properties": { "dist": 0.923869, "ffreq2": 0, "ffreq3": 1 }, "geometry": { "type": "Point", "coordinates": [ 5.749082, 50.9701 ] } },
{ "type": "Feature", "properties": { "dist": 0.961914, "ffreq2": 0, "ffreq3": 1 }, "geometry": { "type": "Point", "coordinates": [ 5.749651, 50.970098 ] } },
{ "type": "Feature", "properties": { "dist": 0.983578, "ffreq2": 0, "ffreq3": 1 }, "geometry": { "type": "Point", "coordinates": [ 5.75022, 50.970096 ] } },
{ "type": "Feature", "properties": { "dist": 0.992607, "ffreq2": 0, "ffreq3": 1 }, "geometry": { "type": "Point", "coordinates": [ 5.75079, 50.970094 ] } },
{ "type": "Feature", "properties": { "dist": 0.0054321, "ffreq2": 0, "ffreq3": 0 }, "geometry": { "type": "Point", "coordinates": [ 5.730857, 50.969796 ] } },
{ "type": "Feature", "properties": { "dist": 0.0373369, "ffreq2": 0, "ffreq3": 0 }, "geometry": { "type": "Point", "coordinates": [ 5.731426, 50.969794 ] } },
{ "type": "Feature", "properties": { "dist": 0.0593662, "ffreq2": 0, "ffreq3": 0 }, "geometry": { "type": "Point", "coordinates": [ 5.731996, 50.969792 ] } },
{ "type": "Feature", "properties": { "dist": 0.0812247, "ffreq2": 0, "ffreq3": 0 }, "geometry": { "type": "Point", "coordinates": [ 5.732565, 50.969791 ] } },
{ "type": "Feature", "properties": { "dist": 0.103029, "ffreq2": 0, "ffreq3": 0 }, "geometry": { "type": "Point", "coordinates": [ 5.733135, 50.969789 ] } },
{ "type": "Feature", "properties": { "dist": 0.12481, "ffreq2": 0, "ffreq3": 0 }, "geometry": { "type": "Point", "coordinates": [ 5.733704, 50.969787 ] } },
{ "type": "Feature", "properties": { "dist": 0.146578, "ffreq2": 0, "ffreq3": 0 }, "geometry": { "type": "Point", "coordinates": [ 5.734274, 50.969785 ] } },
{ "type": "Feature", "properties": { "dist": 0.168339, "ffreq2": 0, "ffreq3": 0 }, "geometry": { "type": "Point", "coordinates": [ 5.734843, 50.969784 ] } },
{ "type": "Feature", "properties": { "dist": 0.190094, "ffreq2": 0, "ffreq3": 0 }, "geometry": { "type": "Point", "coordinates": [ 5.735412, 50.969782 ] } },
{ "type": "Feature", "properties": { "dist": 0.211846, "ffreq2": 1, "ffreq3": 0 }, "geometry": { "type": "Point", "coordinates": [ 5.735982, 50.96978 ] } },
{ "type": "Feature", "properties": { "dist": 0.233596, "ffreq2": 1, "ffreq3": 0 }, "geometry": { "type": "Point", "coordinates": [ 5.736551, 50.969779 ] } },
{ "type": "Feature", "properties": { "dist": 0.255343, "ffreq2": 1, "ffreq3": 0 }, "geometry": { "type": "Point", "coordinates": [ 5.737121, 50.969777 ] } },
{ "type": "Feature", "properties": { "dist": 0.27709, "ffreq2": 1, "ffreq3": 0 }, "geometry": { "type": "Point", "coordinates": [ 5.73769, 50.969775 ] } },
{ "type": "Feature", "properties": { "dist": 0.309702, "ffreq2": 1, "ffreq3": 0 }, "geometry": { "type": "Point", "coordinates": [ 5.73826, 50.969773 ] } },
{ "type": "Feature", "properties": { "dist": 0.336861, "ffreq2": 0, "ffreq3": 1 }, "geometry": { "type": "Point", "coordinates": [ 5.738829, 50.969772 ] } },
{ "type": "Feature", "properties": { "dist": 0.364064, "ffreq2": 0, "ffreq3": 1 }, "geometry": { "type": "Point", "coordinates": [ 5.739398, 50.96977 ] } },
{ "type": "Feature", "properties": { "dist": 0.38581, "ffreq2": 0, "ffreq3": 1 }, "geometry": { "type": "Point", "coordinates": [ 5.739968, 50.969768 ] } },
{ "type": "Feature", "properties": { "dist": 0.423826, "ffreq2": 0, "ffreq3": 1 }, "geometry": { "type": "Point", "coordinates": [ 5.740537, 50.969767 ] } },
{ "type": "Feature", "properties": { "dist": 0.451031, "ffreq2": 0, "ffreq3": 1 }, "geometry": { "type": "Point", "coordinates": [ 5.741107, 50.969765 ] } },
{ "type": "Feature", "properties": { "dist": 0.483642, "ffreq2": 0, "ffreq3": 1 }, "geometry": { "type": "Point", "coordinates": [ 5.741676, 50.969763 ] } },
{ "type": "Feature", "properties": { "dist": 0.510806, "ffreq2": 0, "ffreq3": 1 }, "geometry": { "type": "Point", "coordinates": [ 5.742246, 50.969761 ] } },
{ "type": "Feature", "properties": { "dist": 0.554267, "ffreq2": 0, "ffreq3": 1 }, "geometry": { "type": "Point", "coordinates": [ 5.742815, 50.96976 ] } },
{ "type": "Feature", "properties": { "dist": 0.592322, "ffreq2": 0, "ffreq3": 1 }, "geometry": { "type": "Point", "coordinates": [ 5.743384, 50.969758 ] } },
{ "type": "Feature", "properties": { "dist": 0.619513, "ffreq2": 1, "ffreq3": 0 }, "geometry": { "type": "Point", "coordinates": [ 5.743954, 50.969756 ] } },
{ "type": "Feature", "properties": { "dist": 0.662973, "ffreq2": 1, "ffreq3": 0 }, "geometry": { "type": "Point", "coordinates": [ 5.744523, 50.969754 ] } },
{ "type": "Feature", "properties": { "dist": 0.706433, "ffreq2": 1, "ffreq3": 0 }, "geometry": { "type": "Point", "coordinates": [ 5.745093, 50.969753 ] } },
{ "type": "Feature", "properties": { "dist": 0.744489, "ffreq2": 1, "ffreq3": 0 }, "geometry": { "type": "Point", "coordinates": [ 5.745662, 50.969751 ] } },
{ "type": "Feature", "properties": { "dist": 0.771698, "ffreq2": 1, "ffreq3": 0 }, "geometry": { "type": "Point", "coordinates": [ 5.746232, 50.969749 ] } },
{ "type": "Feature", "properties": { "dist": 0.798885, "ffreq2": 1, "ffreq3": 0 }, "geometry": { "type": "Point", "coordinates": [ 5.746801, 50.969747 ] } },
{ "type": "Feature", "properties": { "dist": 0.836908, "ffreq2": 1, "ffreq3": 0 }, "geometry": { "type": "Point", "coordinates": [ 5.74737, 50.969745 ] } },
{ "type": "Feature", "properties": { "dist": 0.864103, "ffreq2": 1, "ffreq3": 0 }, "geometry": { "type": "Point", "coordinates": [ 5.74794, 50.969744 ] } },
{ "type": "Feature", "properties": { "dist": 0.902129, "ffreq2": 0, "ffreq3": 1 }, "geometry": { "type": "Point", "coordinates": [ 5.748509, 50.969742 ] } },
{ "type": "Feature", "properties": { "dist": 0.929323, "ffreq2": 0, "ffreq3": 1 }, "geometry": { "type": "Point", "coordinates": [ 5.749079, 50.96974 ] } },
{ "type": "Feature", "properties": { "dist": 0.961637, "ffreq2": 0, "ffreq3": 1 }, "geometry": { "type": "Point", "coordinates": [ 5.749648, 50.969738 ] } },
{ "type": "Feature", "properties": { "dist": 0.966988, "ffreq2": 0, "ffreq3": 1 }, "geometry": { "type": "Point", "coordinates": [ 5.750218, 50.969737 ] } },
{ "type": "Feature", "properties": { "dist": 0.977899, "ffreq2": 0, "ffreq3": 1 }, "geometry": { "type": "Point", "coordinates": [ 5.750787, 50.969735 ] } },
{ "type": "Feature", "properties": { "dist": 0.0, "ffreq2": 0, "ffreq3": 0 }, "geometry": { "type": "Point", "coordinates": [ 5.730285, 50.969438 ] } },
{ "type": "Feature", "properties": { "dist": 0.0122243, "ffreq2": 0, "ffreq3": 0 }, "geometry": { "type": "Point", "coordinates": [ 5.730854, 50.969436 ] } },
{ "type": "Feature", "properties": { "dist": 0.0537778, "ffreq2": 0, "ffreq3": 0 }, "geometry": { "type": "Point", "coordinates": [ 5.731424, 50.969434 ] } },
{ "type": "Feature", "properties": { "dist": 0.0812194, "ffreq2": 0, "ffreq3": 0 }, "geometry": { "type": "Point", "coordinates": [ 5.731993, 50.969433 ] } },
{ "type": "Feature", "properties": { "dist": 0.103029, "ffreq2": 0, "ffreq3": 0 }, "geometry": { "type": "Point", "coordinates": [ 5.732563, 50.969431 ] } },
{ "type": "Feature", "properties": { "dist": 0.12481, "ffreq2": 0, "ffreq3": 0 }, "geometry": { "type": "Point", "coordinates": [ 5.733132, 50.969429 ] } },
{ "type": "Feature", "properties": { "dist": 0.146578, "ffreq2": 0, "ffreq3": 0 }, "geometry": { "type": "Point", "coordinates": [ 5.733701, 50.969428 ] } },
{ "type": "Feature", "properties": { "dist": 0.168339, "ffreq2": 0, "ffreq3": 0 }, "geometry": { "type": "Point", "coordinates": [ 5.734271, 50.969426 ] } },
{ "type": "Feature", "properties": { "dist": 0.190094, "ffreq2": 0, "ffreq3": 0 }, "geometry": { "type": "Point", "coordinates": [ 5.73484, 50.969424 ] } },
{ "type": "Feature", "properties": { "dist": 0.211846, "ffreq2": 0, "ffreq3": 0 }, "geometry": { "type": "Point", "coordinates": [ 5.73541, 50.969423 ] } },
{ "type": "Feature", "properties": { "dist": 0.233596, "ffreq2": 0, "ffreq3": 0 }, "geometry": { "type": "Point", "coordinates": [ 5.735979, 50.969421 ] } },
{ "type": "Feature", "properties": { "dist": 0.255343, "ffreq2": 1, "ffreq3": 0 }, "geometry": { "type": "Point", "coordinates": [ 5.736549, 50.969419 ] } },
{ "type": "Feature", "properties": { "dist": 0.27709, "ffreq2": 1, "ffreq3": 0 }, "geometry": { "type": "Point", "coordinates": [ 5.737118, 50.969417 ] } },
{ "type": "Feature", "properties": { "dist": 0.298835, "ffreq2": 1, "ffreq3": 0 }, "geometry": { "type": "Point", "coordinates": [ 5.737687, 50.969416 ] } },
{ "type": "Feature", "properties": { "dist": 0.32058, "ffreq2": 1, "ffreq3": 0 }, "geometry": { "type": "Point", "coordinates": [ 5.738257, 50.969414 ] } },
{ "type": "Feature", "properties": { "dist": 0.353189, "ffreq2": 0, "ffreq3": 1 }, "geometry": { "type": "Point", "coordinates": [ 5.738826, 50.969412 ] } },
{ "type": "Feature", "properties": { "dist": 0.38035, "ffreq2": 0, "ffreq3": 1 }, "geometry": { "type": "Point", "coordinates": [ 5.739396, 50.96941 ] } },
{ "type": "Feature", "properties": { "dist": 0.40755, "ffreq2": 0, "ffreq3": 1 }, "geometry": { "type": "Point", "coordinates": [ 5.739965, 50.969409 ] } },
{ "type": "Feature", "properties": { "dist": 0.429295, "ffreq2": 0, "ffreq3": 1 }, "geometry": { "type": "Point", "coordinates": [ 5.740535, 50.969407 ] } },
{ "type": "Feature", "properties": { "dist": 0.467311, "ffreq2": 0, "ffreq3": 1 }, "geometry": { "type": "Point", "coordinates": [ 5.741104, 50.969405 ] } },
{ "type": "Feature", "properties": { "dist": 0.494514, "ffreq2": 0, "ffreq3": 1 }, "geometry": { "type": "Point", "coordinates": [ 5.741673, 50.969404 ] } },
{ "type": "Feature", "properties": { "dist": 0.527124, "ffreq2": 0, "ffreq3": 1 }, "geometry": { "type": "Point", "coordinates": [ 5.742243, 50.969402 ] } },
{ "type": "Feature", "properties": { "dist": 0.554289, "ffreq2": 0, "ffreq3": 1 }, "geometry": { "type": "Point", "coordinates": [ 5.742812, 50.9694 ] } },
{ "type": "Feature", "properties": { "dist": 0.59775, "ffreq2": 0, "ffreq3": 1 }, "geometry": { "type": "Point", "coordinates": [ 5.743382, 50.969398 ] } },
{ "type": "Feature", "properties": { "dist": 0.635803, "ffreq2": 0, "ffreq3": 1 }, "geometry": { "type": "Point", "coordinates": [ 5.743951, 50.969397 ] } },
{ "type": "Feature", "properties": { "dist": 0.662995, "ffreq2": 1, "ffreq3": 0 }, "geometry": { "type": "Point", "coordinates": [ 5.744521, 50.969395 ] } },
{ "type": "Feature", "properties": { "dist": 0.706454, "ffreq2": 1, "ffreq3": 0 }, "geometry": { "type": "Point", "coordinates": [ 5.74509, 50.969393 ] } },
{ "type": "Feature", "properties": { "dist": 0.749914, "ffreq2": 1, "ffreq3": 0 }, "geometry": { "type": "Point", "coordinates": [ 5.745659, 50.969391 ] } },
{ "type": "Feature", "properties": { "dist": 0.787969, "ffreq2": 1, "ffreq3": 0 }, "geometry": { "type": "Point", "coordinates": [ 5.746229, 50.969389 ] } },
{ "type": "Feature", "properties": { "dist": 0.815179, "ffreq2": 1, "ffreq3": 0 }, "geometry": { "type": "Point", "coordinates": [ 5.746798, 50.969388 ] } },
{ "type": "Feature", "properties": { "dist": 0.842366, "ffreq2": 1, "ffreq3": 0 }, "geometry": { "type": "Point", "coordinates": [ 5.747368, 50.969386 ] } },
{ "type": "Feature", "properties": { "dist": 0.880389, "ffreq2": 1, "ffreq3": 0 }, "geometry": { "type": "Point", "coordinates": [ 5.747937, 50.969384 ] } },
{ "type": "Feature", "properties": { "dist": 0.907381, "ffreq2": 0, "ffreq3": 1 }, "geometry": { "type": "Point", "coordinates": [ 5.748507, 50.969382 ] } },
{ "type": "Feature", "properties": { "dist": 0.923486, "ffreq2": 0, "ffreq3": 1 }, "geometry": { "type": "Point", "coordinates": [ 5.749076, 50.969381 ] } },
{ "type": "Feature", "properties": { "dist": 0.923508, "ffreq2": 0, "ffreq3": 1 }, "geometry": { "type": "Point", "coordinates": [ 5.749645, 50.969379 ] } },
{ "type": "Feature", "properties": { "dist": 0.927152, "ffreq2": 0, "ffreq3": 1 }, "geometry": { "type": "Point", "coordinates": [ 5.750215, 50.969377 ] } },
{ "type": "Feature", "properties": { "dist": 0.0, "ffreq2": 0, "ffreq3": 0 }, "geometry": { "type": "Point", "coordinates": [ 5.730282, 50.969078 ] } },
{ "type": "Feature", "properties": { "dist": 0.0316606, "ffreq2": 0, "ffreq3": 0 }, "geometry": { "type": "Point", "coordinates": [ 5.730852, 50.969077 ] } },
{ "type": "Feature", "properties": { "dist": 0.059361, "ffreq2": 0, "ffreq3": 0 }, "geometry": { "type": "Point", "coordinates": [ 5.731421, 50.969075 ] } },
{ "type": "Feature", "properties": { "dist": 0.0975026, "ffreq2": 0, "ffreq3": 0 }, "geometry": { "type": "Point", "coordinates": [ 5.73199, 50.969073 ] } },
{ "type": "Feature", "properties": { "dist": 0.124805, "ffreq2": 0, "ffreq3": 0 }, "geometry": { "type": "Point", "coordinates": [ 5.73256, 50.969071 ] } },
{ "type": "Feature", "properties": { "dist": 0.146578, "ffreq2": 0, "ffreq3": 0 }, "geometry": { "type": "Point", "coordinates": [ 5.733129, 50.96907 ] } },
{ "type": "Feature", "properties": { "dist": 0.168339, "ffreq2": 0, "ffreq3": 0 }, "geometry": { "type": "Point", "coordinates": [ 5.733699, 50.969068 ] } },
{ "type": "Feature", "properties": { "dist": 0.190094, "ffreq2": 0, "ffreq3": 0 }, "geometry": { "type": "Point", "coordinates": [ 5.734268, 50.969066 ] } },
{ "type": "Feature", "properties": { "dist": 0.211846, "ffreq2": 0, "ffreq3": 0 }, "geometry": { "type": "Point", "coordinates": [ 5.734838, 50.969065 ] } },
{ "type": "Feature", "properties": { "dist": 0.233596, "ffreq2": 0, "ffreq3": 0 }, "geometry": { "type": "Point", "coordinates": [ 5.735407, 50.969063 ] } },
{ "type": "Feature", "properties": { "dist": 0.255343, "ffreq2": 0, "ffreq3": 0 }, "geometry": { "type": "Point", "coordinates": [ 5.735976, 50.969061 ] } },
{ "type": "Feature", "properties": { "dist": 0.27709, "ffreq2": 1, "ffreq3": 0 }, "geometry": { "type": "Point", "coordinates": [ 5.736546, 50.96906 ] } },
{ "type": "Feature", "properties": { "dist": 0.298835, "ffreq2": 1, "ffreq3": 0 }, "geometry": { "type": "Point", "coordinates": [ 5.737115, 50.969058 ] } },
{ "type": "Feature", "properties": { "dist": 0.32058, "ffreq2": 1, "ffreq3": 0 }, "geometry": { "type": "Point", "coordinates": [ 5.737685, 50.969056 ] } },
{ "type": "Feature", "properties": { "dist": 0.342324, "ffreq2": 1, "ffreq3": 0 }, "geometry": { "type": "Point", "coordinates": [ 5.738254, 50.969054 ] } },
{ "type": "Feature", "properties": { "dist": 0.364067, "ffreq2": 0, "ffreq3": 1 }, "geometry": { "type": "Point", "coordinates": [ 5.738824, 50.969053 ] } },
{ "type": "Feature", "properties": { "dist": 0.396675, "ffreq2": 0, "ffreq3": 1 }, "geometry": { "type": "Point", "coordinates": [ 5.739393, 50.969051 ] } },
{ "type": "Feature", "properties": { "dist": 0.423837, "ffreq2": 0, "ffreq3": 1 }, "geometry": { "type": "Point", "coordinates": [ 5.739962, 50.969049 ] } },
{ "type": "Feature", "properties": { "dist": 0.451034, "ffreq2": 0, "ffreq3": 1 }, "geometry": { "type": "Point", "coordinates": [ 5.740532, 50.969047 ] } },
{ "type": "Feature", "properties": { "dist": 0.472778, "ffreq2": 0, "ffreq3": 1 }, "geometry": { "type": "Point", "coordinates": [ 5.741101, 50.969046 ] } },
{ "type": "Feature", "properties": { "dist": 0.510795, "ffreq2": 0, "ffreq3": 1 }, "geometry": { "type": "Point", "coordinates": [ 5.741671, 50.969044 ] } },
{ "type": "Feature", "properties": { "dist": 0.537997, "ffreq2": 0, "ffreq3": 1 }, "geometry": { "type": "Point", "coordinates": [ 5.74224, 50.969042 ] } },
{ "type": "Feature", "properties": { "dist": 0.570606, "ffreq2": 0, "ffreq3": 1 }, "geometry": { "type": "Point", "coordinates": [ 5.742809, 50.96904 ] } },
{ "type": "Feature", "properties": { "dist": 0.597772, "ffreq2": 0, "ffreq3": 1 }, "geometry": { "type": "Point", "coordinates": [ 5.743379, 50.969039 ] } },
{ "type": "Feature", "properties": { "dist": 0.641232, "ffreq2": 0, "ffreq3": 1 }, "geometry": { "type": "Point", "coordinates": [ 5.743948, 50.969037 ] } },
{ "type": "Feature", "properties": { "dist": 0.679284, "ffreq2": 0, "ffreq3": 1 }, "geometry": { "type": "Point", "coordinates": [ 5.744518, 50.969035 ] } },
{ "type": "Feature", "properties": { "dist": 0.706476, "ffreq2": 1, "ffreq3": 0 }, "geometry": { "type": "Point", "coordinates": [ 5.745087, 50.969033 ] } },
{ "type": "Feature", "properties": { "dist": 0.749936, "ffreq2": 1, "ffreq3": 0 }, "geometry": { "type": "Point", "coordinates": [ 5.745657, 50.969032 ] } },
{ "type": "Feature", "properties": { "dist": 0.793395, "ffreq2": 1, "ffreq3": 0 }, "geometry": { "type": "Point", "coordinates": [ 5.746226, 50.96903 ] } },
{ "type": "Feature", "properties": { "dist": 0.831449, "ffreq2": 1, "ffreq3": 0 }, "geometry": { "type": "Point", "coordinates": [ 5.746795, 50.969028 ] } },
{ "type": "Feature", "properties": { "dist": 0.858553, "ffreq2": 1, "ffreq3": 0 }, "geometry": { "type": "Point", "coordinates": [ 5.747365, 50.969026 ] } },
{ "type": "Feature", "properties": { "dist": 0.874667, "ffreq2": 1, "ffreq3": 0 }, "geometry": { "type": "Point", "coordinates": [ 5.747934, 50.969025 ] } },
{ "type": "Feature", "properties": { "dist": 0.880005, "ffreq2": 0, "ffreq3": 1 }, "geometry": { "type": "Point", "coordinates": [ 5.748504, 50.969023 ] } },
{ "type": "Feature", "properties": { "dist": 0.880027, "ffreq2": 0, "ffreq3": 1 }, "geometry": { "type": "Point", "coordinates": [ 5.749073, 50.969021 ] } },
{ "type": "Feature", "properties": { "dist": 0.880049, "ffreq2": 0, "ffreq3": 1 }, "geometry": { "type": "Point", "coordinates": [ 5.749643, 50.969019 ] } },
{ "type": "Feature", "properties": { "dist": 0.890963, "ffreq2": 0, "ffreq3": 1 }, "geometry": { "type": "Point", "coordinates": [ 5.750212, 50.969017 ] } },
{ "type": "Feature", "properties": { "dist": 0.00241427, "ffreq2": 0, "ffreq3": 0 }, "geometry": { "type": "Point", "coordinates": [ 5.73028, 50.968719 ] } },
{ "type": "Feature", "properties": { "dist": 0.0316663, "ffreq2": 0, "ffreq3": 0 }, "geometry": { "type": "Point", "coordinates": [ 5.730849, 50.968717 ] } },
{ "type": "Feature", "properties": { "dist": 0.0756649, "ffreq2": 0, "ffreq3": 0 }, "geometry": { "type": "Point", "coordinates": [ 5.731418, 50.968715 ] } },
{ "type": "Feature", "properties": { "dist": 0.103021, "ffreq2": 0, "ffreq3": 0 }, "geometry": { "type": "Point", "coordinates": [ 5.731988, 50.968714 ] } },
{ "type": "Feature", "properties": { "dist": 0.141075, "ffreq2": 0, "ffreq3": 0 }, "geometry": { "type": "Point", "coordinates": [ 5.732557, 50.968712 ] } },
{ "type": "Feature", "properties": { "dist": 0.168333, "ffreq2": 0, "ffreq3": 0 }, "geometry": { "type": "Point", "coordinates": [ 5.733127, 50.96871 ] } },
{ "type": "Feature", "properties": { "dist": 0.190094, "ffreq2": 0, "ffreq3": 0 }, "geometry": { "type": "Point", "coordinates": [ 5.733696, 50.968709 ] } },
{ "type": "Feature", "properties": { "dist": 0.211846, "ffreq2": 0, "ffreq3": 0 }, "geometry": { "type": "Point", "coordinates": [ 5.734265, 50.968707 ] } },
{ "type": "Feature", "properties": { "dist": 0.233596, "ffreq2": 0, "ffreq3": 0 }, "geometry": { "type": "Point", "coordinates": [ 5.734835, 50.968705 ] } },
{ "type": "Feature", "properties": { "dist": 0.255343, "ffreq2": 0, "ffreq3": 0 }, "geometry": { "type": "Point", "coordinates": [ 5.735404, 50.968703 ] } },
{ "type": "Feature", "properties": { "dist": 0.27709, "ffreq2": 0, "ffreq3": 0 }, "geometry": { "type": "Point", "coordinates": [ 5.735974, 50.968702 ] } },
{ "type": "Feature", "properties": { "dist": 0.298835, "ffreq2": 0, "ffreq3": 0 }, "geometry": { "type": "Point", "coordinates": [ 5.736543, 50.9687 ] } },
{ "type": "Feature", "properties": { "dist": 0.32058, "ffreq2": 0, "ffreq3": 0 }, "geometry": { "type": "Point", "coordinates": [ 5.737113, 50.968698 ] } },
{ "type": "Feature", "properties": { "dist": 0.342324, "ffreq2": 1, "ffreq3": 0 }, "geometry": { "type": "Point", "coordinates": [ 5.737682, 50.968697 ] } },
{ "type": "Feature", "properties": { "dist": 0.364067, "ffreq2": 1, "ffreq3": 0 }, "geometry": { "type": "Point", "coordinates": [ 5.738251, 50.968695 ] } },
{ "type": "Feature", "properties": { "dist": 0.38581, "ffreq2": 0, "ffreq3": 1 }, "geometry": { "type": "Point", "coordinates": [ 5.738821, 50.968693 ] } },
{ "type": "Feature", "properties": { "dist": 0.407552, "ffreq2": 0, "ffreq3": 1 }, "geometry": { "type": "Point", "coordinates": [ 5.73939, 50.968691 ] } },
{ "type": "Feature", "properties": { "dist": 0.440159, "ffreq2": 0, "ffreq3": 1 }, "geometry": { "type": "Point", "coordinates": [ 5.73996, 50.96869 ] } },
{ "type": "Feature", "properties": { "dist": 0.467322, "ffreq2": 0, "ffreq3": 1 }, "geometry": { "type": "Point", "coordinates": [ 5.740529, 50.968688 ] } },
{ "type": "Feature", "properties": { "dist": 0.494517, "ffreq2": 0, "ffreq3": 1 }, "geometry": { "type": "Point", "coordinates": [ 5.741098, 50.968686 ] } },
{ "type": "Feature", "properties": { "dist": 0.516261, "ffreq2": 0, "ffreq3": 1 }, "geometry": { "type": "Point", "coordinates": [ 5.741668, 50.968684 ] } },
{ "type": "Feature", "properties": { "dist": 0.554278, "ffreq2": 0, "ffreq3": 1 }, "geometry": { "type": "Point", "coordinates": [ 5.742237, 50.968683 ] } },
{ "type": "Feature", "properties": { "dist": 0.581478, "ffreq2": 0, "ffreq3": 1 }, "geometry": { "type": "Point", "coordinates": [ 5.742807, 50.968681 ] } },
{ "type": "Feature", "properties": { "dist": 0.614087, "ffreq2": 0, "ffreq3": 1 }, "geometry": { "type": "Point", "coordinates": [ 5.743376, 50.968679 ] } },
{ "type": "Feature", "properties": { "dist": 0.641254, "ffreq2": 0, "ffreq3": 1 }, "geometry": { "type": "Point", "coordinates": [ 5.743946, 50.968677 ] } },
{ "type": "Feature", "properties": { "dist": 0.684714, "ffreq2": 0, "ffreq3": 1 }, "geometry": { "type": "Point", "coordinates": [ 5.744515, 50.968676 ] } },
{ "type": "Feature", "properties": { "dist": 0.722765, "ffreq2": 0, "ffreq3": 1 }, "geometry": { "type": "Point", "coordinates": [ 5.745084, 50.968674 ] } },
{ "type": "Feature", "properties": { "dist": 0.749958, "ffreq2": 1, "ffreq3": 0 }, "geometry": { "type": "Point", "coordinates": [ 5.745654, 50.968672 ] } },
{ "type": "Feature", "properties": { "dist": 0.793417, "ffreq2": 1, "ffreq3": 0 }, "geometry": { "type": "Point", "coordinates": [ 5.746223, 50.96867 ] } },
{ "type": "Feature", "properties": { "dist": 0.831176, "ffreq2": 1, "ffreq3": 0 }, "geometry": { "type": "Point", "coordinates": [ 5.746793, 50.968669 ] } },
{ "type": "Feature", "properties": { "dist": 0.836508, "ffreq2": 1, "ffreq3": 0 }, "geometry": { "type": "Point", "coordinates": [ 5.747362, 50.968667 ] } },
{ "type": "Feature", "properties": { "dist": 0.836525, "ffreq2": 1, "ffreq3": 0 }, "geometry": { "type": "Point", "coordinates": [ 5.747931, 50.968665 ] } },
{ "type": "Feature", "properties": { "dist": 0.836547, "ffreq2": 0, "ffreq3": 1 }, "geometry": { "type": "Point", "coordinates": [ 5.748501, 50.968663 ] } },
{ "type": "Feature", "properties": { "dist": 0.836569, "ffreq2": 0, "ffreq3": 1 }, "geometry": { "type": "Point", "coordinates": [ 5.74907, 50.968662 ] } },
{ "type": "Feature", "properties": { "dist": 0.840214, "ffreq2": 0, "ffreq3": 1 }, "geometry": { "type": "Point", "coordinates": [ 5.74964, 50.96866 ] } },
{ "type": "Feature", "properties": { "dist": 0.0, "ffreq2": 0, "ffreq3": 0 }, "geometry": { "type": "Point", "coordinates": [ 5.729707, 50.968361 ] } },
{ "type": "Feature", "properties": { "dist": 0.0054321, "ffreq2": 0, "ffreq3": 0 }, "geometry": { "type": "Point", "coordinates": [ 5.730277, 50.968359 ] } },
{ "type": "Feature", "properties": { "dist": 0.0484831, "ffreq2": 1, "ffreq3": 0 }, "geometry": { "type": "Point", "coordinates": [ 5.730846, 50.968357 ] } },
{ "type": "Feature", "properties": { "dist": 0.0756869, "ffreq2": 0, "ffreq3": 0 }, "geometry": { "type": "Point", "coordinates": [ 5.731416, 50.968356 ] } },
{ "type": "Feature", "properties": { "dist": 0.119286, "ffreq2": 0, "ffreq3": 0 }, "geometry": { "type": "Point", "coordinates": [ 5.731985, 50.968354 ] } },
{ "type": "Feature", "properties": { "dist": 0.14657, "ffreq2": 0, "ffreq3": 0 }, "geometry": { "type": "Point", "coordinates": [ 5.732555, 50.968352 ] } },
{ "type": "Feature", "properties": { "dist": 0.184603, "ffreq2": 0, "ffreq3": 0 }, "geometry": { "type": "Point", "coordinates": [ 5.733124, 50.968351 ] } },
{ "type": "Feature", "properties": { "dist": 0.211841, "ffreq2": 0, "ffreq3": 0 }, "geometry": { "type": "Point", "coordinates": [ 5.733693, 50.968349 ] } },
{ "type": "Feature", "properties": { "dist": 0.233596, "ffreq2": 0, "ffreq3": 0 }, "geometry": { "type": "Point", "coordinates": [ 5.734263, 50.968347 ] } },
{ "type": "Feature", "properties": { "dist": 0.255343, "ffreq2": 0, "ffreq3": 0 }, "geometry": { "type": "Point", "coordinates": [ 5.734832, 50.968346 ] } },
{ "type": "Feature", "properties": { "dist": 0.27709, "ffreq2": 0, "ffreq3": 0 }, "geometry": { "type": "Point", "coordinates": [ 5.735402, 50.968344 ] } },
{ "type": "Feature", "properties": { "dist": 0.298835, "ffreq2": 0, "ffreq3": 0 }, "geometry": { "type": "Point", "coordinates": [ 5.735971, 50.968342 ] } },
{ "type": "Feature", "properties": { "dist": 0.32058, "ffreq2": 0, "ffreq3": 0 }, "geometry": { "type": "Point", "coordinates": [ 5.73654, 50.96834 ] } },
{ "type": "Feature", "properties": { "dist": 0.342324, "ffreq2": 0, "ffreq3": 0 }, "geometry": { "type": "Point", "coordinates": [ 5.73711, 50.968339 ] } },
{ "type": "Feature", "properties": { "dist": 0.364067, "ffreq2": 1, "ffreq3": 0 }, "geometry": { "type": "Point", "coordinates": [ 5.737679, 50.968337 ] } },
{ "type": "Feature", "properties": { "dist": 0.38581, "ffreq2": 1, "ffreq3": 0 }, "geometry": { "type": "Point", "coordinates": [ 5.738249, 50.968335 ] } },
{ "type": "Feature", "properties": { "dist": 0.407552, "ffreq2": 0, "ffreq3": 1 }, "geometry": { "type": "Point", "coordinates": [ 5.738818, 50.968334 ] } },
{ "type": "Feature", "properties": { "dist": 0.429295, "ffreq2": 0, "ffreq3": 1 }, "geometry": { "type": "Point", "coordinates": [ 5.739387, 50.968332 ] } },
{ "type": "Feature", "properties": { "dist": 0.451037, "ffreq2": 0, "ffreq3": 1 }, "geometry": { "type": "Point", "coordinates": [ 5.739957, 50.96833 ] } },
{ "type": "Feature", "properties": { "dist": 0.483642, "ffreq2": 0, "ffreq3": 1 }, "geometry": { "type": "Point", "coordinates": [ 5.740526, 50.968328 ] } },
{ "type": "Feature", "properties": { "dist": 0.510806, "ffreq2": 0, "ffreq3": 1 }, "geometry": { "type": "Point", "coordinates": [ 5.741096, 50.968327 ] } },
{ "type": "Feature", "properties": { "dist": 0.537999, "ffreq2": 0, "ffreq3": 1 }, "geometry": { "type": "Point", "coordinates": [ 5.741665, 50.968325 ] } },
{ "type": "Feature", "properties": { "dist": 0.559743, "ffreq2": 0, "ffreq3": 1 }, "geometry": { "type": "Point", "coordinates": [ 5.742235, 50.968323 ] } },
{ "type": "Feature", "properties": { "dist": 0.597761, "ffreq2": 0, "ffreq3": 1 }, "geometry": { "type": "Point", "coordinates": [ 5.742804, 50.968321 ] } },
{ "type": "Feature", "properties": { "dist": 0.62496, "ffreq2": 0, "ffreq3": 1 }, "geometry": { "type": "Point", "coordinates": [ 5.743373, 50.96832 ] } },
{ "type": "Feature", "properties": { "dist": 0.657568, "ffreq2": 0, "ffreq3": 1 }, "geometry": { "type": "Point", "coordinates": [ 5.743943, 50.968318 ] } },
{ "type": "Feature", "properties": { "dist": 0.684736, "ffreq2": 0, "ffreq3": 1 }, "geometry": { "type": "Point", "coordinates": [ 5.744512, 50.968316 ] } },
{ "type": "Feature", "properties": { "dist": 0.728195, "ffreq2": 0, "ffreq3": 1 }, "geometry": { "type": "Point", "coordinates": [ 5.745082, 50.968314 ] } },
{ "type": "Feature", "properties": { "dist": 0.766161, "ffreq2": 1, "ffreq3": 0 }, "geometry": { "type": "Point", "coordinates": [ 5.745651, 50.968313 ] } },
{ "type": "Feature", "properties": { "dist": 0.787723, "ffreq2": 1, "ffreq3": 0 }, "geometry": { "type": "Point", "coordinates": [ 5.74622, 50.968311 ] } },
{ "type": "Feature", "properties": { "dist": 0.79305, "ffreq2": 1, "ffreq3": 0 }, "geometry": { "type": "Point", "coordinates": [ 5.74679, 50.968309 ] } },
{ "type": "Feature", "properties": { "dist": 0.79305, "ffreq2": 1, "ffreq3": 0 }, "geometry": { "type": "Point", "coordinates": [ 5.747359, 50.968307 ] } },
{ "type": "Feature", "properties": { "dist": 0.793066, "ffreq2": 0, "ffreq3": 1 }, "geometry": { "type": "Point", "coordinates": [ 5.747929, 50.968306 ] } },
{ "type": "Feature", "properties": { "dist": 0.793088, "ffreq2": 0, "ffreq3": 1 }, "geometry": { "type": "Point", "coordinates": [ 5.748498, 50.968304 ] } },
{ "type": "Feature", "properties": { "dist": 0.79311, "ffreq2": 0, "ffreq3": 1 }, "geometry": { "type": "Point", "coordinates": [ 5.749067, 50.968302 ] } },
{ "type": "Feature", "properties": { "dist": 0.804028, "ffreq2": 0, "ffreq3": 1 }, "geometry": { "type": "Point", "coordinates": [ 5.749637, 50.9683 ] } },
{ "type": "Feature", "properties": { "dist": 0.0, "ffreq2": 0, "ffreq3": 0 }, "geometry": { "type": "Point", "coordinates": [ 5.728566, 50.968005 ] } },
{ "type": "Feature", "properties": { "dist": 0.0, "ffreq2": 0, "ffreq3": 0 }, "geometry": { "type": "Point", "coordinates": [ 5.729135, 50.968003 ] } },
{ "type": "Feature", "properties": { "dist": 0.0122243, "ffreq2": 0, "ffreq3": 0 }, "geometry": { "type": "Point", "coordinates": [ 5.729705, 50.968001 ] } },
{ "type": "Feature", "properties": { "dist": 0.0316663, "ffreq2": 0, "ffreq3": 0 }, "geometry": { "type": "Point", "coordinates": [ 5.730274, 50.968 ] } },
{ "type": "Feature", "properties": { "dist": 0.0537889, "ffreq2": 0, "ffreq3": 0 }, "geometry": { "type": "Point", "coordinates": [ 5.730844, 50.967998 ] } },
{ "type": "Feature", "properties": { "dist": 0.0921435, "ffreq2": 1, "ffreq3": 0 }, "geometry": { "type": "Point", "coordinates": [ 5.731413, 50.967996 ] } },
{ "type": "Feature", "properties": { "dist": 0.119308, "ffreq2": 1, "ffreq3": 0 }, "geometry": { "type": "Point", "coordinates": [ 5.731982, 50.967995 ] } },
{ "type": "Feature", "properties": { "dist": 0.162831, "ffreq2": 1, "ffreq3": 0 }, "geometry": { "type": "Point", "coordinates": [ 5.732552, 50.967993 ] } },
{ "type": "Feature", "properties": { "dist": 0.190086, "ffreq2": 0, "ffreq3": 0 }, "geometry": { "type": "Point", "coordinates": [ 5.733121, 50.967991 ] } },
{ "type": "Feature", "properties": { "dist": 0.228112, "ffreq2": 0, "ffreq3": 0 }, "geometry": { "type": "Point", "coordinates": [ 5.733691, 50.967989 ] } },
{ "type": "Feature", "properties": { "dist": 0.255338, "ffreq2": 0, "ffreq3": 0 }, "geometry": { "type": "Point", "coordinates": [ 5.73426, 50.967988 ] } },
{ "type": "Feature", "properties": { "dist": 0.27709, "ffreq2": 0, "ffreq3": 0 }, "geometry": { "type": "Point", "coordinates": [ 5.734829, 50.967986 ] } },
{ "type": "Feature", "properties": { "dist": 0.298835, "ffreq2": 0, "ffreq3": 0 }, "geometry": { "type": "Point", "coordinates": [ 5.735399, 50.967984 ] } },
{ "type": "Feature", "properties": { "dist": 0.32058, "ffreq2": 0, "ffreq3": 0 }, "geometry": { "type": "Point", "coordinates": [ 5.735968, 50.967983 ] } },
{ "type": "Feature", "properties": { "dist": 0.342324, "ffreq2": 1, "ffreq3": 0 }, "geometry": { "type": "Point", "coordinates": [ 5.736538, 50.967981 ] } },
{ "type": "Feature", "properties": { "dist": 0.364067, "ffreq2": 1, "ffreq3": 0 }, "geometry": { "type": "Point", "coordinates": [ 5.737107, 50.967979 ] } },
{ "type": "Feature", "properties": { "dist": 0.38581, "ffreq2": 0, "ffreq3": 0 }, "geometry": { "type": "Point", "coordinates": [ 5.737676, 50.967977 ] } },
{ "type": "Feature", "properties": { "dist": 0.407552, "ffreq2": 0, "ffreq3": 0 }, "geometry": { "type": "Point", "coordinates": [ 5.738246, 50.967976 ] } },
{ "type": "Feature", "properties": { "dist": 0.429295, "ffreq2": 1, "ffreq3": 0 }, "geometry": { "type": "Point", "coordinates": [ 5.738815, 50.967974 ] } },
{ "type": "Feature", "properties": { "dist": 0.451037, "ffreq2": 1, "ffreq3": 0 }, "geometry": { "type": "Point", "coordinates": [ 5.739385, 50.967972 ] } },
{ "type": "Feature", "properties": { "dist": 0.472778, "ffreq2": 0, "ffreq3": 1 }, "geometry": { "type": "Point", "coordinates": [ 5.739954, 50.967971 ] } },
{ "type": "Feature", "properties": { "dist": 0.49452, "ffreq2": 0, "ffreq3": 1 }, "geometry": { "type": "Point", "coordinates": [ 5.740524, 50.967969 ] } },
{ "type": "Feature", "properties": { "dist": 0.527124, "ffreq2": 0, "ffreq3": 1 }, "geometry": { "type": "Point", "coordinates": [ 5.741093, 50.967967 ] } },
{ "type": "Feature", "properties": { "dist": 0.554289, "ffreq2": 0, "ffreq3": 1 }, "geometry": { "type": "Point", "coordinates": [ 5.741662, 50.967965 ] } },
{ "type": "Feature", "properties": { "dist": 0.581481, "ffreq2": 0, "ffreq3": 1 }, "geometry": { "type": "Point", "coordinates": [ 5.742232, 50.967964 ] } },
{ "type": "Feature", "properties": { "dist": 0.603225, "ffreq2": 0, "ffreq3": 1 }, "geometry": { "type": "Point", "coordinates": [ 5.742801, 50.967962 ] } },
{ "type": "Feature", "properties": { "dist": 0.641243, "ffreq2": 0, "ffreq3": 1 }, "geometry": { "type": "Point", "coordinates": [ 5.743371, 50.96796 ] } },
{ "type": "Feature", "properties": { "dist": 0.668441, "ffreq2": 0, "ffreq3": 1 }, "geometry": { "type": "Point", "coordinates": [ 5.74394, 50.967958 ] } },
{ "type": "Feature", "properties": { "dist": 0.701049, "ffreq2": 0, "ffreq3": 1 }, "geometry": { "type": "Point", "coordinates": [ 5.744509, 50.967957 ] } },
{ "type": "Feature", "properties": { "dist": 0.728127, "ffreq2": 0, "ffreq3": 1 }, "geometry": { "type": "Point", "coordinates": [ 5.745079, 50.967955 ] } },
{ "type": "Feature", "properties": { "dist": 0.749591, "ffreq2": 1, "ffreq3": 0 }, "geometry": { "type": "Point", "coordinates": [ 5.745648, 50.967953 ] } },
{ "type": "Feature", "properties": { "dist": 0.749591, "ffreq2": 1, "ffreq3": 0 }, "geometry": { "type": "Point", "coordinates": [ 5.746218, 50.967951 ] } },
{ "type": "Feature", "properties": { "dist": 0.749591, "ffreq2": 1, "ffreq3": 0 }, "geometry": { "type": "Point", "coordinates": [ 5.746787, 50.96795 ] } },
{ "type": "Feature", "properties": { "dist": 0.749591, "ffreq2": 1, "ffreq3": 0 }, "geometry": { "type": "Point", "coordinates": [ 5.747356, 50.967948 ] } },
{ "type": "Feature", "properties": { "dist": 0.749607, "ffreq2": 0, "ffreq3": 1 }, "geometry": { "type": "Point", "coordinates": [ 5.747926, 50.967946 ] } },
{ "type": "Feature", "properties": { "dist": 0.749629, "ffreq2": 0, "ffreq3": 1 }, "geometry": { "type": "Point", "coordinates": [ 5.748495, 50.967944 ] } },
{ "type": "Feature", "properties": { "dist": 0.749651, "ffreq2": 0, "ffreq3": 1 }, "geometry": { "type": "Point", "coordinates": [ 5.749065, 50.967942 ] } },
{ "type": "Feature", "properties": { "dist": 0.0, "ffreq2": 0, "ffreq3": 0 }, "geometry": { "type": "Point", "coordinates": [ 5.727424, 50.967648 ] } },
{ "type": "Feature", "properties": { "dist": 0.00135803, "ffreq2": 0, "ffreq3": 0 }, "geometry": { "type": "Point", "coordinates": [ 5.727994, 50.967647 ] } },
{ "type": "Feature", "properties": { "dist": 0.0122243, "ffreq2": 0, "ffreq3": 0 }, "geometry": { "type": "Point", "coordinates": [ 5.728563, 50.967645 ] } },
{ "type": "Feature", "properties": { "dist": 0.0316606, "ffreq2": 0, "ffreq3": 0 }, "geometry": { "type": "Point", "coordinates": [ 5.729133, 50.967643 ] } },
{ "type": "Feature", "properties": { "dist": 0.0373395, "ffreq2": 1, "ffreq3": 0 }, "geometry": { "type": "Point", "coordinates": [ 5.729702, 50.967642 ] } },
{ "type": "Feature", "properties": { "dist": 0.0593636, "ffreq2": 0, "ffreq3": 0 }, "geometry": { "type": "Point", "coordinates": [ 5.730272, 50.96764 ] } },
{ "type": "Feature", "properties": { "dist": 0.0756869, "ffreq2": 0, "ffreq3": 0 }, "geometry": { "type": "Point", "coordinates": [ 5.730841, 50.967638 ] } },
{ "type": "Feature", "properties": { "dist": 0.0975136, "ffreq2": 1, "ffreq3": 0 }, "geometry": { "type": "Point", "coordinates": [ 5.73141, 50.967637 ] } },
{ "type": "Feature", "properties": { "dist": 0.135692, "ffreq2": 1, "ffreq3": 0 }, "geometry": { "type": "Point", "coordinates": [ 5.73198, 50.967635 ] } },
{ "type": "Feature", "properties": { "dist": 0.162853, "ffreq2": 1, "ffreq3": 0 }, "geometry": { "type": "Point", "coordinates": [ 5.732549, 50.967633 ] } },
{ "type": "Feature", "properties": { "dist": 0.206348, "ffreq2": 0, "ffreq3": 0 }, "geometry": { "type": "Point", "coordinates": [ 5.733119, 50.967632 ] } },
{ "type": "Feature", "properties": { "dist": 0.233587, "ffreq2": 0, "ffreq3": 0 }, "geometry": { "type": "Point", "coordinates": [ 5.733688, 50.96763 ] } },
{ "type": "Feature", "properties": { "dist": 0.271611, "ffreq2": 0, "ffreq3": 0 }, "geometry": { "type": "Point", "coordinates": [ 5.734257, 50.967628 ] } },
{ "type": "Feature", "properties": { "dist": 0.29883, "ffreq2": 1, "ffreq3": 0 }, "geometry": { "type": "Point", "coordinates": [ 5.734827, 50.967626 ] } },
{ "type": "Feature", "properties": { "dist": 0.32058, "ffreq2": 0, "ffreq3": 0 }, "geometry": { "type": "Point", "coordinates": [ 5.735396, 50.967625 ] } },
{ "type": "Feature", "properties": { "dist": 0.342324, "ffreq2": 0, "ffreq3": 0 }, "geometry": { "type": "Point", "coordinates": [ 5.735966, 50.967623 ] } },
{ "type": "Feature", "properties": { "dist": 0.364067, "ffreq2": 1, "ffreq3": 0 }, "geometry": { "type": "Point", "coordinates": [ 5.736535, 50.967621 ] } },
{ "type": "Feature", "properties": { "dist": 0.38581, "ffreq2": 1, "ffreq3": 0 }, "geometry": { "type": "Point", "coordinates": [ 5.737104, 50.96762 ] } },
{ "type": "Feature", "properties": { "dist": 0.407552, "ffreq2": 1, "ffreq3": 0 }, "geometry": { "type": "Point", "coordinates": [ 5.737674, 50.967618 ] } },
{ "type": "Feature", "properties": { "dist": 0.429295, "ffreq2": 0, "ffreq3": 0 }, "geometry": { "type": "Point", "coordinates": [ 5.738243, 50.967616 ] } },
{ "type": "Feature", "properties": { "dist": 0.451037, "ffreq2": 1, "ffreq3": 0 }, "geometry": { "type": "Point", "coordinates": [ 5.738813, 50.967614 ] } },
{ "type": "Feature", "properties": { "dist": 0.472778, "ffreq2": 1, "ffreq3": 0 }, "geometry": { "type": "Point", "coordinates": [ 5.739382, 50.967613 ] } },
{ "type": "Feature", "properties": { "dist": 0.49452, "ffreq2": 0, "ffreq3": 1 }, "geometry": { "type": "Point", "coordinates": [ 5.739951, 50.967611 ] } },
{ "type": "Feature", "properties": { "dist": 0.516261, "ffreq2": 0, "ffreq3": 1 }, "geometry": { "type": "Point", "coordinates": [ 5.740521, 50.967609 ] } },
{ "type": "Feature", "properties": { "dist": 0.538002, "ffreq2": 1, "ffreq3": 0 }, "geometry": { "type": "Point", "coordinates": [ 5.74109, 50.967608 ] } },
{ "type": "Feature", "properties": { "dist": 0.570606, "ffreq2": 0, "ffreq3": 1 }, "geometry": { "type": "Point", "coordinates": [ 5.74166, 50.967606 ] } },
{ "type": "Feature", "properties": { "dist": 0.597772, "ffreq2": 0, "ffreq3": 1 }, "geometry": { "type": "Point", "coordinates": [ 5.742229, 50.967604 ] } },
{ "type": "Feature", "properties": { "dist": 0.624963, "ffreq2": 0, "ffreq3": 1 }, "geometry": { "type": "Point", "coordinates": [ 5.742798, 50.967602 ] } },
{ "type": "Feature", "properties": { "dist": 0.646706, "ffreq2": 0, "ffreq3": 1 }, "geometry": { "type": "Point", "coordinates": [ 5.743368, 50.967601 ] } },
{ "type": "Feature", "properties": { "dist": 0.684646, "ffreq2": 0, "ffreq3": 1 }, "geometry": { "type": "Point", "coordinates": [ 5.743937, 50.967599 ] } },
{ "type": "Feature", "properties": { "dist": 0.700798, "ffreq2": 0, "ffreq3": 1 }, "geometry": { "type": "Point", "coordinates": [ 5.744507, 50.967597 ] } },
{ "type": "Feature", "properties": { "dist": 0.706132, "ffreq2": 0, "ffreq3": 1 }, "geometry": { "type": "Point", "coordinates": [ 5.745076, 50.967595 ] } },
{ "type": "Feature", "properties": { "dist": 0.706132, "ffreq2": 0, "ffreq3": 1 }, "geometry": { "type": "Point", "coordinates": [ 5.745645, 50.967594 ] } },
{ "type": "Feature", "properties": { "dist": 0.706132, "ffreq2": 1, "ffreq3": 0 }, "geometry": { "type": "Point", "coordinates": [ 5.746215, 50.967592 ] } },
{ "type": "Feature", "properties": { "dist": 0.706132, "ffreq2": 1, "ffreq3": 0 }, "geometry": { "type": "Point", "coordinates": [ 5.746784, 50.96759 ] } },
{ "type": "Feature", "properties": { "dist": 0.706132, "ffreq2": 0, "ffreq3": 1 }, "geometry": { "type": "Point", "coordinates": [ 5.747354, 50.967588 ] } },
{ "type": "Feature", "properties": { "dist": 0.706148, "ffreq2": 0, "ffreq3": 1 }, "geometry": { "type": "Point", "coordinates": [ 5.747923, 50.967586 ] } },
{ "type": "Feature", "properties": { "dist": 0.70617, "ffreq2": 0, "ffreq3": 1 }, "geometry": { "type": "Point", "coordinates": [ 5.748492, 50.967585 ] } },
{ "type": "Feature", "properties": { "dist": 0.706186, "ffreq2": 1, "ffreq3": 0 }, "geometry": { "type": "Point", "coordinates": [ 5.749062, 50.967583 ] } },
{ "type": "Feature", "properties": { "dist": 0.0, "ffreq2": 0, "ffreq3": 0 }, "geometry": { "type": "Point", "coordinates": [ 5.726852, 50.967291 ] } },
{ "type": "Feature", "properties": { "dist": 0.00135803, "ffreq2": 0, "ffreq3": 0 }, "geometry": { "type": "Point", "coordinates": [ 5.727422, 50.967289 ] } },
{ "type": "Feature", "properties": { "dist": 0.0264697, "ffreq2": 1, "ffreq3": 0 }, "geometry": { "type": "Point", "coordinates": [ 5.727991, 50.967287 ] } },
{ "type": "Feature", "properties": { "dist": 0.0484884, "ffreq2": 0, "ffreq3": 0 }, "geometry": { "type": "Point", "coordinates": [ 5.728561, 50.967286 ] } },
{ "type": "Feature", "properties": { "dist": 0.059361, "ffreq2": 1, "ffreq3": 0 }, "geometry": { "type": "Point", "coordinates": [ 5.72913, 50.967284 ] } },
{ "type": "Feature", "properties": { "dist": 0.0756759, "ffreq2": 1, "ffreq3": 0 }, "geometry": { "type": "Point", "coordinates": [ 5.729699, 50.967282 ] } },
{ "type": "Feature", "properties": { "dist": 0.0812247, "ffreq2": 1, "ffreq3": 0 }, "geometry": { "type": "Point", "coordinates": [ 5.730269, 50.967281 ] } },
{ "type": "Feature", "properties": { "dist": 0.103027, "ffreq2": 0, "ffreq3": 0 }, "geometry": { "type": "Point", "coordinates": [ 5.730838, 50.967279 ] } },
{ "type": "Feature", "properties": { "dist": 0.119308, "ffreq2": 1, "ffreq3": 0 }, "geometry": { "type": "Point", "coordinates": [ 5.731408, 50.967277 ] } },
{ "type": "Feature", "properties": { "dist": 0.141086, "ffreq2": 1, "ffreq3": 0 }, "geometry": { "type": "Point", "coordinates": [ 5.731977, 50.967275 ] } },
{ "type": "Feature", "properties": { "dist": 0.179208, "ffreq2": 1, "ffreq3": 0 }, "geometry": { "type": "Point", "coordinates": [ 5.732546, 50.967274 ] } },
{ "type": "Feature", "properties": { "dist": 0.20637, "ffreq2": 1, "ffreq3": 0 }, "geometry": { "type": "Point", "coordinates": [ 5.733116, 50.967272 ] } },
{ "type": "Feature", "properties": { "dist": 0.249852, "ffreq2": 1, "ffreq3": 0 }, "geometry": { "type": "Point", "coordinates": [ 5.733685, 50.96727 ] } },
{ "type": "Feature", "properties": { "dist": 0.277082, "ffreq2": 1, "ffreq3": 0 }, "geometry": { "type": "Point", "coordinates": [ 5.734255, 50.967269 ] } },
{ "type": "Feature", "properties": { "dist": 0.315105, "ffreq2": 1, "ffreq3": 0 }, "geometry": { "type": "Point", "coordinates": [ 5.734824, 50.967267 ] } },
{ "type": "Feature", "properties": { "dist": 0.342318, "ffreq2": 1, "ffreq3": 0 }, "geometry": { "type": "Point", "coordinates": [ 5.735393, 50.967265 ] } },
{ "type": "Feature", "properties": { "dist": 0.364067, "ffreq2": 0, "ffreq3": 1 }, "geometry": { "type": "Point", "coordinates": [ 5.735963, 50.967264 ] } },
{ "type": "Feature", "properties": { "dist": 0.38581, "ffreq2": 1, "ffreq3": 0 }, "geometry": { "type": "Point", "coordinates": [ 5.736532, 50.967262 ] } },
{ "type": "Feature", "properties": { "dist": 0.407552, "ffreq2": 1, "ffreq3": 0 }, "geometry": { "type": "Point", "coordinates": [ 5.737102, 50.96726 ] } },
{ "type": "Feature", "properties": { "dist": 0.429295, "ffreq2": 1, "ffreq3": 0 }, "geometry": { "type": "Point", "coordinates": [ 5.737671, 50.967258 ] } },
{ "type": "Feature", "properties": { "dist": 0.451037, "ffreq2": 1, "ffreq3": 0 }, "geometry": { "type": "Point", "coordinates": [ 5.73824, 50.967257 ] } },
{ "type": "Feature", "properties": { "dist": 0.472778, "ffreq2": 0, "ffreq3": 0 }, "geometry": { "type": "Point", "coordinates": [ 5.73881, 50.967255 ] } },
{ "type": "Feature", "properties": { "dist": 0.49452, "ffreq2": 1, "ffreq3": 0 }, "geometry": { "type": "Point", "coordinates": [ 5.739379, 50.967253 ] } },
{ "type": "Feature", "properties": { "dist": 0.516261, "ffreq2": 0, "ffreq3": 0 }, "geometry": { "type": "Point", "coordinates": [ 5.739949, 50.967251 ] } },
{ "type": "Feature", "properties": { "dist": 0.538002, "ffreq2": 1, "ffreq3": 0 }, "geometry": { "type": "Point", "coordinates": [ 5.740518, 50.96725 ] } },
{ "type": "Feature", "properties": { "dist": 0.559743, "ffreq2": 1, "ffreq3": 0 }, "geometry": { "type": "Point", "coordinates": [ 5.741087, 50.967248 ] } },
{ "type": "Feature", "properties": { "dist": 0.581484, "ffreq2": 0, "ffreq3": 1 }, "geometry": { "type": "Point", "coordinates": [ 5.741657, 50.967246 ] } },
{ "type": "Feature", "properties": { "dist": 0.614087, "ffreq2": 0, "ffreq3": 1 }, "geometry": { "type": "Point", "coordinates": [ 5.742226, 50.967244 ] } },
{ "type": "Feature", "properties": { "dist": 0.641189, "ffreq2": 0, "ffreq3": 1 }, "geometry": { "type": "Point", "coordinates": [ 5.742796, 50.967243 ] } },
{ "type": "Feature", "properties": { "dist": 0.657361, "ffreq2": 0, "ffreq3": 1 }, "geometry": { "type": "Point", "coordinates": [ 5.743365, 50.967241 ] } },
{ "type": "Feature", "properties": { "dist": 0.662688, "ffreq2": 0, "ffreq3": 1 }, "geometry": { "type": "Point", "coordinates": [ 5.743934, 50.967239 ] } },
{ "type": "Feature", "properties": { "dist": 0.662672, "ffreq2": 0, "ffreq3": 1 }, "geometry": { "type": "Point", "coordinates": [ 5.744504, 50.967237 ] } },
{ "type": "Feature", "properties": { "dist": 0.662672, "ffreq2": 0, "ffreq3": 1 }, "geometry": { "type": "Point", "coordinates": [ 5.745073, 50.967236 ] } },
{ "type": "Feature", "properties": { "dist": 0.662672, "ffreq2": 1, "ffreq3": 0 }, "geometry": { "type": "Point", "coordinates": [ 5.745643, 50.967234 ] } },
{ "type": "Feature", "properties": { "dist": 0.662672, "ffreq2": 1, "ffreq3": 0 }, "geometry": { "type": "Point", "coordinates": [ 5.746212, 50.967232 ] } },
{ "type": "Feature", "properties": { "dist": 0.662672, "ffreq2": 1, "ffreq3": 0 }, "geometry": { "type": "Point", "coordinates": [ 5.746781, 50.96723 ] } },
{ "type": "Feature", "properties": { "dist": 0.662672, "ffreq2": 0, "ffreq3": 1 }, "geometry": { "type": "Point", "coordinates": [ 5.747351, 50.967229 ] } },
{ "type": "Feature", "properties": { "dist": 0.662688, "ffreq2": 1, "ffreq3": 0 }, "geometry": { "type": "Point", "coordinates": [ 5.74792, 50.967227 ] } },
{ "type": "Feature", "properties": { "dist": 0.66271, "ffreq2": 1, "ffreq3": 0 }, "geometry": { "type": "Point", "coordinates": [ 5.74849, 50.967225 ] } },
{ "type": "Feature", "properties": { "dist": 0.662727, "ffreq2": 1, "ffreq3": 0 }, "geometry": { "type": "Point", "coordinates": [ 5.749059, 50.967223 ] } },
{ "type": "Feature", "properties": { "dist": 0.0, "ffreq2": 0, "ffreq3": 0 }, "geometry": { "type": "Point", "coordinates": [ 5.72628, 50.966933 ] } },
{ "type": "Feature", "properties": { "dist": 0.00135803, "ffreq2": 0, "ffreq3": 0 }, "geometry": { "type": "Point", "coordinates": [ 5.72685, 50.966931 ] } },
{ "type": "Feature", "properties": { "dist": 0.0264697, "ffreq2": 0, "ffreq3": 0 }, "geometry": { "type": "Point", "coordinates": [ 5.727419, 50.966929 ] } },
{ "type": "Feature", "properties": { "dist": 0.0484965, "ffreq2": 1, "ffreq3": 0 }, "geometry": { "type": "Point", "coordinates": [ 5.727989, 50.966928 ] } },
{ "type": "Feature", "properties": { "dist": 0.070355, "ffreq2": 1, "ffreq3": 0 }, "geometry": { "type": "Point", "coordinates": [ 5.728558, 50.966926 ] } },
{ "type": "Feature", "properties": { "dist": 0.0921516, "ffreq2": 1, "ffreq3": 0 }, "geometry": { "type": "Point", "coordinates": [ 5.729127, 50.966924 ] } },
{ "type": "Feature", "properties": { "dist": 0.103024, "ffreq2": 0, "ffreq3": 0 }, "geometry": { "type": "Point", "coordinates": [ 5.729697, 50.966923 ] } },
{ "type": "Feature", "properties": { "dist": 0.119297, "ffreq2": 1, "ffreq3": 0 }, "geometry": { "type": "Point", "coordinates": [ 5.730266, 50.966921 ] } },
{ "type": "Feature", "properties": { "dist": 0.12481, "ffreq2": 0, "ffreq3": 0 }, "geometry": { "type": "Point", "coordinates": [ 5.730836, 50.966919 ] } },
{ "type": "Feature", "properties": { "dist": 0.146576, "ffreq2": 1, "ffreq3": 0 }, "geometry": { "type": "Point", "coordinates": [ 5.731405, 50.966918 ] } },
{ "type": "Feature", "properties": { "dist": 0.162853, "ffreq2": 1, "ffreq3": 0 }, "geometry": { "type": "Point", "coordinates": [ 5.731974, 50.966916 ] } },
{ "type": "Feature", "properties": { "dist": 0.184614, "ffreq2": 1, "ffreq3": 0 }, "geometry": { "type": "Point", "coordinates": [ 5.732544, 50.966914 ] } },
{ "type": "Feature", "properties": { "dist": 0.22271, "ffreq2": 1, "ffreq3": 0 }, "geometry": { "type": "Point", "coordinates": [ 5.733113, 50.966913 ] } },
{ "type": "Feature", "properties": { "dist": 0.249874, "ffreq2": 1, "ffreq3": 0 }, "geometry": { "type": "Point", "coordinates": [ 5.733683, 50.966911 ] } },
{ "type": "Feature", "properties": { "dist": 0.293348, "ffreq2": 1, "ffreq3": 0 }, "geometry": { "type": "Point", "coordinates": [ 5.734252, 50.966909 ] } },
{ "type": "Feature", "properties": { "dist": 0.320572, "ffreq2": 1, "ffreq3": 0 }, "geometry": { "type": "Point", "coordinates": [ 5.734821, 50.966907 ] } },
{ "type": "Feature", "properties": { "dist": 0.358595, "ffreq2": 0, "ffreq3": 1 }, "geometry": { "type": "Point", "coordinates": [ 5.735391, 50.966906 ] } },
{ "type": "Feature", "properties": { "dist": 0.385804, "ffreq2": 0, "ffreq3": 1 }, "geometry": { "type": "Point", "coordinates": [ 5.73596, 50.966904 ] } },
{ "type": "Feature", "properties": { "dist": 0.407552, "ffreq2": 0, "ffreq3": 1 }, "geometry": { "type": "Point", "coordinates": [ 5.73653, 50.966902 ] } },
{ "type": "Feature", "properties": { "dist": 0.429295, "ffreq2": 0, "ffreq3": 1 }, "geometry": { "type": "Point", "coordinates": [ 5.737099, 50.966901 ] } },
{ "type": "Feature", "properties": { "dist": 0.451037, "ffreq2": 0, "ffreq3": 1 }, "geometry": { "type": "Point", "coordinates": [ 5.737668, 50.966899 ] } },
{ "type": "Feature", "properties": { "dist": 0.472778, "ffreq2": 0, "ffreq3": 1 }, "geometry": { "type": "Point", "coordinates": [ 5.738238, 50.966897 ] } },
{ "type": "Feature", "properties": { "dist": 0.49452, "ffreq2": 0, "ffreq3": 1 }, "geometry": { "type": "Point", "coordinates": [ 5.738807, 50.966895 ] } },
{ "type": "Feature", "properties": { "dist": 0.516261, "ffreq2": 0, "ffreq3": 1 }, "geometry": { "type": "Point", "coordinates": [ 5.739376, 50.966894 ] } },
{ "type": "Feature", "properties": { "dist": 0.538002, "ffreq2": 0, "ffreq3": 0 }, "geometry": { "type": "Point", "coordinates": [ 5.739946, 50.966892 ] } },
{ "type": "Feature", "properties": { "dist": 0.559743, "ffreq2": 1, "ffreq3": 0 }, "geometry": { "type": "Point", "coordinates": [ 5.740515, 50.96689 ] } },
{ "type": "Feature", "properties": { "dist": 0.581484, "ffreq2": 1, "ffreq3": 0 }, "geometry": { "type": "Point", "coordinates": [ 5.741085, 50.966888 ] } },
{ "type": "Feature", "properties": { "dist": 0.603127, "ffreq2": 0, "ffreq3": 1 }, "geometry": { "type": "Point", "coordinates": [ 5.741654, 50.966887 ] } },
{ "type": "Feature", "properties": { "dist": 0.613929, "ffreq2": 0, "ffreq3": 1 }, "geometry": { "type": "Point", "coordinates": [ 5.742223, 50.966885 ] } },
{ "type": "Feature", "properties": { "dist": 0.619272, "ffreq2": 0, "ffreq3": 1 }, "geometry": { "type": "Point", "coordinates": [ 5.742793, 50.966883 ] } },
{ "type": "Feature", "properties": { "dist": 0.61925, "ffreq2": 0, "ffreq3": 1 }, "geometry": { "type": "Point", "coordinates": [ 5.743362, 50.966881 ] } },
{ "type": "Feature", "properties": { "dist": 0.619228, "ffreq2": 0, "ffreq3": 1 }, "geometry": { "type": "Point", "coordinates": [ 5.743932, 50.96688 ] } },
{ "type": "Feature", "properties": { "dist": 0.619212, "ffreq2": 0, "ffreq3": 1 }, "geometry": { "type": "Point", "coordinates": [ 5.744501, 50.966878 ] } },
{ "type": "Feature", "properties": { "dist": 0.619212, "ffreq2": 0, "ffreq3": 1 }, "geometry": { "type": "Point", "coordinates": [ 5.74507, 50.966876 ] } },
{ "type": "Feature", "properties": { "dist": 0.619212, "ffreq2": 1, "ffreq3": 0 }, "geometry": { "type": "Point", "coordinates": [ 5.74564, 50.966874 ] } },
{ "type": "Feature", "properties": { "dist": 0.619212, "ffreq2": 1, "ffreq3": 0 }, "geometry": { "type": "Point", "coordinates": [ 5.746209, 50.966873 ] } },
{ "type": "Feature", "properties": { "dist": 0.619212, "ffreq2": 1, "ffreq3": 0 }, "geometry": { "type": "Point", "coordinates": [ 5.746779, 50.966871 ] } },
{ "type": "Feature", "properties": { "dist": 0.619212, "ffreq2": 1, "ffreq3": 0 }, "geometry": { "type": "Point", "coordinates": [ 5.747348, 50.966869 ] } },
{ "type": "Feature", "properties": { "dist": 0.619228, "ffreq2": 1, "ffreq3": 0 }, "geometry": { "type": "Point", "coordinates": [ 5.747917, 50.966867 ] } },
{ "type": "Feature", "properties": { "dist": 0.61925, "ffreq2": 1, "ffreq3": 0 }, "geometry": { "type": "Point", "coordinates": [ 5.748487, 50.966866 ] } },
{ "type": "Feature", "properties": { "dist": 0.630179, "ffreq2": 1, "ffreq3": 0 }, "geometry": { "type": "Point", "coordinates": [ 5.749056, 50.966864 ] } },
{ "type": "Feature", "properties": { "dist": 0.00135803, "ffreq2": 0, "ffreq3": 0 }, "geometry": { "type": "Point", "coordinates": [ 5.726278, 50.966573 ] } },
{ "type": "Feature", "properties": { "dist": 0.0264697, "ffreq2": 1, "ffreq3": 0 }, "geometry": { "type": "Point", "coordinates": [ 5.726847, 50.966572 ] } },
{ "type": "Feature", "properties": { "dist": 0.0484965, "ffreq2": 1, "ffreq3": 0 }, "geometry": { "type": "Point", "coordinates": [ 5.727417, 50.96657 ] } },
{ "type": "Feature", "properties": { "dist": 0.070355, "ffreq2": 0, "ffreq3": 0 }, "geometry": { "type": "Point", "coordinates": [ 5.727986, 50.966568 ] } },
{ "type": "Feature", "properties": { "dist": 0.0921598, "ffreq2": 1, "ffreq3": 0 }, "geometry": { "type": "Point", "coordinates": [ 5.728555, 50.966566 ] } },
{ "type": "Feature", "properties": { "dist": 0.113941, "ffreq2": 0, "ffreq3": 0 }, "geometry": { "type": "Point", "coordinates": [ 5.729125, 50.966565 ] } },
{ "type": "Feature", "properties": { "dist": 0.1357, "ffreq2": 0, "ffreq3": 0 }, "geometry": { "type": "Point", "coordinates": [ 5.729694, 50.966563 ] } },
{ "type": "Feature", "properties": { "dist": 0.146573, "ffreq2": 1, "ffreq3": 0 }, "geometry": { "type": "Point", "coordinates": [ 5.730263, 50.966561 ] } },
{ "type": "Feature", "properties": { "dist": 0.162842, "ffreq2": 0, "ffreq3": 0 }, "geometry": { "type": "Point", "coordinates": [ 5.730833, 50.96656 ] } },
{ "type": "Feature", "properties": { "dist": 0.168339, "ffreq2": 1, "ffreq3": 0 }, "geometry": { "type": "Point", "coordinates": [ 5.731402, 50.966558 ] } },
{ "type": "Feature", "properties": { "dist": 0.190091, "ffreq2": 1, "ffreq3": 0 }, "geometry": { "type": "Point", "coordinates": [ 5.731972, 50.966556 ] } },
{ "type": "Feature", "properties": { "dist": 0.20637, "ffreq2": 1, "ffreq3": 0 }, "geometry": { "type": "Point", "coordinates": [ 5.732541, 50.966555 ] } },
{ "type": "Feature", "properties": { "dist": 0.228123, "ffreq2": 0, "ffreq3": 1 }, "geometry": { "type": "Point", "coordinates": [ 5.73311, 50.966553 ] } },
{ "type": "Feature", "properties": { "dist": 0.266204, "ffreq2": 0, "ffreq3": 1 }, "geometry": { "type": "Point", "coordinates": [ 5.73368, 50.966551 ] } },
{ "type": "Feature", "properties": { "dist": 0.29337, "ffreq2": 1, "ffreq3": 0 }, "geometry": { "type": "Point", "coordinates": [ 5.734249, 50.96655 ] } },
{ "type": "Feature", "properties": { "dist": 0.33684, "ffreq2": 0, "ffreq3": 1 }, "geometry": { "type": "Point", "coordinates": [ 5.734819, 50.966548 ] } },
{ "type": "Feature", "properties": { "dist": 0.364059, "ffreq2": 0, "ffreq3": 1 }, "geometry": { "type": "Point", "coordinates": [ 5.735388, 50.966546 ] } },
{ "type": "Feature", "properties": { "dist": 0.402083, "ffreq2": 0, "ffreq3": 1 }, "geometry": { "type": "Point", "coordinates": [ 5.735957, 50.966544 ] } },
{ "type": "Feature", "properties": { "dist": 0.429289, "ffreq2": 0, "ffreq3": 1 }, "geometry": { "type": "Point", "coordinates": [ 5.736527, 50.966543 ] } },
{ "type": "Feature", "properties": { "dist": 0.451037, "ffreq2": 0, "ffreq3": 1 }, "geometry": { "type": "Point", "coordinates": [ 5.737096, 50.966541 ] } },
{ "type": "Feature", "properties": { "dist": 0.472778, "ffreq2": 0, "ffreq3": 1 }, "geometry": { "type": "Point", "coordinates": [ 5.737666, 50.966539 ] } },
{ "type": "Feature", "properties": { "dist": 0.49452, "ffreq2": 0, "ffreq3": 1 }, "geometry": { "type": "Point", "coordinates": [ 5.738235, 50.966538 ] } },
{ "type": "Feature", "properties": { "dist": 0.516261, "ffreq2": 0, "ffreq3": 1 }, "geometry": { "type": "Point", "coordinates": [ 5.738804, 50.966536 ] } },
{ "type": "Feature", "properties": { "dist": 0.538002, "ffreq2": 0, "ffreq3": 1 }, "geometry": { "type": "Point", "coordinates": [ 5.739374, 50.966534 ] } },
{ "type": "Feature", "properties": { "dist": 0.559689, "ffreq2": 0, "ffreq3": 1 }, "geometry": { "type": "Point", "coordinates": [ 5.739943, 50.966532 ] } },
{ "type": "Feature", "properties": { "dist": 0.570513, "ffreq2": 1, "ffreq3": 0 }, "geometry": { "type": "Point", "coordinates": [ 5.740513, 50.966531 ] } },
{ "type": "Feature", "properties": { "dist": 0.575877, "ffreq2": 0, "ffreq3": 0 }, "geometry": { "type": "Point", "coordinates": [ 5.741082, 50.966529 ] } },
{ "type": "Feature", "properties": { "dist": 0.575856, "ffreq2": 0, "ffreq3": 0 }, "geometry": { "type": "Point", "coordinates": [ 5.741651, 50.966527 ] } },
{ "type": "Feature", "properties": { "dist": 0.575834, "ffreq2": 0, "ffreq3": 1 }, "geometry": { "type": "Point", "coordinates": [ 5.742221, 50.966525 ] } },
{ "type": "Feature", "properties": { "dist": 0.575812, "ffreq2": 0, "ffreq3": 1 }, "geometry": { "type": "Point", "coordinates": [ 5.74279, 50.966524 ] } },
{ "type": "Feature", "properties": { "dist": 0.57579, "ffreq2": 0, "ffreq3": 1 }, "geometry": { "type": "Point", "coordinates": [ 5.743359, 50.966522 ] } },
{ "type": "Feature", "properties": { "dist": 0.575768, "ffreq2": 0, "ffreq3": 1 }, "geometry": { "type": "Point", "coordinates": [ 5.743929, 50.96652 ] } },
{ "type": "Feature", "properties": { "dist": 0.575752, "ffreq2": 0, "ffreq3": 1 }, "geometry": { "type": "Point", "coordinates": [ 5.744498, 50.966518 ] } },
{ "type": "Feature", "properties": { "dist": 0.575752, "ffreq2": 1, "ffreq3": 0 }, "geometry": { "type": "Point", "coordinates": [ 5.745068, 50.966517 ] } },
{ "type": "Feature", "properties": { "dist": 0.575752, "ffreq2": 1, "ffreq3": 0 }, "geometry": { "type": "Point", "coordinates": [ 5.745637, 50.966515 ] } },
{ "type": "Feature", "properties": { "dist": 0.575752, "ffreq2": 1, "ffreq3": 0 }, "geometry": { "type": "Point", "coordinates": [ 5.746206, 50.966513 ] } },
{ "type": "Feature", "properties": { "dist": 0.575752, "ffreq2": 1, "ffreq3": 0 }, "geometry": { "type": "Point", "coordinates": [ 5.746776, 50.966511 ] } },
{ "type": "Feature", "properties": { "dist": 0.575752, "ffreq2": 1, "ffreq3": 0 }, "geometry": { "type": "Point", "coordinates": [ 5.747345, 50.96651 ] } },
{ "type": "Feature", "properties": { "dist": 0.575768, "ffreq2": 1, "ffreq3": 0 }, "geometry": { "type": "Point", "coordinates": [ 5.747915, 50.966508 ] } },
{ "type": "Feature", "properties": { "dist": 0.57579, "ffreq2": 1, "ffreq3": 0 }, "geometry": { "type": "Point", "coordinates": [ 5.748484, 50.966506 ] } },
{ "type": "Feature", "properties": { "dist": 0.0, "ffreq2": 0, "ffreq3": 0 }, "geometry": { "type": "Point", "coordinates": [ 5.725706, 50.966215 ] } },
{ "type": "Feature", "properties": { "dist": 0.0122243, "ffreq2": 0, "ffreq3": 0 }, "geometry": { "type": "Point", "coordinates": [ 5.726275, 50.966214 ] } },
{ "type": "Feature", "properties": { "dist": 0.0484884, "ffreq2": 1, "ffreq3": 0 }, "geometry": { "type": "Point", "coordinates": [ 5.726844, 50.966212 ] } },
{ "type": "Feature", "properties": { "dist": 0.070355, "ffreq2": 1, "ffreq3": 0 }, "geometry": { "type": "Point", "coordinates": [ 5.727414, 50.96621 ] } },
{ "type": "Feature", "properties": { "dist": 0.0921598, "ffreq2": 0, "ffreq3": 0 }, "geometry": { "type": "Point", "coordinates": [ 5.727983, 50.966209 ] } },
{ "type": "Feature", "properties": { "dist": 0.113941, "ffreq2": 1, "ffreq3": 0 }, "geometry": { "type": "Point", "coordinates": [ 5.728553, 50.966207 ] } },
{ "type": "Feature", "properties": { "dist": 0.135709, "ffreq2": 0, "ffreq3": 0 }, "geometry": { "type": "Point", "coordinates": [ 5.729122, 50.966205 ] } },
{ "type": "Feature", "properties": { "dist": 0.157469, "ffreq2": 1, "ffreq3": 0 }, "geometry": { "type": "Point", "coordinates": [ 5.729691, 50.966204 ] } },
{ "type": "Feature", "properties": { "dist": 0.179216, "ffreq2": 1, "ffreq3": 0 }, "geometry": { "type": "Point", "coordinates": [ 5.730261, 50.966202 ] } },
{ "type": "Feature", "properties": { "dist": 0.190089, "ffreq2": 0, "ffreq3": 0 }, "geometry": { "type": "Point", "coordinates": [ 5.73083, 50.9662 ] } },
{ "type": "Feature", "properties": { "dist": 0.206359, "ffreq2": 1, "ffreq3": 0 }, "geometry": { "type": "Point", "coordinates": [ 5.7314, 50.966199 ] } },
{ "type": "Feature", "properties": { "dist": 0.211846, "ffreq2": 1, "ffreq3": 0 }, "geometry": { "type": "Point", "coordinates": [ 5.731969, 50.966197 ] } },
{ "type": "Feature", "properties": { "dist": 0.233593, "ffreq2": 1, "ffreq3": 0 }, "geometry": { "type": "Point", "coordinates": [ 5.732538, 50.966195 ] } },
{ "type": "Feature", "properties": { "dist": 0.249874, "ffreq2": 1, "ffreq3": 0 }, "geometry": { "type": "Point", "coordinates": [ 5.733108, 50.966193 ] } },
{ "type": "Feature", "properties": { "dist": 0.271622, "ffreq2": 0, "ffreq3": 1 }, "geometry": { "type": "Point", "coordinates": [ 5.733677, 50.966192 ] } },
{ "type": "Feature", "properties": { "dist": 0.309694, "ffreq2": 1, "ffreq3": 0 }, "geometry": { "type": "Point", "coordinates": [ 5.734247, 50.96619 ] } },
{ "type": "Feature", "properties": { "dist": 0.336861, "ffreq2": 1, "ffreq3": 0 }, "geometry": { "type": "Point", "coordinates": [ 5.734816, 50.966188 ] } },
{ "type": "Feature", "properties": { "dist": 0.380328, "ffreq2": 1, "ffreq3": 0 }, "geometry": { "type": "Point", "coordinates": [ 5.735385, 50.966187 ] } },
{ "type": "Feature", "properties": { "dist": 0.407544, "ffreq2": 0, "ffreq3": 1 }, "geometry": { "type": "Point", "coordinates": [ 5.735955, 50.966185 ] } },
{ "type": "Feature", "properties": { "dist": 0.445569, "ffreq2": 0, "ffreq3": 1 }, "geometry": { "type": "Point", "coordinates": [ 5.736524, 50.966183 ] } },
{ "type": "Feature", "properties": { "dist": 0.472773, "ffreq2": 0, "ffreq3": 1 }, "geometry": { "type": "Point", "coordinates": [ 5.737093, 50.966181 ] } },
{ "type": "Feature", "properties": { "dist": 0.49452, "ffreq2": 0, "ffreq3": 1 }, "geometry": { "type": "Point", "coordinates": [ 5.737663, 50.96618 ] } },
{ "type": "Feature", "properties": { "dist": 0.51625, "ffreq2": 0, "ffreq3": 1 }, "geometry": { "type": "Point", "coordinates": [ 5.738232, 50.966178 ] } },
{ "type": "Feature", "properties": { "dist": 0.527097, "ffreq2": 0, "ffreq3": 1 }, "geometry": { "type": "Point", "coordinates": [ 5.738802, 50.966176 ] } },
{ "type": "Feature", "properties": { "dist": 0.532482, "ffreq2": 0, "ffreq3": 1 }, "geometry": { "type": "Point", "coordinates": [ 5.739371, 50.966175 ] } },
{ "type": "Feature", "properties": { "dist": 0.53246, "ffreq2": 0, "ffreq3": 1 }, "geometry": { "type": "Point", "coordinates": [ 5.73994, 50.966173 ] } },
{ "type": "Feature", "properties": { "dist": 0.532438, "ffreq2": 1, "ffreq3": 0 }, "geometry": { "type": "Point", "coordinates": [ 5.74051, 50.966171 ] } },
{ "type": "Feature", "properties": { "dist": 0.532416, "ffreq2": 0, "ffreq3": 0 }, "geometry": { "type": "Point", "coordinates": [ 5.741079, 50.966169 ] } },
{ "type": "Feature", "properties": { "dist": 0.532395, "ffreq2": 0, "ffreq3": 0 }, "geometry": { "type": "Point", "coordinates": [ 5.741649, 50.966168 ] } },
{ "type": "Feature", "properties": { "dist": 0.532373, "ffreq2": 0, "ffreq3": 1 }, "geometry": { "type": "Point", "coordinates": [ 5.742218, 50.966166 ] } },
{ "type": "Feature", "properties": { "dist": 0.532351, "ffreq2": 0, "ffreq3": 1 }, "geometry": { "type": "Point", "coordinates": [ 5.742787, 50.966164 ] } },
{ "type": "Feature", "properties": { "dist": 0.532329, "ffreq2": 0, "ffreq3": 1 }, "geometry": { "type": "Point", "coordinates": [ 5.743357, 50.966162 ] } },
{ "type": "Feature", "properties": { "dist": 0.532307, "ffreq2": 0, "ffreq3": 1 }, "geometry": { "type": "Point", "coordinates": [ 5.743926, 50.966161 ] } },
{ "type": "Feature", "properties": { "dist": 0.532291, "ffreq2": 0, "ffreq3": 1 }, "geometry": { "type": "Point", "coordinates": [ 5.744495, 50.966159 ] } },
{ "type": "Feature", "properties": { "dist": 0.532291, "ffreq2": 1, "ffreq3": 0 }, "geometry": { "type": "Point", "coordinates": [ 5.745065, 50.966157 ] } },
{ "type": "Feature", "properties": { "dist": 0.532291, "ffreq2": 1, "ffreq3": 0 }, "geometry": { "type": "Point", "coordinates": [ 5.745634, 50.966155 ] } },
{ "type": "Feature", "properties": { "dist": 0.532291, "ffreq2": 1, "ffreq3": 0 }, "geometry": { "type": "Point", "coordinates": [ 5.746204, 50.966154 ] } },
{ "type": "Feature", "properties": { "dist": 0.532291, "ffreq2": 1, "ffreq3": 0 }, "geometry": { "type": "Point", "coordinates": [ 5.746773, 50.966152 ] } },
{ "type": "Feature", "properties": { "dist": 0.532291, "ffreq2": 1, "ffreq3": 0 }, "geometry": { "type": "Point", "coordinates": [ 5.747342, 50.96615 ] } },
{ "type": "Feature", "properties": { "dist": 0.532307, "ffreq2": 1, "ffreq3": 0 }, "geometry": { "type": "Point", "coordinates": [ 5.747912, 50.966148 ] } },
{ "type": "Feature", "properties": { "dist": 0.532329, "ffreq2": 1, "ffreq3": 0 }, "geometry": { "type": "Point", "coordinates": [ 5.748481, 50.966146 ] } },
{ "type": "Feature", "properties": { "dist": 0.0, "ffreq2": 0, "ffreq3": 0 }, "geometry": { "type": "Point", "coordinates": [ 5.725134, 50.965857 ] } },
{ "type": "Feature", "properties": { "dist": 0.0122243, "ffreq2": 0, "ffreq3": 0 }, "geometry": { "type": "Point", "coordinates": [ 5.725703, 50.965856 ] } },
{ "type": "Feature", "properties": { "dist": 0.0373395, "ffreq2": 1, "ffreq3": 0 }, "geometry": { "type": "Point", "coordinates": [ 5.726272, 50.965854 ] } },
{ "type": "Feature", "properties": { "dist": 0.0593662, "ffreq2": 1, "ffreq3": 0 }, "geometry": { "type": "Point", "coordinates": [ 5.726842, 50.965852 ] } },
{ "type": "Feature", "properties": { "dist": 0.0921516, "ffreq2": 0, "ffreq3": 0 }, "geometry": { "type": "Point", "coordinates": [ 5.727411, 50.965851 ] } },
{ "type": "Feature", "properties": { "dist": 0.113941, "ffreq2": 1, "ffreq3": 0 }, "geometry": { "type": "Point", "coordinates": [ 5.727981, 50.965849 ] } },
{ "type": "Feature", "properties": { "dist": 0.135709, "ffreq2": 1, "ffreq3": 0 }, "geometry": { "type": "Point", "coordinates": [ 5.72855, 50.965847 ] } },
{ "type": "Feature", "properties": { "dist": 0.157469, "ffreq2": 0, "ffreq3": 0 }, "geometry": { "type": "Point", "coordinates": [ 5.729119, 50.965846 ] } },
{ "type": "Feature", "properties": { "dist": 0.179224, "ffreq2": 1, "ffreq3": 0 }, "geometry": { "type": "Point", "coordinates": [ 5.729689, 50.965844 ] } },
{ "type": "Feature", "properties": { "dist": 0.200976, "ffreq2": 0, "ffreq3": 0 }, "geometry": { "type": "Point", "coordinates": [ 5.730258, 50.965842 ] } },
{ "type": "Feature", "properties": { "dist": 0.222718, "ffreq2": 1, "ffreq3": 0 }, "geometry": { "type": "Point", "coordinates": [ 5.730828, 50.965841 ] } },
{ "type": "Feature", "properties": { "dist": 0.23359, "ffreq2": 1, "ffreq3": 0 }, "geometry": { "type": "Point", "coordinates": [ 5.731397, 50.965839 ] } },
{ "type": "Feature", "properties": { "dist": 0.249863, "ffreq2": 1, "ffreq3": 0 }, "geometry": { "type": "Point", "coordinates": [ 5.731966, 50.965837 ] } },
{ "type": "Feature", "properties": { "dist": 0.255343, "ffreq2": 1, "ffreq3": 0 }, "geometry": { "type": "Point", "coordinates": [ 5.732536, 50.965836 ] } },
{ "type": "Feature", "properties": { "dist": 0.277087, "ffreq2": 1, "ffreq3": 0 }, "geometry": { "type": "Point", "coordinates": [ 5.733105, 50.965834 ] } },
{ "type": "Feature", "properties": { "dist": 0.29337, "ffreq2": 1, "ffreq3": 0 }, "geometry": { "type": "Point", "coordinates": [ 5.733674, 50.965832 ] } },
{ "type": "Feature", "properties": { "dist": 0.315116, "ffreq2": 1, "ffreq3": 0 }, "geometry": { "type": "Point", "coordinates": [ 5.734244, 50.96583 ] } },
{ "type": "Feature", "properties": { "dist": 0.353181, "ffreq2": 1, "ffreq3": 0 }, "geometry": { "type": "Point", "coordinates": [ 5.734813, 50.965829 ] } },
{ "type": "Feature", "properties": { "dist": 0.38035, "ffreq2": 1, "ffreq3": 0 }, "geometry": { "type": "Point", "coordinates": [ 5.735383, 50.965827 ] } },
{ "type": "Feature", "properties": { "dist": 0.423815, "ffreq2": 1, "ffreq3": 0 }, "geometry": { "type": "Point", "coordinates": [ 5.735952, 50.965825 ] } },
{ "type": "Feature", "properties": { "dist": 0.451028, "ffreq2": 0, "ffreq3": 1 }, "geometry": { "type": "Point", "coordinates": [ 5.736521, 50.965824 ] } },
{ "type": "Feature", "properties": { "dist": 0.489053, "ffreq2": 0, "ffreq3": 1 }, "geometry": { "type": "Point", "coordinates": [ 5.737091, 50.965822 ] } },
{ "type": "Feature", "properties": { "dist": 0.499986, "ffreq2": 0, "ffreq3": 1 }, "geometry": { "type": "Point", "coordinates": [ 5.73766, 50.96582 ] } },
{ "type": "Feature", "properties": { "dist": 0.489064, "ffreq2": 0, "ffreq3": 1 }, "geometry": { "type": "Point", "coordinates": [ 5.73823, 50.965818 ] } },
{ "type": "Feature", "properties": { "dist": 0.489042, "ffreq2": 0, "ffreq3": 1 }, "geometry": { "type": "Point", "coordinates": [ 5.738799, 50.965817 ] } },
{ "type": "Feature", "properties": { "dist": 0.48902, "ffreq2": 0, "ffreq3": 1 }, "geometry": { "type": "Point", "coordinates": [ 5.739368, 50.965815 ] } },
{ "type": "Feature", "properties": { "dist": 0.488998, "ffreq2": 0, "ffreq3": 1 }, "geometry": { "type": "Point", "coordinates": [ 5.739938, 50.965813 ] } },
{ "type": "Feature", "properties": { "dist": 0.488977, "ffreq2": 0, "ffreq3": 1 }, "geometry": { "type": "Point", "coordinates": [ 5.740507, 50.965812 ] } },
{ "type": "Feature", "properties": { "dist": 0.488955, "ffreq2": 0, "ffreq3": 0 }, "geometry": { "type": "Point", "coordinates": [ 5.741076, 50.96581 ] } },
{ "type": "Feature", "properties": { "dist": 0.488933, "ffreq2": 0, "ffreq3": 1 }, "geometry": { "type": "Point", "coordinates": [ 5.741646, 50.965808 ] } },
{ "type": "Feature", "properties": { "dist": 0.488911, "ffreq2": 0, "ffreq3": 1 }, "geometry": { "type": "Point", "coordinates": [ 5.742215, 50.965806 ] } },
{ "type": "Feature", "properties": { "dist": 0.488889, "ffreq2": 0, "ffreq3": 1 }, "geometry": { "type": "Point", "coordinates": [ 5.742785, 50.965805 ] } },
{ "type": "Feature", "properties": { "dist": 0.488867, "ffreq2": 1, "ffreq3": 0 }, "geometry": { "type": "Point", "coordinates": [ 5.743354, 50.965803 ] } },
{ "type": "Feature", "properties": { "dist": 0.488845, "ffreq2": 1, "ffreq3": 0 }, "geometry": { "type": "Point", "coordinates": [ 5.743923, 50.965801 ] } },
{ "type": "Feature", "properties": { "dist": 0.488829, "ffreq2": 1, "ffreq3": 0 }, "geometry": { "type": "Point", "coordinates": [ 5.744493, 50.965799 ] } },
{ "type": "Feature", "properties": { "dist": 0.488829, "ffreq2": 1, "ffreq3": 0 }, "geometry": { "type": "Point", "coordinates": [ 5.745062, 50.965798 ] } },
{ "type": "Feature", "properties": { "dist": 0.488829, "ffreq2": 1, "ffreq3": 0 }, "geometry": { "type": "Point", "coordinates": [ 5.745631, 50.965796 ] } },
{ "type": "Feature", "properties": { "dist": 0.488829, "ffreq2": 1, "ffreq3": 0 }, "geometry": { "type": "Point", "coordinates": [ 5.746201, 50.965794 ] } },
{ "type": "Feature", "properties": { "dist": 0.488829, "ffreq2": 1, "ffreq3": 0 }, "geometry": { "type": "Point", "coordinates": [ 5.74677, 50.965792 ] } },
{ "type": "Feature", "properties": { "dist": 0.488829, "ffreq2": 1, "ffreq3": 0 }, "geometry": { "type": "Point", "coordinates": [ 5.74734, 50.96579 ] } },
{ "type": "Feature", "properties": { "dist": 0.488845, "ffreq2": 1, "ffreq3": 0 }, "geometry": { "type": "Point", "coordinates": [ 5.747909, 50.965789 ] } },
{ "type": "Feature", "properties": { "dist": 0.488867, "ffreq2": 1, "ffreq3": 0 }, "geometry": { "type": "Point", "coordinates": [ 5.748478, 50.965787 ] } },
{ "type": "Feature", "properties": { "dist": 0.0, "ffreq2": 0, "ffreq3": 0 }, "geometry": { "type": "Point", "coordinates": [ 5.724562, 50.9655 ] } },
{ "type": "Feature", "properties": { "dist": 0.0122243, "ffreq2": 0, "ffreq3": 0 }, "geometry": { "type": "Point", "coordinates": [ 5.725131, 50.965498 ] } },
{ "type": "Feature", "properties": { "dist": 0.0373395, "ffreq2": 0, "ffreq3": 0 }, "geometry": { "type": "Point", "coordinates": [ 5.7257, 50.965496 ] } },
{ "type": "Feature", "properties": { "dist": 0.0593662, "ffreq2": 0, "ffreq3": 0 }, "geometry": { "type": "Point", "coordinates": [ 5.72627, 50.965495 ] } },
{ "type": "Feature", "properties": { "dist": 0.0812247, "ffreq2": 0, "ffreq3": 0 }, "geometry": { "type": "Point", "coordinates": [ 5.726839, 50.965493 ] } },
{ "type": "Feature", "properties": { "dist": 0.103029, "ffreq2": 1, "ffreq3": 0 }, "geometry": { "type": "Point", "coordinates": [ 5.727409, 50.965491 ] } },
{ "type": "Feature", "properties": { "dist": 0.1357, "ffreq2": 1, "ffreq3": 0 }, "geometry": { "type": "Point", "coordinates": [ 5.727978, 50.96549 ] } },
{ "type": "Feature", "properties": { "dist": 0.157469, "ffreq2": 1, "ffreq3": 0 }, "geometry": { "type": "Point", "coordinates": [ 5.728547, 50.965488 ] } },
{ "type": "Feature", "properties": { "dist": 0.179224, "ffreq2": 1, "ffreq3": 0 }, "geometry": { "type": "Point", "coordinates": [ 5.729117, 50.965486 ] } },
{ "type": "Feature", "properties": { "dist": 0.200976, "ffreq2": 1, "ffreq3": 0 }, "geometry": { "type": "Point", "coordinates": [ 5.729686, 50.965484 ] } },
{ "type": "Feature", "properties": { "dist": 0.222726, "ffreq2": 0, "ffreq3": 0 }, "geometry": { "type": "Point", "coordinates": [ 5.730255, 50.965483 ] } },
{ "type": "Feature", "properties": { "dist": 0.244474, "ffreq2": 1, "ffreq3": 0 }, "geometry": { "type": "Point", "coordinates": [ 5.730825, 50.965481 ] } },
{ "type": "Feature", "properties": { "dist": 0.266212, "ffreq2": 1, "ffreq3": 0 }, "geometry": { "type": "Point", "coordinates": [ 5.731394, 50.965479 ] } },
{ "type": "Feature", "properties": { "dist": 0.277084, "ffreq2": 1, "ffreq3": 0 }, "geometry": { "type": "Point", "coordinates": [ 5.731964, 50.965478 ] } },
{ "type": "Feature", "properties": { "dist": 0.293359, "ffreq2": 1, "ffreq3": 0 }, "geometry": { "type": "Point", "coordinates": [ 5.732533, 50.965476 ] } },
{ "type": "Feature", "properties": { "dist": 0.298835, "ffreq2": 1, "ffreq3": 0 }, "geometry": { "type": "Point", "coordinates": [ 5.733102, 50.965474 ] } },
{ "type": "Feature", "properties": { "dist": 0.320577, "ffreq2": 1, "ffreq3": 0 }, "geometry": { "type": "Point", "coordinates": [ 5.733672, 50.965473 ] } },
{ "type": "Feature", "properties": { "dist": 0.336861, "ffreq2": 1, "ffreq3": 0 }, "geometry": { "type": "Point", "coordinates": [ 5.734241, 50.965471 ] } },
{ "type": "Feature", "properties": { "dist": 0.358606, "ffreq2": 1, "ffreq3": 0 }, "geometry": { "type": "Point", "coordinates": [ 5.734811, 50.965469 ] } },
{ "type": "Feature", "properties": { "dist": 0.396666, "ffreq2": 1, "ffreq3": 0 }, "geometry": { "type": "Point", "coordinates": [ 5.73538, 50.965468 ] } },
{ "type": "Feature", "properties": { "dist": 0.423837, "ffreq2": 1, "ffreq3": 0 }, "geometry": { "type": "Point", "coordinates": [ 5.735949, 50.965466 ] } },
{ "type": "Feature", "properties": { "dist": 0.4673, "ffreq2": 0, "ffreq3": 1 }, "geometry": { "type": "Point", "coordinates": [ 5.736519, 50.965464 ] } },
{ "type": "Feature", "properties": { "dist": 0.472778, "ffreq2": 0, "ffreq3": 1 }, "geometry": { "type": "Point", "coordinates": [ 5.737088, 50.965462 ] } },
{ "type": "Feature", "properties": { "dist": 0.467311, "ffreq2": 0, "ffreq3": 1 }, "geometry": { "type": "Point", "coordinates": [ 5.737657, 50.965461 ] } },
{ "type": "Feature", "properties": { "dist": 0.461884, "ffreq2": 0, "ffreq3": 1 }, "geometry": { "type": "Point", "coordinates": [ 5.738227, 50.965459 ] } },
{ "type": "Feature", "properties": { "dist": 0.44558, "ffreq2": 0, "ffreq3": 1 }, "geometry": { "type": "Point", "coordinates": [ 5.738796, 50.965457 ] } },
{ "type": "Feature", "properties": { "dist": 0.445558, "ffreq2": 0, "ffreq3": 1 }, "geometry": { "type": "Point", "coordinates": [ 5.739366, 50.965455 ] } },
{ "type": "Feature", "properties": { "dist": 0.445536, "ffreq2": 0, "ffreq3": 1 }, "geometry": { "type": "Point", "coordinates": [ 5.739935, 50.965454 ] } },
{ "type": "Feature", "properties": { "dist": 0.445514, "ffreq2": 0, "ffreq3": 1 }, "geometry": { "type": "Point", "coordinates": [ 5.740504, 50.965452 ] } },
{ "type": "Feature", "properties": { "dist": 0.445492, "ffreq2": 0, "ffreq3": 1 }, "geometry": { "type": "Point", "coordinates": [ 5.741074, 50.96545 ] } },
{ "type": "Feature", "properties": { "dist": 0.44547, "ffreq2": 0, "ffreq3": 1 }, "geometry": { "type": "Point", "coordinates": [ 5.741643, 50.965449 ] } },
{ "type": "Feature", "properties": { "dist": 0.445448, "ffreq2": 1, "ffreq3": 0 }, "geometry": { "type": "Point", "coordinates": [ 5.742212, 50.965447 ] } },
{ "type": "Feature", "properties": { "dist": 0.445426, "ffreq2": 1, "ffreq3": 0 }, "geometry": { "type": "Point", "coordinates": [ 5.742782, 50.965445 ] } },
{ "type": "Feature", "properties": { "dist": 0.445404, "ffreq2": 1, "ffreq3": 0 }, "geometry": { "type": "Point", "coordinates": [ 5.743351, 50.965443 ] } },
{ "type": "Feature", "properties": { "dist": 0.445383, "ffreq2": 1, "ffreq3": 0 }, "geometry": { "type": "Point", "coordinates": [ 5.743921, 50.965442 ] } },
{ "type": "Feature", "properties": { "dist": 0.445366, "ffreq2": 1, "ffreq3": 0 }, "geometry": { "type": "Point", "coordinates": [ 5.74449, 50.96544 ] } },
{ "type": "Feature", "properties": { "dist": 0.445366, "ffreq2": 1, "ffreq3": 0 }, "geometry": { "type": "Point", "coordinates": [ 5.745059, 50.965438 ] } },
{ "type": "Feature", "properties": { "dist": 0.445366, "ffreq2": 1, "ffreq3": 0 }, "geometry": { "type": "Point", "coordinates": [ 5.745629, 50.965436 ] } },
{ "type": "Feature", "properties": { "dist": 0.445366, "ffreq2": 1, "ffreq3": 0 }, "geometry": { "type": "Point", "coordinates": [ 5.746198, 50.965434 ] } },
{ "type": "Feature", "properties": { "dist": 0.445366, "ffreq2": 1, "ffreq3": 0 }, "geometry": { "type": "Point", "coordinates": [ 5.746767, 50.965433 ] } },
{ "type": "Feature", "properties": { "dist": 0.445366, "ffreq2": 1, "ffreq3": 0 }, "geometry": { "type": "Point", "coordinates": [ 5.747337, 50.965431 ] } },
{ "type": "Feature", "properties": { "dist": 0.445383, "ffreq2": 1, "ffreq3": 0 }, "geometry": { "type": "Point", "coordinates": [ 5.747906, 50.965429 ] } },
{ "type": "Feature", "properties": { "dist": 0.445404, "ffreq2": 1, "ffreq3": 0 }, "geometry": { "type": "Point", "coordinates": [ 5.748476, 50.965427 ] } },
{ "type": "Feature", "properties": { "dist": 0.434623, "ffreq2": 1, "ffreq3": 0 }, "geometry": { "type": "Point", "coordinates": [ 5.749045, 50.965426 ] } },
{ "type": "Feature", "properties": { "dist": 0.00135803, "ffreq2": 0, "ffreq3": 0 }, "geometry": { "type": "Point", "coordinates": [ 5.724559, 50.96514 ] } },
{ "type": "Feature", "properties": { "dist": 0.0316663, "ffreq2": 0, "ffreq3": 0 }, "geometry": { "type": "Point", "coordinates": [ 5.725128, 50.965138 ] } },
{ "type": "Feature", "properties": { "dist": 0.0593636, "ffreq2": 0, "ffreq3": 0 }, "geometry": { "type": "Point", "coordinates": [ 5.725698, 50.965137 ] } },
{ "type": "Feature", "properties": { "dist": 0.0812247, "ffreq2": 1, "ffreq3": 0 }, "geometry": { "type": "Point", "coordinates": [ 5.726267, 50.965135 ] } },
{ "type": "Feature", "properties": { "dist": 0.103029, "ffreq2": 1, "ffreq3": 0 }, "geometry": { "type": "Point", "coordinates": [ 5.726837, 50.965133 ] } },
{ "type": "Feature", "properties": { "dist": 0.12481, "ffreq2": 1, "ffreq3": 0 }, "geometry": { "type": "Point", "coordinates": [ 5.727406, 50.965132 ] } },
{ "type": "Feature", "properties": { "dist": 0.146578, "ffreq2": 1, "ffreq3": 0 }, "geometry": { "type": "Point", "coordinates": [ 5.727975, 50.96513 ] } },
{ "type": "Feature", "properties": { "dist": 0.179216, "ffreq2": 1, "ffreq3": 0 }, "geometry": { "type": "Point", "coordinates": [ 5.728545, 50.965128 ] } },
{ "type": "Feature", "properties": { "dist": 0.200976, "ffreq2": 0, "ffreq3": 0 }, "geometry": { "type": "Point", "coordinates": [ 5.729114, 50.965127 ] } },
{ "type": "Feature", "properties": { "dist": 0.222726, "ffreq2": 0, "ffreq3": 0 }, "geometry": { "type": "Point", "coordinates": [ 5.729683, 50.965125 ] } },
{ "type": "Feature", "properties": { "dist": 0.244474, "ffreq2": 0, "ffreq3": 0 }, "geometry": { "type": "Point", "coordinates": [ 5.730253, 50.965123 ] } },
{ "type": "Feature", "properties": { "dist": 0.26622, "ffreq2": 1, "ffreq3": 0 }, "geometry": { "type": "Point", "coordinates": [ 5.730822, 50.965122 ] } },
{ "type": "Feature", "properties": { "dist": 0.287966, "ffreq2": 0, "ffreq3": 1 }, "geometry": { "type": "Point", "coordinates": [ 5.731392, 50.96512 ] } },
{ "type": "Feature", "properties": { "dist": 0.309702, "ffreq2": 0, "ffreq3": 1 }, "geometry": { "type": "Point", "coordinates": [ 5.731961, 50.965118 ] } },
{ "type": "Feature", "properties": { "dist": 0.320574, "ffreq2": 1, "ffreq3": 0 }, "geometry": { "type": "Point", "coordinates": [ 5.73253, 50.965116 ] } },
{ "type": "Feature", "properties": { "dist": 0.336851, "ffreq2": 1, "ffreq3": 0 }, "geometry": { "type": "Point", "coordinates": [ 5.7331, 50.965115 ] } },
{ "type": "Feature", "properties": { "dist": 0.342324, "ffreq2": 1, "ffreq3": 0 }, "geometry": { "type": "Point", "coordinates": [ 5.733669, 50.965113 ] } },
{ "type": "Feature", "properties": { "dist": 0.364064, "ffreq2": 1, "ffreq3": 0 }, "geometry": { "type": "Point", "coordinates": [ 5.734238, 50.965111 ] } },
{ "type": "Feature", "properties": { "dist": 0.38035, "ffreq2": 1, "ffreq3": 0 }, "geometry": { "type": "Point", "coordinates": [ 5.734808, 50.96511 ] } },
{ "type": "Feature", "properties": { "dist": 0.402094, "ffreq2": 1, "ffreq3": 0 }, "geometry": { "type": "Point", "coordinates": [ 5.735377, 50.965108 ] } },
{ "type": "Feature", "properties": { "dist": 0.44015, "ffreq2": 1, "ffreq3": 0 }, "geometry": { "type": "Point", "coordinates": [ 5.735947, 50.965106 ] } },
{ "type": "Feature", "properties": { "dist": 0.461903, "ffreq2": 0, "ffreq3": 1 }, "geometry": { "type": "Point", "coordinates": [ 5.736516, 50.965105 ] } },
{ "type": "Feature", "properties": { "dist": 0.451034, "ffreq2": 0, "ffreq3": 1 }, "geometry": { "type": "Point", "coordinates": [ 5.737085, 50.965103 ] } },
{ "type": "Feature", "properties": { "dist": 0.429295, "ffreq2": 0, "ffreq3": 1 }, "geometry": { "type": "Point", "coordinates": [ 5.737655, 50.965101 ] } },
{ "type": "Feature", "properties": { "dist": 0.423826, "ffreq2": 0, "ffreq3": 1 }, "geometry": { "type": "Point", "coordinates": [ 5.738224, 50.965099 ] } },
{ "type": "Feature", "properties": { "dist": 0.4184, "ffreq2": 0, "ffreq3": 1 }, "geometry": { "type": "Point", "coordinates": [ 5.738793, 50.965098 ] } },
{ "type": "Feature", "properties": { "dist": 0.402094, "ffreq2": 0, "ffreq3": 1 }, "geometry": { "type": "Point", "coordinates": [ 5.739363, 50.965096 ] } },
{ "type": "Feature", "properties": { "dist": 0.402072, "ffreq2": 0, "ffreq3": 1 }, "geometry": { "type": "Point", "coordinates": [ 5.739932, 50.965094 ] } },
{ "type": "Feature", "properties": { "dist": 0.40205, "ffreq2": 0, "ffreq3": 1 }, "geometry": { "type": "Point", "coordinates": [ 5.740502, 50.965092 ] } },
{ "type": "Feature", "properties": { "dist": 0.402028, "ffreq2": 0, "ffreq3": 1 }, "geometry": { "type": "Point", "coordinates": [ 5.741071, 50.965091 ] } },
{ "type": "Feature", "properties": { "dist": 0.402006, "ffreq2": 1, "ffreq3": 0 }, "geometry": { "type": "Point", "coordinates": [ 5.74164, 50.965089 ] } },
{ "type": "Feature", "properties": { "dist": 0.401984, "ffreq2": 1, "ffreq3": 0 }, "geometry": { "type": "Point", "coordinates": [ 5.74221, 50.965087 ] } },
{ "type": "Feature", "properties": { "dist": 0.401962, "ffreq2": 1, "ffreq3": 0 }, "geometry": { "type": "Point", "coordinates": [ 5.742779, 50.965085 ] } },
{ "type": "Feature", "properties": { "dist": 0.40194, "ffreq2": 1, "ffreq3": 0 }, "geometry": { "type": "Point", "coordinates": [ 5.743348, 50.965084 ] } },
{ "type": "Feature", "properties": { "dist": 0.401919, "ffreq2": 1, "ffreq3": 0 }, "geometry": { "type": "Point", "coordinates": [ 5.743918, 50.965082 ] } },
{ "type": "Feature", "properties": { "dist": 0.401902, "ffreq2": 1, "ffreq3": 0 }, "geometry": { "type": "Point", "coordinates": [ 5.744487, 50.96508 ] } },
{ "type": "Feature", "properties": { "dist": 0.401902, "ffreq2": 1, "ffreq3": 0 }, "geometry": { "type": "Point", "coordinates": [ 5.745057, 50.965078 ] } },
{ "type": "Feature", "properties": { "dist": 0.401902, "ffreq2": 1, "ffreq3": 0 }, "geometry": { "type": "Point", "coordinates": [ 5.745626, 50.965077 ] } },
{ "type": "Feature", "properties": { "dist": 0.401902, "ffreq2": 1, "ffreq3": 0 }, "geometry": { "type": "Point", "coordinates": [ 5.746195, 50.965075 ] } },
{ "type": "Feature", "properties": { "dist": 0.401902, "ffreq2": 1, "ffreq3": 0 }, "geometry": { "type": "Point", "coordinates": [ 5.746765, 50.965073 ] } },
{ "type": "Feature", "properties": { "dist": 0.401902, "ffreq2": 1, "ffreq3": 0 }, "geometry": { "type": "Point", "coordinates": [ 5.747334, 50.965071 ] } },
{ "type": "Feature", "properties": { "dist": 0.401919, "ffreq2": 1, "ffreq3": 0 }, "geometry": { "type": "Point", "coordinates": [ 5.747903, 50.96507 ] } },
{ "type": "Feature", "properties": { "dist": 0.40194, "ffreq2": 1, "ffreq3": 0 }, "geometry": { "type": "Point", "coordinates": [ 5.748473, 50.965068 ] } },
{ "type": "Feature", "properties": { "dist": 0.401957, "ffreq2": 1, "ffreq3": 0 }, "geometry": { "type": "Point", "coordinates": [ 5.749042, 50.965066 ] } },
{ "type": "Feature", "properties": { "dist": 0.0, "ffreq2": 0, "ffreq3": 0 }, "geometry": { "type": "Point", "coordinates": [ 5.723987, 50.964782 ] } },
{ "type": "Feature", "properties": { "dist": 0.0122243, "ffreq2": 0, "ffreq3": 0 }, "geometry": { "type": "Point", "coordinates": [ 5.724556, 50.96478 ] } },
{ "type": "Feature", "properties": { "dist": 0.0484884, "ffreq2": 1, "ffreq3": 0 }, "geometry": { "type": "Point", "coordinates": [ 5.725126, 50.964779 ] } },
{ "type": "Feature", "properties": { "dist": 0.0756869, "ffreq2": 1, "ffreq3": 0 }, "geometry": { "type": "Point", "coordinates": [ 5.725695, 50.964777 ] } },
{ "type": "Feature", "properties": { "dist": 0.103027, "ffreq2": 1, "ffreq3": 0 }, "geometry": { "type": "Point", "coordinates": [ 5.726265, 50.964775 ] } },
{ "type": "Feature", "properties": { "dist": 0.12481, "ffreq2": 1, "ffreq3": 0 }, "geometry": { "type": "Point", "coordinates": [ 5.726834, 50.964774 ] } },
{ "type": "Feature", "properties": { "dist": 0.146578, "ffreq2": 1, "ffreq3": 0 }, "geometry": { "type": "Point", "coordinates": [ 5.727403, 50.964772 ] } },
{ "type": "Feature", "properties": { "dist": 0.168339, "ffreq2": 1, "ffreq3": 0 }, "geometry": { "type": "Point", "coordinates": [ 5.727973, 50.96477 ] } },
{ "type": "Feature", "properties": { "dist": 0.190094, "ffreq2": 1, "ffreq3": 0 }, "geometry": { "type": "Point", "coordinates": [ 5.728542, 50.964769 ] } },
{ "type": "Feature", "properties": { "dist": 0.222718, "ffreq2": 0, "ffreq3": 0 }, "geometry": { "type": "Point", "coordinates": [ 5.729111, 50.964767 ] } },
{ "type": "Feature", "properties": { "dist": 0.244474, "ffreq2": 1, "ffreq3": 0 }, "geometry": { "type": "Point", "coordinates": [ 5.729681, 50.964765 ] } },
{ "type": "Feature", "properties": { "dist": 0.26622, "ffreq2": 1, "ffreq3": 0 }, "geometry": { "type": "Point", "coordinates": [ 5.73025, 50.964764 ] } },
{ "type": "Feature", "properties": { "dist": 0.287966, "ffreq2": 1, "ffreq3": 0 }, "geometry": { "type": "Point", "coordinates": [ 5.73082, 50.964762 ] } },
{ "type": "Feature", "properties": { "dist": 0.30971, "ffreq2": 0, "ffreq3": 1 }, "geometry": { "type": "Point", "coordinates": [ 5.731389, 50.96476 ] } },
{ "type": "Feature", "properties": { "dist": 0.331454, "ffreq2": 0, "ffreq3": 1 }, "geometry": { "type": "Point", "coordinates": [ 5.731958, 50.964759 ] } },
{ "type": "Feature", "properties": { "dist": 0.353189, "ffreq2": 1, "ffreq3": 0 }, "geometry": { "type": "Point", "coordinates": [ 5.732528, 50.964757 ] } },
{ "type": "Feature", "properties": { "dist": 0.364062, "ffreq2": 1, "ffreq3": 0 }, "geometry": { "type": "Point", "coordinates": [ 5.733097, 50.964755 ] } },
{ "type": "Feature", "properties": { "dist": 0.380339, "ffreq2": 1, "ffreq3": 0 }, "geometry": { "type": "Point", "coordinates": [ 5.733666, 50.964754 ] } },
{ "type": "Feature", "properties": { "dist": 0.38581, "ffreq2": 1, "ffreq3": 0 }, "geometry": { "type": "Point", "coordinates": [ 5.734236, 50.964752 ] } },
{ "type": "Feature", "properties": { "dist": 0.40755, "ffreq2": 1, "ffreq3": 0 }, "geometry": { "type": "Point", "coordinates": [ 5.734805, 50.96475 ] } },
{ "type": "Feature", "properties": { "dist": 0.423837, "ffreq2": 1, "ffreq3": 0 }, "geometry": { "type": "Point", "coordinates": [ 5.735374, 50.964748 ] } },
{ "type": "Feature", "properties": { "dist": 0.44558, "ffreq2": 1, "ffreq3": 0 }, "geometry": { "type": "Point", "coordinates": [ 5.735944, 50.964747 ] } },
{ "type": "Feature", "properties": { "dist": 0.440167, "ffreq2": 1, "ffreq3": 0 }, "geometry": { "type": "Point", "coordinates": [ 5.736513, 50.964745 ] } },
{ "type": "Feature", "properties": { "dist": 0.423837, "ffreq2": 1, "ffreq3": 0 }, "geometry": { "type": "Point", "coordinates": [ 5.737083, 50.964743 ] } },
{ "type": "Feature", "properties": { "dist": 0.40755, "ffreq2": 0, "ffreq3": 1 }, "geometry": { "type": "Point", "coordinates": [ 5.737652, 50.964742 ] } },
{ "type": "Feature", "properties": { "dist": 0.38581, "ffreq2": 0, "ffreq3": 1 }, "geometry": { "type": "Point", "coordinates": [ 5.738221, 50.96474 ] } },
{ "type": "Feature", "properties": { "dist": 0.380339, "ffreq2": 0, "ffreq3": 1 }, "geometry": { "type": "Point", "coordinates": [ 5.738791, 50.964738 ] } },
{ "type": "Feature", "properties": { "dist": 0.374916, "ffreq2": 0, "ffreq3": 1 }, "geometry": { "type": "Point", "coordinates": [ 5.73936, 50.964736 ] } },
{ "type": "Feature", "properties": { "dist": 0.358606, "ffreq2": 0, "ffreq3": 1 }, "geometry": { "type": "Point", "coordinates": [ 5.739929, 50.964735 ] } },
{ "type": "Feature", "properties": { "dist": 0.358584, "ffreq2": 0, "ffreq3": 1 }, "geometry": { "type": "Point", "coordinates": [ 5.740499, 50.964733 ] } },
{ "type": "Feature", "properties": { "dist": 0.358562, "ffreq2": 0, "ffreq3": 1 }, "geometry": { "type": "Point", "coordinates": [ 5.741068, 50.964731 ] } },
{ "type": "Feature", "properties": { "dist": 0.35854, "ffreq2": 1, "ffreq3": 0 }, "geometry": { "type": "Point", "coordinates": [ 5.741638, 50.964729 ] } },
{ "type": "Feature", "properties": { "dist": 0.358519, "ffreq2": 1, "ffreq3": 0 }, "geometry": { "type": "Point", "coordinates": [ 5.742207, 50.964728 ] } },
{ "type": "Feature", "properties": { "dist": 0.358497, "ffreq2": 1, "ffreq3": 0 }, "geometry": { "type": "Point", "coordinates": [ 5.742776, 50.964726 ] } },
{ "type": "Feature", "properties": { "dist": 0.358475, "ffreq2": 1, "ffreq3": 0 }, "geometry": { "type": "Point", "coordinates": [ 5.743346, 50.964724 ] } },
{ "type": "Feature", "properties": { "dist": 0.358453, "ffreq2": 1, "ffreq3": 0 }, "geometry": { "type": "Point", "coordinates": [ 5.743915, 50.964722 ] } },
{ "type": "Feature", "properties": { "dist": 0.358436, "ffreq2": 1, "ffreq3": 0 }, "geometry": { "type": "Point", "coordinates": [ 5.744484, 50.964721 ] } },
{ "type": "Feature", "properties": { "dist": 0.358436, "ffreq2": 1, "ffreq3": 0 }, "geometry": { "type": "Point", "coordinates": [ 5.745054, 50.964719 ] } },
{ "type": "Feature", "properties": { "dist": 0.358436, "ffreq2": 1, "ffreq3": 0 }, "geometry": { "type": "Point", "coordinates": [ 5.745623, 50.964717 ] } },
{ "type": "Feature", "properties": { "dist": 0.358436, "ffreq2": 1, "ffreq3": 0 }, "geometry": { "type": "Point", "coordinates": [ 5.746192, 50.964715 ] } },
{ "type": "Feature", "properties": { "dist": 0.358436, "ffreq2": 1, "ffreq3": 0 }, "geometry": { "type": "Point", "coordinates": [ 5.746762, 50.964714 ] } },
{ "type": "Feature", "properties": { "dist": 0.358436, "ffreq2": 1, "ffreq3": 0 }, "geometry": { "type": "Point", "coordinates": [ 5.747331, 50.964712 ] } },
{ "type": "Feature", "properties": { "dist": 0.358453, "ffreq2": 1, "ffreq3": 0 }, "geometry": { "type": "Point", "coordinates": [ 5.747901, 50.96471 ] } },
{ "type": "Feature", "properties": { "dist": 0.358475, "ffreq2": 1, "ffreq3": 0 }, "geometry": { "type": "Point", "coordinates": [ 5.74847, 50.964708 ] } },
{ "type": "Feature", "properties": { "dist": 0.354883, "ffreq2": 1, "ffreq3": 0 }, "geometry": { "type": "Point", "coordinates": [ 5.749039, 50.964707 ] } },
{ "type": "Feature", "properties": { "dist": 0.0, "ffreq2": 0, "ffreq3": 0 }, "geometry": { "type": "Point", "coordinates": [ 5.723415, 50.964424 ] } },
{ "type": "Feature", "properties": { "dist": 0.0122243, "ffreq2": 0, "ffreq3": 0 }, "geometry": { "type": "Point", "coordinates": [ 5.723984, 50.964423 ] } },
{ "type": "Feature", "properties": { "dist": 0.0373395, "ffreq2": 0, "ffreq3": 0 }, "geometry": { "type": "Point", "coordinates": [ 5.724554, 50.964421 ] } },
{ "type": "Feature", "properties": { "dist": 0.0593662, "ffreq2": 1, "ffreq3": 0 }, "geometry": { "type": "Point", "coordinates": [ 5.725123, 50.964419 ] } },
{ "type": "Feature", "properties": { "dist": 0.0921516, "ffreq2": 1, "ffreq3": 0 }, "geometry": { "type": "Point", "coordinates": [ 5.725693, 50.964418 ] } },
{ "type": "Feature", "properties": { "dist": 0.119308, "ffreq2": 1, "ffreq3": 0 }, "geometry": { "type": "Point", "coordinates": [ 5.726262, 50.964416 ] } },
{ "type": "Feature", "properties": { "dist": 0.146576, "ffreq2": 1, "ffreq3": 0 }, "geometry": { "type": "Point", "coordinates": [ 5.726831, 50.964414 ] } },
{ "type": "Feature", "properties": { "dist": 0.168339, "ffreq2": 1, "ffreq3": 0 }, "geometry": { "type": "Point", "coordinates": [ 5.727401, 50.964413 ] } },
{ "type": "Feature", "properties": { "dist": 0.190094, "ffreq2": 1, "ffreq3": 0 }, "geometry": { "type": "Point", "coordinates": [ 5.72797, 50.964411 ] } },
{ "type": "Feature", "properties": { "dist": 0.211846, "ffreq2": 1, "ffreq3": 0 }, "geometry": { "type": "Point", "coordinates": [ 5.728539, 50.964409 ] } },
{ "type": "Feature", "properties": { "dist": 0.233596, "ffreq2": 0, "ffreq3": 0 }, "geometry": { "type": "Point", "coordinates": [ 5.729109, 50.964408 ] } },
{ "type": "Feature", "properties": { "dist": 0.266212, "ffreq2": 0, "ffreq3": 0 }, "geometry": { "type": "Point", "coordinates": [ 5.729678, 50.964406 ] } },
{ "type": "Feature", "properties": { "dist": 0.287966, "ffreq2": 0, "ffreq3": 0 }, "geometry": { "type": "Point", "coordinates": [ 5.730247, 50.964404 ] } },
{ "type": "Feature", "properties": { "dist": 0.30971, "ffreq2": 1, "ffreq3": 0 }, "geometry": { "type": "Point", "coordinates": [ 5.730817, 50.964402 ] } },
{ "type": "Feature", "properties": { "dist": 0.331454, "ffreq2": 0, "ffreq3": 1 }, "geometry": { "type": "Point", "coordinates": [ 5.731386, 50.964401 ] } },
{ "type": "Feature", "properties": { "dist": 0.353197, "ffreq2": 0, "ffreq3": 1 }, "geometry": { "type": "Point", "coordinates": [ 5.731956, 50.964399 ] } },
{ "type": "Feature", "properties": { "dist": 0.37494, "ffreq2": 1, "ffreq3": 0 }, "geometry": { "type": "Point", "coordinates": [ 5.732525, 50.964397 ] } },
{ "type": "Feature", "properties": { "dist": 0.396675, "ffreq2": 1, "ffreq3": 0 }, "geometry": { "type": "Point", "coordinates": [ 5.733094, 50.964396 ] } },
{ "type": "Feature", "properties": { "dist": 0.407547, "ffreq2": 1, "ffreq3": 0 }, "geometry": { "type": "Point", "coordinates": [ 5.733664, 50.964394 ] } },
{ "type": "Feature", "properties": { "dist": 0.423826, "ffreq2": 1, "ffreq3": 0 }, "geometry": { "type": "Point", "coordinates": [ 5.734233, 50.964392 ] } },
{ "type": "Feature", "properties": { "dist": 0.429295, "ffreq2": 1, "ffreq3": 0 }, "geometry": { "type": "Point", "coordinates": [ 5.734802, 50.964391 ] } },
{ "type": "Feature", "properties": { "dist": 0.451031, "ffreq2": 1, "ffreq3": 0 }, "geometry": { "type": "Point", "coordinates": [ 5.735372, 50.964389 ] } },
{ "type": "Feature", "properties": { "dist": 0.440167, "ffreq2": 1, "ffreq3": 0 }, "geometry": { "type": "Point", "coordinates": [ 5.735941, 50.964387 ] } },
{ "type": "Feature", "properties": { "dist": 0.418425, "ffreq2": 1, "ffreq3": 0 }, "geometry": { "type": "Point", "coordinates": [ 5.73651, 50.964385 ] } },
{ "type": "Feature", "properties": { "dist": 0.396683, "ffreq2": 1, "ffreq3": 0 }, "geometry": { "type": "Point", "coordinates": [ 5.73708, 50.964384 ] } },
{ "type": "Feature", "properties": { "dist": 0.38035, "ffreq2": 0, "ffreq3": 1 }, "geometry": { "type": "Point", "coordinates": [ 5.737649, 50.964382 ] } },
{ "type": "Feature", "properties": { "dist": 0.364064, "ffreq2": 0, "ffreq3": 1 }, "geometry": { "type": "Point", "coordinates": [ 5.738219, 50.96438 ] } },
{ "type": "Feature", "properties": { "dist": 0.342324, "ffreq2": 0, "ffreq3": 1 }, "geometry": { "type": "Point", "coordinates": [ 5.738788, 50.964379 ] } },
{ "type": "Feature", "properties": { "dist": 0.336851, "ffreq2": 0, "ffreq3": 1 }, "geometry": { "type": "Point", "coordinates": [ 5.739357, 50.964377 ] } },
{ "type": "Feature", "properties": { "dist": 0.331429, "ffreq2": 0, "ffreq3": 1 }, "geometry": { "type": "Point", "coordinates": [ 5.739927, 50.964375 ] } },
{ "type": "Feature", "properties": { "dist": 0.315116, "ffreq2": 0, "ffreq3": 1 }, "geometry": { "type": "Point", "coordinates": [ 5.740496, 50.964373 ] } },
{ "type": "Feature", "properties": { "dist": 0.315094, "ffreq2": 1, "ffreq3": 0 }, "geometry": { "type": "Point", "coordinates": [ 5.741065, 50.964372 ] } },
{ "type": "Feature", "properties": { "dist": 0.315072, "ffreq2": 1, "ffreq3": 0 }, "geometry": { "type": "Point", "coordinates": [ 5.741635, 50.96437 ] } },
{ "type": "Feature", "properties": { "dist": 0.31505, "ffreq2": 1, "ffreq3": 0 }, "geometry": { "type": "Point", "coordinates": [ 5.742204, 50.964368 ] } },
{ "type": "Feature", "properties": { "dist": 0.315028, "ffreq2": 1, "ffreq3": 0 }, "geometry": { "type": "Point", "coordinates": [ 5.742773, 50.964366 ] } },
{ "type": "Feature", "properties": { "dist": 0.315007, "ffreq2": 1, "ffreq3": 0 }, "geometry": { "type": "Point", "coordinates": [ 5.743343, 50.964365 ] } },
{ "type": "Feature", "properties": { "dist": 0.314985, "ffreq2": 1, "ffreq3": 0 }, "geometry": { "type": "Point", "coordinates": [ 5.743912, 50.964363 ] } },
{ "type": "Feature", "properties": { "dist": 0.314968, "ffreq2": 1, "ffreq3": 0 }, "geometry": { "type": "Point", "coordinates": [ 5.744482, 50.964361 ] } },
{ "type": "Feature", "properties": { "dist": 0.314968, "ffreq2": 1, "ffreq3": 0 }, "geometry": { "type": "Point", "coordinates": [ 5.745051, 50.964359 ] } },
{ "type": "Feature", "properties": { "dist": 0.314968, "ffreq2": 1, "ffreq3": 0 }, "geometry": { "type": "Point", "coordinates": [ 5.74562, 50.964358 ] } },
{ "type": "Feature", "properties": { "dist": 0.314968, "ffreq2": 1, "ffreq3": 0 }, "geometry": { "type": "Point", "coordinates": [ 5.74619, 50.964356 ] } },
{ "type": "Feature", "properties": { "dist": 0.314968, "ffreq2": 1, "ffreq3": 0 }, "geometry": { "type": "Point", "coordinates": [ 5.746759, 50.964354 ] } },
{ "type": "Feature", "properties": { "dist": 0.314968, "ffreq2": 1, "ffreq3": 0 }, "geometry": { "type": "Point", "coordinates": [ 5.747328, 50.964352 ] } },
{ "type": "Feature", "properties": { "dist": 0.314985, "ffreq2": 1, "ffreq3": 0 }, "geometry": { "type": "Point", "coordinates": [ 5.747898, 50.964351 ] } },
{ "type": "Feature", "properties": { "dist": 0.315007, "ffreq2": 1, "ffreq3": 0 }, "geometry": { "type": "Point", "coordinates": [ 5.748467, 50.964349 ] } },
{ "type": "Feature", "properties": { "dist": 0.315028, "ffreq2": 1, "ffreq3": 0 }, "geometry": { "type": "Point", "coordinates": [ 5.749036, 50.964347 ] } },
{ "type": "Feature", "properties": { "dist": 0.0, "ffreq2": 0, "ffreq3": 0 }, "geometry": { "type": "Point", "coordinates": [ 5.722843, 50.964066 ] } },
{ "type": "Feature", "properties": { "dist": 0.0122243, "ffreq2": 0, "ffreq3": 0 }, "geometry": { "type": "Point", "coordinates": [ 5.723412, 50.964065 ] } },
{ "type": "Feature", "properties": { "dist": 0.0373395, "ffreq2": 1, "ffreq3": 0 }, "geometry": { "type": "Point", "coordinates": [ 5.723982, 50.964063 ] } },
{ "type": "Feature", "properties": { "dist": 0.0593662, "ffreq2": 1, "ffreq3": 0 }, "geometry": { "type": "Point", "coordinates": [ 5.724551, 50.964061 ] } },
{ "type": "Feature", "properties": { "dist": 0.0812247, "ffreq2": 1, "ffreq3": 0 }, "geometry": { "type": "Point", "coordinates": [ 5.725121, 50.96406 ] } },
{ "type": "Feature", "properties": { "dist": 0.103029, "ffreq2": 1, "ffreq3": 0 }, "geometry": { "type": "Point", "coordinates": [ 5.72569, 50.964058 ] } },
{ "type": "Feature", "properties": { "dist": 0.1357, "ffreq2": 1, "ffreq3": 0 }, "geometry": { "type": "Point", "coordinates": [ 5.726259, 50.964056 ] } },
{ "type": "Feature", "properties": { "dist": 0.162853, "ffreq2": 1, "ffreq3": 0 }, "geometry": { "type": "Point", "coordinates": [ 5.726829, 50.964055 ] } },
{ "type": "Feature", "properties": { "dist": 0.190091, "ffreq2": 1, "ffreq3": 0 }, "geometry": { "type": "Point", "coordinates": [ 5.727398, 50.964053 ] } },
{ "type": "Feature", "properties": { "dist": 0.211846, "ffreq2": 1, "ffreq3": 0 }, "geometry": { "type": "Point", "coordinates": [ 5.727967, 50.964051 ] } },
{ "type": "Feature", "properties": { "dist": 0.233596, "ffreq2": 1, "ffreq3": 0 }, "geometry": { "type": "Point", "coordinates": [ 5.728537, 50.96405 ] } },
{ "type": "Feature", "properties": { "dist": 0.255343, "ffreq2": 0, "ffreq3": 1 }, "geometry": { "type": "Point", "coordinates": [ 5.729106, 50.964048 ] } },
{ "type": "Feature", "properties": { "dist": 0.27709, "ffreq2": 0, "ffreq3": 0 }, "geometry": { "type": "Point", "coordinates": [ 5.729675, 50.964046 ] } },
{ "type": "Feature", "properties": { "dist": 0.309702, "ffreq2": 0, "ffreq3": 1 }, "geometry": { "type": "Point", "coordinates": [ 5.730245, 50.964045 ] } },
{ "type": "Feature", "properties": { "dist": 0.331454, "ffreq2": 0, "ffreq3": 1 }, "geometry": { "type": "Point", "coordinates": [ 5.730814, 50.964043 ] } },
{ "type": "Feature", "properties": { "dist": 0.353197, "ffreq2": 0, "ffreq3": 1 }, "geometry": { "type": "Point", "coordinates": [ 5.731384, 50.964041 ] } },
{ "type": "Feature", "properties": { "dist": 0.37494, "ffreq2": 0, "ffreq3": 1 }, "geometry": { "type": "Point", "coordinates": [ 5.731953, 50.96404 ] } },
{ "type": "Feature", "properties": { "dist": 0.396683, "ffreq2": 0, "ffreq3": 1 }, "geometry": { "type": "Point", "coordinates": [ 5.732522, 50.964038 ] } },
{ "type": "Feature", "properties": { "dist": 0.418425, "ffreq2": 1, "ffreq3": 0 }, "geometry": { "type": "Point", "coordinates": [ 5.733092, 50.964036 ] } },
{ "type": "Feature", "properties": { "dist": 0.440159, "ffreq2": 1, "ffreq3": 0 }, "geometry": { "type": "Point", "coordinates": [ 5.733661, 50.964034 ] } },
{ "type": "Feature", "properties": { "dist": 0.451031, "ffreq2": 1, "ffreq3": 0 }, "geometry": { "type": "Point", "coordinates": [ 5.73423, 50.964033 ] } },
{ "type": "Feature", "properties": { "dist": 0.456516, "ffreq2": 1, "ffreq3": 0 }, "geometry": { "type": "Point", "coordinates": [ 5.7348, 50.964031 ] } },
{ "type": "Feature", "properties": { "dist": 0.440167, "ffreq2": 1, "ffreq3": 0 }, "geometry": { "type": "Point", "coordinates": [ 5.735369, 50.964029 ] } },
{ "type": "Feature", "properties": { "dist": 0.418425, "ffreq2": 1, "ffreq3": 0 }, "geometry": { "type": "Point", "coordinates": [ 5.735938, 50.964028 ] } },
{ "type": "Feature", "properties": { "dist": 0.396683, "ffreq2": 1, "ffreq3": 0 }, "geometry": { "type": "Point", "coordinates": [ 5.736508, 50.964026 ] } },
{ "type": "Feature", "properties": { "dist": 0.37494, "ffreq2": 1, "ffreq3": 0 }, "geometry": { "type": "Point", "coordinates": [ 5.737077, 50.964024 ] } },
{ "type": "Feature", "properties": { "dist": 0.353197, "ffreq2": 1, "ffreq3": 0 }, "geometry": { "type": "Point", "coordinates": [ 5.737646, 50.964022 ] } },
{ "type": "Feature", "properties": { "dist": 0.336861, "ffreq2": 1, "ffreq3": 0 }, "geometry": { "type": "Point", "coordinates": [ 5.738216, 50.964021 ] } },
{ "type": "Feature", "properties": { "dist": 0.320577, "ffreq2": 1, "ffreq3": 0 }, "geometry": { "type": "Point", "coordinates": [ 5.738785, 50.964019 ] } },
{ "type": "Feature", "properties": { "dist": 0.298835, "ffreq2": 1, "ffreq3": 0 }, "geometry": { "type": "Point", "coordinates": [ 5.739355, 50.964017 ] } },
{ "type": "Feature", "properties": { "dist": 0.293359, "ffreq2": 1, "ffreq3": 0 }, "geometry": { "type": "Point", "coordinates": [ 5.739924, 50.964016 ] } },
{ "type": "Feature", "properties": { "dist": 0.287941, "ffreq2": 1, "ffreq3": 0 }, "geometry": { "type": "Point", "coordinates": [ 5.740493, 50.964014 ] } },
{ "type": "Feature", "properties": { "dist": 0.271622, "ffreq2": 1, "ffreq3": 0 }, "geometry": { "type": "Point", "coordinates": [ 5.741063, 50.964012 ] } },
{ "type": "Feature", "properties": { "dist": 0.2716, "ffreq2": 1, "ffreq3": 0 }, "geometry": { "type": "Point", "coordinates": [ 5.741632, 50.96401 ] } },
{ "type": "Feature", "properties": { "dist": 0.271579, "ffreq2": 1, "ffreq3": 0 }, "geometry": { "type": "Point", "coordinates": [ 5.742201, 50.964009 ] } },
{ "type": "Feature", "properties": { "dist": 0.271557, "ffreq2": 1, "ffreq3": 0 }, "geometry": { "type": "Point", "coordinates": [ 5.742771, 50.964007 ] } },
{ "type": "Feature", "properties": { "dist": 0.271535, "ffreq2": 1, "ffreq3": 0 }, "geometry": { "type": "Point", "coordinates": [ 5.74334, 50.964005 ] } },
{ "type": "Feature", "properties": { "dist": 0.271513, "ffreq2": 1, "ffreq3": 0 }, "geometry": { "type": "Point", "coordinates": [ 5.743909, 50.964003 ] } },
{ "type": "Feature", "properties": { "dist": 0.271496, "ffreq2": 1, "ffreq3": 0 }, "geometry": { "type": "Point", "coordinates": [ 5.744479, 50.964002 ] } },
{ "type": "Feature", "properties": { "dist": 0.271496, "ffreq2": 1, "ffreq3": 0 }, "geometry": { "type": "Point", "coordinates": [ 5.745048, 50.964 ] } },
{ "type": "Feature", "properties": { "dist": 0.271496, "ffreq2": 1, "ffreq3": 0 }, "geometry": { "type": "Point", "coordinates": [ 5.745618, 50.963998 ] } },
{ "type": "Feature", "properties": { "dist": 0.271496, "ffreq2": 1, "ffreq3": 0 }, "geometry": { "type": "Point", "coordinates": [ 5.746187, 50.963996 ] } },
{ "type": "Feature", "properties": { "dist": 0.271496, "ffreq2": 1, "ffreq3": 0 }, "geometry": { "type": "Point", "coordinates": [ 5.746756, 50.963995 ] } },
{ "type": "Feature", "properties": { "dist": 0.271496, "ffreq2": 1, "ffreq3": 0 }, "geometry": { "type": "Point", "coordinates": [ 5.747326, 50.963993 ] } },
{ "type": "Feature", "properties": { "dist": 0.271513, "ffreq2": 1, "ffreq3": 0 }, "geometry": { "type": "Point", "coordinates": [ 5.747895, 50.963991 ] } },
{ "type": "Feature", "properties": { "dist": 0.271535, "ffreq2": 1, "ffreq3": 0 }, "geometry": { "type": "Point", "coordinates": [ 5.748464, 50.963989 ] } },
{ "type": "Feature", "properties": { "dist": 0.271557, "ffreq2": 1, "ffreq3": 0 }, "geometry": { "type": "Point", "coordinates": [ 5.749034, 50.963987 ] } },
{ "type": "Feature", "properties": { "dist": 0.271573, "ffreq2": 1, "ffreq3": 0 }, "geometry": { "type": "Point", "coordinates": [ 5.749603, 50.963986 ] } },
{ "type": "Feature", "properties": { "dist": 0.0, "ffreq2": 0, "ffreq3": 0 }, "geometry": { "type": "Point", "coordinates": [ 5.722271, 50.963708 ] } },
{ "type": "Feature", "properties": { "dist": 0.0054321, "ffreq2": 0, "ffreq3": 0 }, "geometry": { "type": "Point", "coordinates": [ 5.72284, 50.963707 ] } },
{ "type": "Feature", "properties": { "dist": 0.0373369, "ffreq2": 0, "ffreq3": 0 }, "geometry": { "type": "Point", "coordinates": [ 5.72341, 50.963705 ] } },
{ "type": "Feature", "properties": { "dist": 0.0593662, "ffreq2": 1, "ffreq3": 0 }, "geometry": { "type": "Point", "coordinates": [ 5.723979, 50.963703 ] } },
{ "type": "Feature", "properties": { "dist": 0.0812247, "ffreq2": 1, "ffreq3": 0 }, "geometry": { "type": "Point", "coordinates": [ 5.724549, 50.963702 ] } },
{ "type": "Feature", "properties": { "dist": 0.103029, "ffreq2": 1, "ffreq3": 0 }, "geometry": { "type": "Point", "coordinates": [ 5.725118, 50.9637 ] } },
{ "type": "Feature", "properties": { "dist": 0.12481, "ffreq2": 1, "ffreq3": 0 }, "geometry": { "type": "Point", "coordinates": [ 5.725687, 50.963698 ] } },
{ "type": "Feature", "properties": { "dist": 0.146578, "ffreq2": 1, "ffreq3": 0 }, "geometry": { "type": "Point", "coordinates": [ 5.726257, 50.963697 ] } },
{ "type": "Feature", "properties": { "dist": 0.179216, "ffreq2": 1, "ffreq3": 0 }, "geometry": { "type": "Point", "coordinates": [ 5.726826, 50.963695 ] } },
{ "type": "Feature", "properties": { "dist": 0.20637, "ffreq2": 1, "ffreq3": 0 }, "geometry": { "type": "Point", "coordinates": [ 5.727395, 50.963693 ] } },
{ "type": "Feature", "properties": { "dist": 0.233593, "ffreq2": 0, "ffreq3": 1 }, "geometry": { "type": "Point", "coordinates": [ 5.727965, 50.963692 ] } },
{ "type": "Feature", "properties": { "dist": 0.255343, "ffreq2": 0, "ffreq3": 1 }, "geometry": { "type": "Point", "coordinates": [ 5.728534, 50.96369 ] } },
{ "type": "Feature", "properties": { "dist": 0.27709, "ffreq2": 0, "ffreq3": 0 }, "geometry": { "type": "Point", "coordinates": [ 5.729103, 50.963688 ] } },
{ "type": "Feature", "properties": { "dist": 0.298835, "ffreq2": 0, "ffreq3": 0 }, "geometry": { "type": "Point", "coordinates": [ 5.729673, 50.963687 ] } },
{ "type": "Feature", "properties": { "dist": 0.32058, "ffreq2": 0, "ffreq3": 1 }, "geometry": { "type": "Point", "coordinates": [ 5.730242, 50.963685 ] } },
{ "type": "Feature", "properties": { "dist": 0.353189, "ffreq2": 0, "ffreq3": 1 }, "geometry": { "type": "Point", "coordinates": [ 5.730811, 50.963683 ] } },
{ "type": "Feature", "properties": { "dist": 0.37494, "ffreq2": 0, "ffreq3": 1 }, "geometry": { "type": "Point", "coordinates": [ 5.731381, 50.963682 ] } },
{ "type": "Feature", "properties": { "dist": 0.396683, "ffreq2": 0, "ffreq3": 1 }, "geometry": { "type": "Point", "coordinates": [ 5.73195, 50.96368 ] } },
{ "type": "Feature", "properties": { "dist": 0.418425, "ffreq2": 0, "ffreq3": 1 }, "geometry": { "type": "Point", "coordinates": [ 5.73252, 50.963678 ] } },
{ "type": "Feature", "properties": { "dist": 0.440167, "ffreq2": 1, "ffreq3": 0 }, "geometry": { "type": "Point", "coordinates": [ 5.733089, 50.963677 ] } },
{ "type": "Feature", "properties": { "dist": 0.461908, "ffreq2": 1, "ffreq3": 0 }, "geometry": { "type": "Point", "coordinates": [ 5.733658, 50.963675 ] } },
{ "type": "Feature", "properties": { "dist": 0.461906, "ffreq2": 1, "ffreq3": 0 }, "geometry": { "type": "Point", "coordinates": [ 5.734228, 50.963673 ] } },
{ "type": "Feature", "properties": { "dist": 0.440167, "ffreq2": 1, "ffreq3": 0 }, "geometry": { "type": "Point", "coordinates": [ 5.734797, 50.963671 ] } },
{ "type": "Feature", "properties": { "dist": 0.418425, "ffreq2": 1, "ffreq3": 0 }, "geometry": { "type": "Point", "coordinates": [ 5.735366, 50.96367 ] } },
{ "type": "Feature", "properties": { "dist": 0.396683, "ffreq2": 1, "ffreq3": 0 }, "geometry": { "type": "Point", "coordinates": [ 5.735936, 50.963668 ] } },
{ "type": "Feature", "properties": { "dist": 0.37494, "ffreq2": 1, "ffreq3": 0 }, "geometry": { "type": "Point", "coordinates": [ 5.736505, 50.963666 ] } },
{ "type": "Feature", "properties": { "dist": 0.353197, "ffreq2": 1, "ffreq3": 0 }, "geometry": { "type": "Point", "coordinates": [ 5.737074, 50.963665 ] } },
{ "type": "Feature", "properties": { "dist": 0.331454, "ffreq2": 1, "ffreq3": 0 }, "geometry": { "type": "Point", "coordinates": [ 5.737644, 50.963663 ] } },
{ "type": "Feature", "properties": { "dist": 0.30971, "ffreq2": 1, "ffreq3": 0 }, "geometry": { "type": "Point", "coordinates": [ 5.738213, 50.963661 ] } },
{ "type": "Feature", "properties": { "dist": 0.29337, "ffreq2": 1, "ffreq3": 0 }, "geometry": { "type": "Point", "coordinates": [ 5.738782, 50.963659 ] } },
{ "type": "Feature", "properties": { "dist": 0.277087, "ffreq2": 1, "ffreq3": 0 }, "geometry": { "type": "Point", "coordinates": [ 5.739352, 50.963658 ] } },
{ "type": "Feature", "properties": { "dist": 0.255343, "ffreq2": 1, "ffreq3": 0 }, "geometry": { "type": "Point", "coordinates": [ 5.739921, 50.963656 ] } },
{ "type": "Feature", "properties": { "dist": 0.249863, "ffreq2": 1, "ffreq3": 0 }, "geometry": { "type": "Point", "coordinates": [ 5.740491, 50.963654 ] } },
{ "type": "Feature", "properties": { "dist": 0.244449, "ffreq2": 1, "ffreq3": 0 }, "geometry": { "type": "Point", "coordinates": [ 5.74106, 50.963653 ] } },
{ "type": "Feature", "properties": { "dist": 0.228123, "ffreq2": 1, "ffreq3": 0 }, "geometry": { "type": "Point", "coordinates": [ 5.741629, 50.963651 ] } },
{ "type": "Feature", "properties": { "dist": 0.228101, "ffreq2": 1, "ffreq3": 0 }, "geometry": { "type": "Point", "coordinates": [ 5.742199, 50.963649 ] } },
{ "type": "Feature", "properties": { "dist": 0.228079, "ffreq2": 1, "ffreq3": 0 }, "geometry": { "type": "Point", "coordinates": [ 5.742768, 50.963647 ] } },
{ "type": "Feature", "properties": { "dist": 0.228057, "ffreq2": 1, "ffreq3": 0 }, "geometry": { "type": "Point", "coordinates": [ 5.743337, 50.963646 ] } },
{ "type": "Feature", "properties": { "dist": 0.228035, "ffreq2": 1, "ffreq3": 0 }, "geometry": { "type": "Point", "coordinates": [ 5.743907, 50.963644 ] } },
{ "type": "Feature", "properties": { "dist": 0.228019, "ffreq2": 1, "ffreq3": 0 }, "geometry": { "type": "Point", "coordinates": [ 5.744476, 50.963642 ] } },
{ "type": "Feature", "properties": { "dist": 0.228019, "ffreq2": 1, "ffreq3": 0 }, "geometry": { "type": "Point", "coordinates": [ 5.745045, 50.96364 ] } },
{ "type": "Feature", "properties": { "dist": 0.228019, "ffreq2": 1, "ffreq3": 0 }, "geometry": { "type": "Point", "coordinates": [ 5.745615, 50.963639 ] } },
{ "type": "Feature", "properties": { "dist": 0.228019, "ffreq2": 1, "ffreq3": 0 }, "geometry": { "type": "Point", "coordinates": [ 5.746184, 50.963637 ] } },
{ "type": "Feature", "properties": { "dist": 0.228019, "ffreq2": 1, "ffreq3": 0 }, "geometry": { "type": "Point", "coordinates": [ 5.746753, 50.963635 ] } },
{ "type": "Feature", "properties": { "dist": 0.228019, "ffreq2": 1, "ffreq3": 0 }, "geometry": { "type": "Point", "coordinates": [ 5.747323, 50.963633 ] } },
{ "type": "Feature", "properties": { "dist": 0.228035, "ffreq2": 1, "ffreq3": 0 }, "geometry": { "type": "Point", "coordinates": [ 5.747892, 50.963631 ] } },
{ "type": "Feature", "properties": { "dist": 0.228057, "ffreq2": 1, "ffreq3": 0 }, "geometry": { "type": "Point", "coordinates": [ 5.748461, 50.96363 ] } },
{ "type": "Feature", "properties": { "dist": 0.228079, "ffreq2": 1, "ffreq3": 0 }, "geometry": { "type": "Point", "coordinates": [ 5.749031, 50.963628 ] } },
{ "type": "Feature", "properties": { "dist": 0.228101, "ffreq2": 1, "ffreq3": 0 }, "geometry": { "type": "Point", "coordinates": [ 5.7496, 50.963626 ] } },
{ "type": "Feature", "properties": { "dist": 0.00135803, "ffreq2": 0, "ffreq3": 0 }, "geometry": { "type": "Point", "coordinates": [ 5.722269, 50.963349 ] } },
{ "type": "Feature", "properties": { "dist": 0.0264697, "ffreq2": 0, "ffreq3": 0 }, "geometry": { "type": "Point", "coordinates": [ 5.722838, 50.963347 ] } },
{ "type": "Feature", "properties": { "dist": 0.0537889, "ffreq2": 1, "ffreq3": 0 }, "geometry": { "type": "Point", "coordinates": [ 5.723407, 50.963346 ] } },
{ "type": "Feature", "properties": { "dist": 0.081222, "ffreq2": 1, "ffreq3": 0 }, "geometry": { "type": "Point", "coordinates": [ 5.723977, 50.963344 ] } },
{ "type": "Feature", "properties": { "dist": 0.103029, "ffreq2": 1, "ffreq3": 0 }, "geometry": { "type": "Point", "coordinates": [ 5.724546, 50.963342 ] } },
{ "type": "Feature", "properties": { "dist": 0.12481, "ffreq2": 1, "ffreq3": 0 }, "geometry": { "type": "Point", "coordinates": [ 5.725115, 50.963341 ] } },
{ "type": "Feature", "properties": { "dist": 0.146578, "ffreq2": 1, "ffreq3": 0 }, "geometry": { "type": "Point", "coordinates": [ 5.725685, 50.963339 ] } },
{ "type": "Feature", "properties": { "dist": 0.168339, "ffreq2": 1, "ffreq3": 0 }, "geometry": { "type": "Point", "coordinates": [ 5.726254, 50.963337 ] } },
{ "type": "Feature", "properties": { "dist": 0.190094, "ffreq2": 0, "ffreq3": 1 }, "geometry": { "type": "Point", "coordinates": [ 5.726823, 50.963336 ] } },
{ "type": "Feature", "properties": { "dist": 0.222718, "ffreq2": 0, "ffreq3": 1 }, "geometry": { "type": "Point", "coordinates": [ 5.727393, 50.963334 ] } },
{ "type": "Feature", "properties": { "dist": 0.249874, "ffreq2": 0, "ffreq3": 1 }, "geometry": { "type": "Point", "coordinates": [ 5.727962, 50.963332 ] } },
{ "type": "Feature", "properties": { "dist": 0.277087, "ffreq2": 0, "ffreq3": 1 }, "geometry": { "type": "Point", "coordinates": [ 5.728531, 50.963331 ] } },
{ "type": "Feature", "properties": { "dist": 0.298835, "ffreq2": 0, "ffreq3": 1 }, "geometry": { "type": "Point", "coordinates": [ 5.729101, 50.963329 ] } },
{ "type": "Feature", "properties": { "dist": 0.32058, "ffreq2": 0, "ffreq3": 1 }, "geometry": { "type": "Point", "coordinates": [ 5.72967, 50.963327 ] } },
{ "type": "Feature", "properties": { "dist": 0.342324, "ffreq2": 1, "ffreq3": 0 }, "geometry": { "type": "Point", "coordinates": [ 5.730239, 50.963326 ] } },
{ "type": "Feature", "properties": { "dist": 0.364067, "ffreq2": 1, "ffreq3": 0 }, "geometry": { "type": "Point", "coordinates": [ 5.730809, 50.963324 ] } },
{ "type": "Feature", "properties": { "dist": 0.396675, "ffreq2": 0, "ffreq3": 1 }, "geometry": { "type": "Point", "coordinates": [ 5.731378, 50.963322 ] } },
{ "type": "Feature", "properties": { "dist": 0.418425, "ffreq2": 0, "ffreq3": 1 }, "geometry": { "type": "Point", "coordinates": [ 5.731948, 50.96332 ] } },
{ "type": "Feature", "properties": { "dist": 0.440167, "ffreq2": 0, "ffreq3": 1 }, "geometry": { "type": "Point", "coordinates": [ 5.732517, 50.963319 ] } },
{ "type": "Feature", "properties": { "dist": 0.461908, "ffreq2": 0, "ffreq3": 1 }, "geometry": { "type": "Point", "coordinates": [ 5.733086, 50.963317 ] } },
{ "type": "Feature", "properties": { "dist": 0.472773, "ffreq2": 0, "ffreq3": 1 }, "geometry": { "type": "Point", "coordinates": [ 5.733656, 50.963315 ] } },
{ "type": "Feature", "properties": { "dist": 0.44558, "ffreq2": 1, "ffreq3": 0 }, "geometry": { "type": "Point", "coordinates": [ 5.734225, 50.963314 ] } },
{ "type": "Feature", "properties": { "dist": 0.418425, "ffreq2": 1, "ffreq3": 0 }, "geometry": { "type": "Point", "coordinates": [ 5.734794, 50.963312 ] } },
{ "type": "Feature", "properties": { "dist": 0.396683, "ffreq2": 1, "ffreq3": 0 }, "geometry": { "type": "Point", "coordinates": [ 5.735364, 50.96331 ] } },
{ "type": "Feature", "properties": { "dist": 0.37494, "ffreq2": 1, "ffreq3": 0 }, "geometry": { "type": "Point", "coordinates": [ 5.735933, 50.963309 ] } },
{ "type": "Feature", "properties": { "dist": 0.353197, "ffreq2": 1, "ffreq3": 0 }, "geometry": { "type": "Point", "coordinates": [ 5.736502, 50.963307 ] } },
{ "type": "Feature", "properties": { "dist": 0.331454, "ffreq2": 1, "ffreq3": 0 }, "geometry": { "type": "Point", "coordinates": [ 5.737072, 50.963305 ] } },
{ "type": "Feature", "properties": { "dist": 0.30971, "ffreq2": 1, "ffreq3": 0 }, "geometry": { "type": "Point", "coordinates": [ 5.737641, 50.963303 ] } },
{ "type": "Feature", "properties": { "dist": 0.287966, "ffreq2": 1, "ffreq3": 0 }, "geometry": { "type": "Point", "coordinates": [ 5.73821, 50.963302 ] } },
{ "type": "Feature", "properties": { "dist": 0.26622, "ffreq2": 1, "ffreq3": 0 }, "geometry": { "type": "Point", "coordinates": [ 5.73878, 50.9633 ] } },
{ "type": "Feature", "properties": { "dist": 0.249874, "ffreq2": 1, "ffreq3": 0 }, "geometry": { "type": "Point", "coordinates": [ 5.739349, 50.963298 ] } },
{ "type": "Feature", "properties": { "dist": 0.233593, "ffreq2": 1, "ffreq3": 0 }, "geometry": { "type": "Point", "coordinates": [ 5.739918, 50.963296 ] } },
{ "type": "Feature", "properties": { "dist": 0.211846, "ffreq2": 1, "ffreq3": 0 }, "geometry": { "type": "Point", "coordinates": [ 5.740488, 50.963295 ] } },
{ "type": "Feature", "properties": { "dist": 0.206359, "ffreq2": 1, "ffreq3": 0 }, "geometry": { "type": "Point", "coordinates": [ 5.741057, 50.963293 ] } },
{ "type": "Feature", "properties": { "dist": 0.200952, "ffreq2": 1, "ffreq3": 0 }, "geometry": { "type": "Point", "coordinates": [ 5.741626, 50.963291 ] } },
{ "type": "Feature", "properties": { "dist": 0.184614, "ffreq2": 1, "ffreq3": 0 }, "geometry": { "type": "Point", "coordinates": [ 5.742196, 50.963289 ] } },
{ "type": "Feature", "properties": { "dist": 0.184592, "ffreq2": 1, "ffreq3": 0 }, "geometry": { "type": "Point", "coordinates": [ 5.742765, 50.963288 ] } },
{ "type": "Feature", "properties": { "dist": 0.18457, "ffreq2": 1, "ffreq3": 0 }, "geometry": { "type": "Point", "coordinates": [ 5.743335, 50.963286 ] } },
{ "type": "Feature", "properties": { "dist": 0.184548, "ffreq2": 1, "ffreq3": 0 }, "geometry": { "type": "Point", "coordinates": [ 5.743904, 50.963284 ] } },
{ "type": "Feature", "properties": { "dist": 0.184532, "ffreq2": 1, "ffreq3": 0 }, "geometry": { "type": "Point", "coordinates": [ 5.744473, 50.963282 ] } },
{ "type": "Feature", "properties": { "dist": 0.184532, "ffreq2": 1, "ffreq3": 0 }, "geometry": { "type": "Point", "coordinates": [ 5.745043, 50.963281 ] } },
{ "type": "Feature", "properties": { "dist": 0.184532, "ffreq2": 1, "ffreq3": 0 }, "geometry": { "type": "Point", "coordinates": [ 5.745612, 50.963279 ] } },
{ "type": "Feature", "properties": { "dist": 0.184532, "ffreq2": 1, "ffreq3": 0 }, "geometry": { "type": "Point", "coordinates": [ 5.746181, 50.963277 ] } },
{ "type": "Feature", "properties": { "dist": 0.184532, "ffreq2": 1, "ffreq3": 0 }, "geometry": { "type": "Point", "coordinates": [ 5.746751, 50.963275 ] } },
{ "type": "Feature", "properties": { "dist": 0.184532, "ffreq2": 1, "ffreq3": 0 }, "geometry": { "type": "Point", "coordinates": [ 5.74732, 50.963274 ] } },
{ "type": "Feature", "properties": { "dist": 0.184548, "ffreq2": 0, "ffreq3": 0 }, "geometry": { "type": "Point", "coordinates": [ 5.747889, 50.963272 ] } },
{ "type": "Feature", "properties": { "dist": 0.18457, "ffreq2": 1, "ffreq3": 0 }, "geometry": { "type": "Point", "coordinates": [ 5.748459, 50.96327 ] } },
{ "type": "Feature", "properties": { "dist": 0.184592, "ffreq2": 1, "ffreq3": 0 }, "geometry": { "type": "Point", "coordinates": [ 5.749028, 50.963268 ] } },
{ "type": "Feature", "properties": { "dist": 0.184614, "ffreq2": 1, "ffreq3": 0 }, "geometry": { "type": "Point", "coordinates": [ 5.749597, 50.963267 ] } },
{ "type": "Feature", "properties": { "dist": 0.195638, "ffreq2": 1, "ffreq3": 0 }, "geometry": { "type": "Point", "coordinates": [ 5.750167, 50.963265 ] } },
{ "type": "Feature", "properties": { "dist": 0.0, "ffreq2": 0, "ffreq3": 0 }, "geometry": { "type": "Point", "coordinates": [ 5.721697, 50.962991 ] } },
{ "type": "Feature", "properties": { "dist": 0.0122243, "ffreq2": 0, "ffreq3": 0 }, "geometry": { "type": "Point", "coordinates": [ 5.722266, 50.962989 ] } },
{ "type": "Feature", "properties": { "dist": 0.0484884, "ffreq2": 0, "ffreq3": 0 }, "geometry": { "type": "Point", "coordinates": [ 5.722835, 50.962988 ] } },
{ "type": "Feature", "properties": { "dist": 0.070355, "ffreq2": 1, "ffreq3": 0 }, "geometry": { "type": "Point", "coordinates": [ 5.723405, 50.962986 ] } },
{ "type": "Feature", "properties": { "dist": 0.0975136, "ffreq2": 1, "ffreq3": 0 }, "geometry": { "type": "Point", "coordinates": [ 5.723974, 50.962984 ] } },
{ "type": "Feature", "properties": { "dist": 0.124808, "ffreq2": 1, "ffreq3": 0 }, "geometry": { "type": "Point", "coordinates": [ 5.724543, 50.962983 ] } },
{ "type": "Feature", "properties": { "dist": 0.146578, "ffreq2": 1, "ffreq3": 0 }, "geometry": { "type": "Point", "coordinates": [ 5.725113, 50.962981 ] } },
{ "type": "Feature", "properties": { "dist": 0.168339, "ffreq2": 1, "ffreq3": 0 }, "geometry": { "type": "Point", "coordinates": [ 5.725682, 50.962979 ] } },
{ "type": "Feature", "properties": { "dist": 0.190094, "ffreq2": 1, "ffreq3": 0 }, "geometry": { "type": "Point", "coordinates": [ 5.726251, 50.962978 ] } },
{ "type": "Feature", "properties": { "dist": 0.211846, "ffreq2": 0, "ffreq3": 1 }, "geometry": { "type": "Point", "coordinates": [ 5.726821, 50.962976 ] } },
{ "type": "Feature", "properties": { "dist": 0.233596, "ffreq2": 0, "ffreq3": 1 }, "geometry": { "type": "Point", "coordinates": [ 5.72739, 50.962974 ] } },
{ "type": "Feature", "properties": { "dist": 0.266212, "ffreq2": 0, "ffreq3": 1 }, "geometry": { "type": "Point", "coordinates": [ 5.727959, 50.962973 ] } },
{ "type": "Feature", "properties": { "dist": 0.29337, "ffreq2": 0, "ffreq3": 1 }, "geometry": { "type": "Point", "coordinates": [ 5.728529, 50.962971 ] } },
{ "type": "Feature", "properties": { "dist": 0.320577, "ffreq2": 1, "ffreq3": 0 }, "geometry": { "type": "Point", "coordinates": [ 5.729098, 50.962969 ] } },
{ "type": "Feature", "properties": { "dist": 0.342324, "ffreq2": 1, "ffreq3": 0 }, "geometry": { "type": "Point", "coordinates": [ 5.729667, 50.962968 ] } },
{ "type": "Feature", "properties": { "dist": 0.364067, "ffreq2": 0, "ffreq3": 1 }, "geometry": { "type": "Point", "coordinates": [ 5.730237, 50.962966 ] } },
{ "type": "Feature", "properties": { "dist": 0.38581, "ffreq2": 0, "ffreq3": 1 }, "geometry": { "type": "Point", "coordinates": [ 5.730806, 50.962964 ] } },
{ "type": "Feature", "properties": { "dist": 0.407552, "ffreq2": 1, "ffreq3": 0 }, "geometry": { "type": "Point", "coordinates": [ 5.731375, 50.962963 ] } },
{ "type": "Feature", "properties": { "dist": 0.440159, "ffreq2": 0, "ffreq3": 1 }, "geometry": { "type": "Point", "coordinates": [ 5.731945, 50.962961 ] } },
{ "type": "Feature", "properties": { "dist": 0.461908, "ffreq2": 0, "ffreq3": 1 }, "geometry": { "type": "Point", "coordinates": [ 5.732514, 50.962959 ] } },
{ "type": "Feature", "properties": { "dist": 0.478255, "ffreq2": 0, "ffreq3": 1 }, "geometry": { "type": "Point", "coordinates": [ 5.733084, 50.962958 ] } },
{ "type": "Feature", "properties": { "dist": 0.451037, "ffreq2": 0, "ffreq3": 1 }, "geometry": { "type": "Point", "coordinates": [ 5.733653, 50.962956 ] } },
{ "type": "Feature", "properties": { "dist": 0.429292, "ffreq2": 1, "ffreq3": 0 }, "geometry": { "type": "Point", "coordinates": [ 5.734222, 50.962954 ] } },
{ "type": "Feature", "properties": { "dist": 0.402094, "ffreq2": 1, "ffreq3": 0 }, "geometry": { "type": "Point", "coordinates": [ 5.734792, 50.962952 ] } },
{ "type": "Feature", "properties": { "dist": 0.37494, "ffreq2": 1, "ffreq3": 0 }, "geometry": { "type": "Point", "coordinates": [ 5.735361, 50.962951 ] } },
{ "type": "Feature", "properties": { "dist": 0.353197, "ffreq2": 1, "ffreq3": 0 }, "geometry": { "type": "Point", "coordinates": [ 5.73593, 50.962949 ] } },
{ "type": "Feature", "properties": { "dist": 0.331454, "ffreq2": 1, "ffreq3": 0 }, "geometry": { "type": "Point", "coordinates": [ 5.7365, 50.962947 ] } },
{ "type": "Feature", "properties": { "dist": 0.30971, "ffreq2": 1, "ffreq3": 0 }, "geometry": { "type": "Point", "coordinates": [ 5.737069, 50.962946 ] } },
{ "type": "Feature", "properties": { "dist": 0.287966, "ffreq2": 1, "ffreq3": 0 }, "geometry": { "type": "Point", "coordinates": [ 5.737638, 50.962944 ] } },
{ "type": "Feature", "properties": { "dist": 0.26622, "ffreq2": 1, "ffreq3": 0 }, "geometry": { "type": "Point", "coordinates": [ 5.738208, 50.962942 ] } },
{ "type": "Feature", "properties": { "dist": 0.244474, "ffreq2": 1, "ffreq3": 0 }, "geometry": { "type": "Point", "coordinates": [ 5.738777, 50.96294 ] } },
{ "type": "Feature", "properties": { "dist": 0.222726, "ffreq2": 1, "ffreq3": 0 }, "geometry": { "type": "Point", "coordinates": [ 5.739346, 50.962939 ] } },
{ "type": "Feature", "properties": { "dist": 0.20637, "ffreq2": 1, "ffreq3": 0 }, "geometry": { "type": "Point", "coordinates": [ 5.739916, 50.962937 ] } },
{ "type": "Feature", "properties": { "dist": 0.190091, "ffreq2": 1, "ffreq3": 0 }, "geometry": { "type": "Point", "coordinates": [ 5.740485, 50.962935 ] } },
{ "type": "Feature", "properties": { "dist": 0.168339, "ffreq2": 1, "ffreq3": 0 }, "geometry": { "type": "Point", "coordinates": [ 5.741054, 50.962933 ] } },
{ "type": "Feature", "properties": { "dist": 0.162842, "ffreq2": 1, "ffreq3": 0 }, "geometry": { "type": "Point", "coordinates": [ 5.741624, 50.962932 ] } },
{ "type": "Feature", "properties": { "dist": 0.157444, "ffreq2": 1, "ffreq3": 0 }, "geometry": { "type": "Point", "coordinates": [ 5.742193, 50.96293 ] } },
{ "type": "Feature", "properties": { "dist": 0.141086, "ffreq2": 1, "ffreq3": 0 }, "geometry": { "type": "Point", "coordinates": [ 5.742762, 50.962928 ] } },
{ "type": "Feature", "properties": { "dist": 0.141064, "ffreq2": 1, "ffreq3": 0 }, "geometry": { "type": "Point", "coordinates": [ 5.743332, 50.962926 ] } },
{ "type": "Feature", "properties": { "dist": 0.141042, "ffreq2": 1, "ffreq3": 0 }, "geometry": { "type": "Point", "coordinates": [ 5.743901, 50.962925 ] } },
{ "type": "Feature", "properties": { "dist": 0.141025, "ffreq2": 1, "ffreq3": 0 }, "geometry": { "type": "Point", "coordinates": [ 5.74447, 50.962923 ] } },
{ "type": "Feature", "properties": { "dist": 0.141025, "ffreq2": 1, "ffreq3": 0 }, "geometry": { "type": "Point", "coordinates": [ 5.74504, 50.962921 ] } },
{ "type": "Feature", "properties": { "dist": 0.141025, "ffreq2": 1, "ffreq3": 0 }, "geometry": { "type": "Point", "coordinates": [ 5.745609, 50.962919 ] } },
{ "type": "Feature", "properties": { "dist": 0.141025, "ffreq2": 1, "ffreq3": 0 }, "geometry": { "type": "Point", "coordinates": [ 5.746178, 50.962918 ] } },
{ "type": "Feature", "properties": { "dist": 0.141025, "ffreq2": 1, "ffreq3": 0 }, "geometry": { "type": "Point", "coordinates": [ 5.746748, 50.962916 ] } },
{ "type": "Feature", "properties": { "dist": 0.141025, "ffreq2": 0, "ffreq3": 0 }, "geometry": { "type": "Point", "coordinates": [ 5.747317, 50.962914 ] } },
{ "type": "Feature", "properties": { "dist": 0.141042, "ffreq2": 0, "ffreq3": 0 }, "geometry": { "type": "Point", "coordinates": [ 5.747887, 50.962912 ] } },
{ "type": "Feature", "properties": { "dist": 0.141064, "ffreq2": 0, "ffreq3": 0 }, "geometry": { "type": "Point", "coordinates": [ 5.748456, 50.962911 ] } },
{ "type": "Feature", "properties": { "dist": 0.141086, "ffreq2": 1, "ffreq3": 0 }, "geometry": { "type": "Point", "coordinates": [ 5.749025, 50.962909 ] } },
{ "type": "Feature", "properties": { "dist": 0.157453, "ffreq2": 1, "ffreq3": 0 }, "geometry": { "type": "Point", "coordinates": [ 5.749595, 50.962907 ] } },
{ "type": "Feature", "properties": { "dist": 0.162853, "ffreq2": 1, "ffreq3": 0 }, "geometry": { "type": "Point", "coordinates": [ 5.750164, 50.962905 ] } },
{ "type": "Feature", "properties": { "dist": 0.173871, "ffreq2": 1, "ffreq3": 0 }, "geometry": { "type": "Point", "coordinates": [ 5.750733, 50.962903 ] } },
{ "type": "Feature", "properties": { "dist": 0.00241427, "ffreq2": 0, "ffreq3": 0 }, "geometry": { "type": "Point", "coordinates": [ 5.721694, 50.962631 ] } },
{ "type": "Feature", "properties": { "dist": 0.0316606, "ffreq2": 0, "ffreq3": 0 }, "geometry": { "type": "Point", "coordinates": [ 5.722263, 50.96263 ] } },
{ "type": "Feature", "properties": { "dist": 0.059361, "ffreq2": 1, "ffreq3": 0 }, "geometry": { "type": "Point", "coordinates": [ 5.722833, 50.962628 ] } },
{ "type": "Feature", "properties": { "dist": 0.0921516, "ffreq2": 1, "ffreq3": 0 }, "geometry": { "type": "Point", "coordinates": [ 5.723402, 50.962626 ] } },
{ "type": "Feature", "properties": { "dist": 0.113941, "ffreq2": 1, "ffreq3": 0 }, "geometry": { "type": "Point", "coordinates": [ 5.723971, 50.962625 ] } },
{ "type": "Feature", "properties": { "dist": 0.141086, "ffreq2": 1, "ffreq3": 0 }, "geometry": { "type": "Point", "coordinates": [ 5.724541, 50.962623 ] } },
{ "type": "Feature", "properties": { "dist": 0.168336, "ffreq2": 1, "ffreq3": 0 }, "geometry": { "type": "Point", "coordinates": [ 5.72511, 50.962622 ] } },
{ "type": "Feature", "properties": { "dist": 0.190094, "ffreq2": 1, "ffreq3": 0 }, "geometry": { "type": "Point", "coordinates": [ 5.725679, 50.96262 ] } },
{ "type": "Feature", "properties": { "dist": 0.211846, "ffreq2": 0, "ffreq3": 1 }, "geometry": { "type": "Point", "coordinates": [ 5.726249, 50.962618 ] } },
{ "type": "Feature", "properties": { "dist": 0.233596, "ffreq2": 0, "ffreq3": 1 }, "geometry": { "type": "Point", "coordinates": [ 5.726818, 50.962617 ] } },
{ "type": "Feature", "properties": { "dist": 0.255343, "ffreq2": 0, "ffreq3": 1 }, "geometry": { "type": "Point", "coordinates": [ 5.727387, 50.962615 ] } },
{ "type": "Feature", "properties": { "dist": 0.27709, "ffreq2": 0, "ffreq3": 1 }, "geometry": { "type": "Point", "coordinates": [ 5.727957, 50.962613 ] } },
{ "type": "Feature", "properties": { "dist": 0.309702, "ffreq2": 1, "ffreq3": 0 }, "geometry": { "type": "Point", "coordinates": [ 5.728526, 50.962611 ] } },
{ "type": "Feature", "properties": { "dist": 0.336861, "ffreq2": 1, "ffreq3": 0 }, "geometry": { "type": "Point", "coordinates": [ 5.729095, 50.96261 ] } },
{ "type": "Feature", "properties": { "dist": 0.364064, "ffreq2": 0, "ffreq3": 1 }, "geometry": { "type": "Point", "coordinates": [ 5.729665, 50.962608 ] } },
{ "type": "Feature", "properties": { "dist": 0.38581, "ffreq2": 0, "ffreq3": 1 }, "geometry": { "type": "Point", "coordinates": [ 5.730234, 50.962606 ] } },
{ "type": "Feature", "properties": { "dist": 0.407552, "ffreq2": 0, "ffreq3": 1 }, "geometry": { "type": "Point", "coordinates": [ 5.730803, 50.962605 ] } },
{ "type": "Feature", "properties": { "dist": 0.429295, "ffreq2": 1, "ffreq3": 0 }, "geometry": { "type": "Point", "coordinates": [ 5.731373, 50.962603 ] } },
{ "type": "Feature", "properties": { "dist": 0.451037, "ffreq2": 1, "ffreq3": 0 }, "geometry": { "type": "Point", "coordinates": [ 5.731942, 50.962601 ] } },
{ "type": "Feature", "properties": { "dist": 0.478255, "ffreq2": 0, "ffreq3": 1 }, "geometry": { "type": "Point", "coordinates": [ 5.732511, 50.9626 ] } },
{ "type": "Feature", "properties": { "dist": 0.461908, "ffreq2": 0, "ffreq3": 1 }, "geometry": { "type": "Point", "coordinates": [ 5.733081, 50.962598 ] } },
{ "type": "Feature", "properties": { "dist": 0.440159, "ffreq2": 0, "ffreq3": 1 }, "geometry": { "type": "Point", "coordinates": [ 5.73365, 50.962596 ] } },
{ "type": "Feature", "properties": { "dist": 0.407552, "ffreq2": 0, "ffreq3": 1 }, "geometry": { "type": "Point", "coordinates": [ 5.73422, 50.962595 ] } },
{ "type": "Feature", "properties": { "dist": 0.385807, "ffreq2": 0, "ffreq3": 1 }, "geometry": { "type": "Point", "coordinates": [ 5.734789, 50.962593 ] } },
{ "type": "Feature", "properties": { "dist": 0.358606, "ffreq2": 0, "ffreq3": 1 }, "geometry": { "type": "Point", "coordinates": [ 5.735358, 50.962591 ] } },
{ "type": "Feature", "properties": { "dist": 0.331454, "ffreq2": 1, "ffreq3": 0 }, "geometry": { "type": "Point", "coordinates": [ 5.735928, 50.962589 ] } },
{ "type": "Feature", "properties": { "dist": 0.30971, "ffreq2": 1, "ffreq3": 0 }, "geometry": { "type": "Point", "coordinates": [ 5.736497, 50.962588 ] } },
{ "type": "Feature", "properties": { "dist": 0.287966, "ffreq2": 1, "ffreq3": 0 }, "geometry": { "type": "Point", "coordinates": [ 5.737066, 50.962586 ] } },
{ "type": "Feature", "properties": { "dist": 0.26622, "ffreq2": 1, "ffreq3": 0 }, "geometry": { "type": "Point", "coordinates": [ 5.737636, 50.962584 ] } },
{ "type": "Feature", "properties": { "dist": 0.244474, "ffreq2": 1, "ffreq3": 0 }, "geometry": { "type": "Point", "coordinates": [ 5.738205, 50.962583 ] } },
{ "type": "Feature", "properties": { "dist": 0.222726, "ffreq2": 1, "ffreq3": 0 }, "geometry": { "type": "Point", "coordinates": [ 5.738774, 50.962581 ] } },
{ "type": "Feature", "properties": { "dist": 0.200976, "ffreq2": 1, "ffreq3": 0 }, "geometry": { "type": "Point", "coordinates": [ 5.739344, 50.962579 ] } },
{ "type": "Feature", "properties": { "dist": 0.179224, "ffreq2": 1, "ffreq3": 0 }, "geometry": { "type": "Point", "coordinates": [ 5.739913, 50.962577 ] } },
{ "type": "Feature", "properties": { "dist": 0.162853, "ffreq2": 1, "ffreq3": 0 }, "geometry": { "type": "Point", "coordinates": [ 5.740482, 50.962576 ] } },
{ "type": "Feature", "properties": { "dist": 0.146576, "ffreq2": 1, "ffreq3": 0 }, "geometry": { "type": "Point", "coordinates": [ 5.741052, 50.962574 ] } },
{ "type": "Feature", "properties": { "dist": 0.12481, "ffreq2": 1, "ffreq3": 0 }, "geometry": { "type": "Point", "coordinates": [ 5.741621, 50.962572 ] } },
{ "type": "Feature", "properties": { "dist": 0.119297, "ffreq2": 1, "ffreq3": 0 }, "geometry": { "type": "Point", "coordinates": [ 5.74219, 50.96257 ] } },
{ "type": "Feature", "properties": { "dist": 0.113916, "ffreq2": 1, "ffreq3": 0 }, "geometry": { "type": "Point", "coordinates": [ 5.74276, 50.962569 ] } },
{ "type": "Feature", "properties": { "dist": 0.0975136, "ffreq2": 1, "ffreq3": 0 }, "geometry": { "type": "Point", "coordinates": [ 5.743329, 50.962567 ] } },
{ "type": "Feature", "properties": { "dist": 0.0974916, "ffreq2": 1, "ffreq3": 0 }, "geometry": { "type": "Point", "coordinates": [ 5.743898, 50.962565 ] } },
{ "type": "Feature", "properties": { "dist": 0.0974751, "ffreq2": 1, "ffreq3": 0 }, "geometry": { "type": "Point", "coordinates": [ 5.744468, 50.962563 ] } },
{ "type": "Feature", "properties": { "dist": 0.0974751, "ffreq2": 1, "ffreq3": 0 }, "geometry": { "type": "Point", "coordinates": [ 5.745037, 50.962562 ] } },
{ "type": "Feature", "properties": { "dist": 0.0974751, "ffreq2": 1, "ffreq3": 0 }, "geometry": { "type": "Point", "coordinates": [ 5.745606, 50.96256 ] } },
{ "type": "Feature", "properties": { "dist": 0.0974751, "ffreq2": 1, "ffreq3": 0 }, "geometry": { "type": "Point", "coordinates": [ 5.746176, 50.962558 ] } },
{ "type": "Feature", "properties": { "dist": 0.0974751, "ffreq2": 0, "ffreq3": 0 }, "geometry": { "type": "Point", "coordinates": [ 5.746745, 50.962556 ] } },
{ "type": "Feature", "properties": { "dist": 0.0974751, "ffreq2": 0, "ffreq3": 0 }, "geometry": { "type": "Point", "coordinates": [ 5.747314, 50.962555 ] } },
{ "type": "Feature", "properties": { "dist": 0.0974916, "ffreq2": 1, "ffreq3": 0 }, "geometry": { "type": "Point", "coordinates": [ 5.747884, 50.962553 ] } },
{ "type": "Feature", "properties": { "dist": 0.0975136, "ffreq2": 0, "ffreq3": 0 }, "geometry": { "type": "Point", "coordinates": [ 5.748453, 50.962551 ] } },
{ "type": "Feature", "properties": { "dist": 0.113924, "ffreq2": 1, "ffreq3": 0 }, "geometry": { "type": "Point", "coordinates": [ 5.749022, 50.962549 ] } },
{ "type": "Feature", "properties": { "dist": 0.119308, "ffreq2": 1, "ffreq3": 0 }, "geometry": { "type": "Point", "coordinates": [ 5.749592, 50.962547 ] } },
{ "type": "Feature", "properties": { "dist": 0.135684, "ffreq2": 1, "ffreq3": 0 }, "geometry": { "type": "Point", "coordinates": [ 5.750161, 50.962546 ] } },
{ "type": "Feature", "properties": { "dist": 0.141075, "ffreq2": 1, "ffreq3": 0 }, "geometry": { "type": "Point", "coordinates": [ 5.75073, 50.962544 ] } },
{ "type": "Feature", "properties": { "dist": 0.130436, "ffreq2": 1, "ffreq3": 0 }, "geometry": { "type": "Point", "coordinates": [ 5.7513, 50.962542 ] } },
{ "type": "Feature", "properties": { "dist": 0.0, "ffreq2": 0, "ffreq3": 0 }, "geometry": { "type": "Point", "coordinates": [ 5.721691, 50.962272 ] } },
{ "type": "Feature", "properties": { "dist": 0.0316606, "ffreq2": 0, "ffreq3": 0 }, "geometry": { "type": "Point", "coordinates": [ 5.722261, 50.96227 ] } },
{ "type": "Feature", "properties": { "dist": 0.0756594, "ffreq2": 1, "ffreq3": 0 }, "geometry": { "type": "Point", "coordinates": [ 5.72283, 50.962269 ] } },
{ "type": "Feature", "properties": { "dist": 0.103019, "ffreq2": 1, "ffreq3": 0 }, "geometry": { "type": "Point", "coordinates": [ 5.723399, 50.962267 ] } },
{ "type": "Feature", "properties": { "dist": 0.1357, "ffreq2": 1, "ffreq3": 0 }, "geometry": { "type": "Point", "coordinates": [ 5.723969, 50.962265 ] } },
{ "type": "Feature", "properties": { "dist": 0.157469, "ffreq2": 1, "ffreq3": 0 }, "geometry": { "type": "Point", "coordinates": [ 5.724538, 50.962264 ] } },
{ "type": "Feature", "properties": { "dist": 0.184614, "ffreq2": 1, "ffreq3": 0 }, "geometry": { "type": "Point", "coordinates": [ 5.725107, 50.962262 ] } },
{ "type": "Feature", "properties": { "dist": 0.211843, "ffreq2": 1, "ffreq3": 0 }, "geometry": { "type": "Point", "coordinates": [ 5.725677, 50.96226 ] } },
{ "type": "Feature", "properties": { "dist": 0.233596, "ffreq2": 0, "ffreq3": 1 }, "geometry": { "type": "Point", "coordinates": [ 5.726246, 50.962259 ] } },
{ "type": "Feature", "properties": { "dist": 0.255343, "ffreq2": 0, "ffreq3": 1 }, "geometry": { "type": "Point", "coordinates": [ 5.726815, 50.962257 ] } },
{ "type": "Feature", "properties": { "dist": 0.27709, "ffreq2": 0, "ffreq3": 1 }, "geometry": { "type": "Point", "coordinates": [ 5.727385, 50.962255 ] } },
{ "type": "Feature", "properties": { "dist": 0.298835, "ffreq2": 0, "ffreq3": 1 }, "geometry": { "type": "Point", "coordinates": [ 5.727954, 50.962254 ] } },
{ "type": "Feature", "properties": { "dist": 0.32058, "ffreq2": 0, "ffreq3": 1 }, "geometry": { "type": "Point", "coordinates": [ 5.728523, 50.962252 ] } },
{ "type": "Feature", "properties": { "dist": 0.353189, "ffreq2": 0, "ffreq3": 1 }, "geometry": { "type": "Point", "coordinates": [ 5.729093, 50.96225 ] } },
{ "type": "Feature", "properties": { "dist": 0.38035, "ffreq2": 0, "ffreq3": 1 }, "geometry": { "type": "Point", "coordinates": [ 5.729662, 50.962249 ] } },
{ "type": "Feature", "properties": { "dist": 0.40755, "ffreq2": 0, "ffreq3": 1 }, "geometry": { "type": "Point", "coordinates": [ 5.730231, 50.962247 ] } },
{ "type": "Feature", "properties": { "dist": 0.429295, "ffreq2": 0, "ffreq3": 1 }, "geometry": { "type": "Point", "coordinates": [ 5.730801, 50.962245 ] } },
{ "type": "Feature", "properties": { "dist": 0.451037, "ffreq2": 1, "ffreq3": 0 }, "geometry": { "type": "Point", "coordinates": [ 5.73137, 50.962244 ] } },
{ "type": "Feature", "properties": { "dist": 0.472778, "ffreq2": 1, "ffreq3": 0 }, "geometry": { "type": "Point", "coordinates": [ 5.731939, 50.962242 ] } },
{ "type": "Feature", "properties": { "dist": 0.472776, "ffreq2": 0, "ffreq3": 1 }, "geometry": { "type": "Point", "coordinates": [ 5.732509, 50.96224 ] } },
{ "type": "Feature", "properties": { "dist": 0.44558, "ffreq2": 0, "ffreq3": 1 }, "geometry": { "type": "Point", "coordinates": [ 5.733078, 50.962238 ] } },
{ "type": "Feature", "properties": { "dist": 0.418425, "ffreq2": 0, "ffreq3": 1 }, "geometry": { "type": "Point", "coordinates": [ 5.733647, 50.962237 ] } },
{ "type": "Feature", "properties": { "dist": 0.396675, "ffreq2": 0, "ffreq3": 1 }, "geometry": { "type": "Point", "coordinates": [ 5.734217, 50.962235 ] } },
{ "type": "Feature", "properties": { "dist": 0.364067, "ffreq2": 0, "ffreq3": 1 }, "geometry": { "type": "Point", "coordinates": [ 5.734786, 50.962233 ] } },
{ "type": "Feature", "properties": { "dist": 0.342321, "ffreq2": 0, "ffreq3": 1 }, "geometry": { "type": "Point", "coordinates": [ 5.735355, 50.962232 ] } },
{ "type": "Feature", "properties": { "dist": 0.315116, "ffreq2": 0, "ffreq3": 1 }, "geometry": { "type": "Point", "coordinates": [ 5.735925, 50.96223 ] } },
{ "type": "Feature", "properties": { "dist": 0.287966, "ffreq2": 1, "ffreq3": 0 }, "geometry": { "type": "Point", "coordinates": [ 5.736494, 50.962228 ] } },
{ "type": "Feature", "properties": { "dist": 0.26622, "ffreq2": 1, "ffreq3": 0 }, "geometry": { "type": "Point", "coordinates": [ 5.737063, 50.962226 ] } },
{ "type": "Feature", "properties": { "dist": 0.244474, "ffreq2": 1, "ffreq3": 0 }, "geometry": { "type": "Point", "coordinates": [ 5.737633, 50.962225 ] } },
{ "type": "Feature", "properties": { "dist": 0.222726, "ffreq2": 1, "ffreq3": 0 }, "geometry": { "type": "Point", "coordinates": [ 5.738202, 50.962223 ] } },
{ "type": "Feature", "properties": { "dist": 0.200976, "ffreq2": 1, "ffreq3": 0 }, "geometry": { "type": "Point", "coordinates": [ 5.738772, 50.962221 ] } },
{ "type": "Feature", "properties": { "dist": 0.179224, "ffreq2": 1, "ffreq3": 0 }, "geometry": { "type": "Point", "coordinates": [ 5.739341, 50.96222 ] } },
{ "type": "Feature", "properties": { "dist": 0.157469, "ffreq2": 1, "ffreq3": 0 }, "geometry": { "type": "Point", "coordinates": [ 5.73991, 50.962218 ] } },
{ "type": "Feature", "properties": { "dist": 0.135709, "ffreq2": 1, "ffreq3": 0 }, "geometry": { "type": "Point", "coordinates": [ 5.74048, 50.962216 ] } },
{ "type": "Feature", "properties": { "dist": 0.119308, "ffreq2": 1, "ffreq3": 0 }, "geometry": { "type": "Point", "coordinates": [ 5.741049, 50.962214 ] } },
{ "type": "Feature", "properties": { "dist": 0.103027, "ffreq2": 1, "ffreq3": 0 }, "geometry": { "type": "Point", "coordinates": [ 5.741618, 50.962213 ] } },
{ "type": "Feature", "properties": { "dist": 0.0812247, "ffreq2": 1, "ffreq3": 0 }, "geometry": { "type": "Point", "coordinates": [ 5.742188, 50.962211 ] } },
{ "type": "Feature", "properties": { "dist": 0.0756759, "ffreq2": 1, "ffreq3": 0 }, "geometry": { "type": "Point", "coordinates": [ 5.742757, 50.962209 ] } },
{ "type": "Feature", "properties": { "dist": 0.0703333, "ffreq2": 1, "ffreq3": 0 }, "geometry": { "type": "Point", "coordinates": [ 5.743326, 50.962207 ] } },
{ "type": "Feature", "properties": { "dist": 0.0537889, "ffreq2": 1, "ffreq3": 0 }, "geometry": { "type": "Point", "coordinates": [ 5.743896, 50.962206 ] } },
{ "type": "Feature", "properties": { "dist": 0.0537723, "ffreq2": 1, "ffreq3": 0 }, "geometry": { "type": "Point", "coordinates": [ 5.744465, 50.962204 ] } },
{ "type": "Feature", "properties": { "dist": 0.0537723, "ffreq2": 1, "ffreq3": 0 }, "geometry": { "type": "Point", "coordinates": [ 5.745034, 50.962202 ] } },
{ "type": "Feature", "properties": { "dist": 0.0537723, "ffreq2": 0, "ffreq3": 0 }, "geometry": { "type": "Point", "coordinates": [ 5.745604, 50.9622 ] } },
{ "type": "Feature", "properties": { "dist": 0.0537723, "ffreq2": 0, "ffreq3": 0 }, "geometry": { "type": "Point", "coordinates": [ 5.746173, 50.962199 ] } },
{ "type": "Feature", "properties": { "dist": 0.0537723, "ffreq2": 0, "ffreq3": 0 }, "geometry": { "type": "Point", "coordinates": [ 5.746742, 50.962197 ] } },
{ "type": "Feature", "properties": { "dist": 0.0537723, "ffreq2": 0, "ffreq3": 0 }, "geometry": { "type": "Point", "coordinates": [ 5.747312, 50.962195 ] } },
{ "type": "Feature", "properties": { "dist": 0.0537889, "ffreq2": 1, "ffreq3": 0 }, "geometry": { "type": "Point", "coordinates": [ 5.747881, 50.962193 ] } },
{ "type": "Feature", "properties": { "dist": 0.0703387, "ffreq2": 0, "ffreq3": 0 }, "geometry": { "type": "Point", "coordinates": [ 5.74845, 50.962191 ] } },
{ "type": "Feature", "properties": { "dist": 0.0756869, "ffreq2": 0, "ffreq3": 0 }, "geometry": { "type": "Point", "coordinates": [ 5.74902, 50.96219 ] } },
{ "type": "Feature", "properties": { "dist": 0.0921353, "ffreq2": 1, "ffreq3": 0 }, "geometry": { "type": "Point", "coordinates": [ 5.749589, 50.962188 ] } },
{ "type": "Feature", "properties": { "dist": 0.0975026, "ffreq2": 1, "ffreq3": 0 }, "geometry": { "type": "Point", "coordinates": [ 5.750158, 50.962186 ] } },
{ "type": "Feature", "properties": { "dist": 0.103024, "ffreq2": 1, "ffreq3": 0 }, "geometry": { "type": "Point", "coordinates": [ 5.750728, 50.962184 ] } },
{ "type": "Feature", "properties": { "dist": 0.119297, "ffreq2": 1, "ffreq3": 0 }, "geometry": { "type": "Point", "coordinates": [ 5.751297, 50.962183 ] } },
{ "type": "Feature", "properties": { "dist": 0.108697, "ffreq2": 1, "ffreq3": 0 }, "geometry": { "type": "Point", "coordinates": [ 5.751866, 50.962181 ] } },
{ "type": "Feature", "properties": { "dist": 0.00135803, "ffreq2": 1, "ffreq3": 0 }, "geometry": { "type": "Point", "coordinates": [ 5.721689, 50.961912 ] } },
{ "type": "Feature", "properties": { "dist": 0.0316663, "ffreq2": 1, "ffreq3": 0 }, "geometry": { "type": "Point", "coordinates": [ 5.722258, 50.961911 ] } },
{ "type": "Feature", "properties": { "dist": 0.0756649, "ffreq2": 1, "ffreq3": 0 }, "geometry": { "type": "Point", "coordinates": [ 5.722827, 50.961909 ] } },
{ "type": "Feature", "properties": { "dist": 0.119264, "ffreq2": 1, "ffreq3": 0 }, "geometry": { "type": "Point", "coordinates": [ 5.723397, 50.961907 ] } },
{ "type": "Feature", "properties": { "dist": 0.146565, "ffreq2": 1, "ffreq3": 0 }, "geometry": { "type": "Point", "coordinates": [ 5.723966, 50.961906 ] } },
{ "type": "Feature", "properties": { "dist": 0.179216, "ffreq2": 1, "ffreq3": 0 }, "geometry": { "type": "Point", "coordinates": [ 5.724535, 50.961904 ] } },
{ "type": "Feature", "properties": { "dist": 0.200976, "ffreq2": 1, "ffreq3": 0 }, "geometry": { "type": "Point", "coordinates": [ 5.725105, 50.961902 ] } },
{ "type": "Feature", "properties": { "dist": 0.228123, "ffreq2": 1, "ffreq3": 0 }, "geometry": { "type": "Point", "coordinates": [ 5.725674, 50.961901 ] } },
{ "type": "Feature", "properties": { "dist": 0.255341, "ffreq2": 0, "ffreq3": 1 }, "geometry": { "type": "Point", "coordinates": [ 5.726243, 50.961899 ] } },
{ "type": "Feature", "properties": { "dist": 0.27709, "ffreq2": 0, "ffreq3": 1 }, "geometry": { "type": "Point", "coordinates": [ 5.726813, 50.961897 ] } },
{ "type": "Feature", "properties": { "dist": 0.298835, "ffreq2": 0, "ffreq3": 1 }, "geometry": { "type": "Point", "coordinates": [ 5.727382, 50.961896 ] } },
{ "type": "Feature", "properties": { "dist": 0.32058, "ffreq2": 0, "ffreq3": 1 }, "geometry": { "type": "Point", "coordinates": [ 5.727951, 50.961894 ] } },
{ "type": "Feature", "properties": { "dist": 0.342324, "ffreq2": 0, "ffreq3": 1 }, "geometry": { "type": "Point", "coordinates": [ 5.728521, 50.961892 ] } },
{ "type": "Feature", "properties": { "dist": 0.364067, "ffreq2": 0, "ffreq3": 1 }, "geometry": { "type": "Point", "coordinates": [ 5.72909, 50.961891 ] } },
{ "type": "Feature", "properties": { "dist": 0.396675, "ffreq2": 0, "ffreq3": 1 }, "geometry": { "type": "Point", "coordinates": [ 5.729659, 50.961889 ] } },
{ "type": "Feature", "properties": { "dist": 0.423837, "ffreq2": 0, "ffreq3": 1 }, "geometry": { "type": "Point", "coordinates": [ 5.730229, 50.961887 ] } },
{ "type": "Feature", "properties": { "dist": 0.451034, "ffreq2": 0, "ffreq3": 1 }, "geometry": { "type": "Point", "coordinates": [ 5.730798, 50.961886 ] } },
{ "type": "Feature", "properties": { "dist": 0.472778, "ffreq2": 1, "ffreq3": 0 }, "geometry": { "type": "Point", "coordinates": [ 5.731367, 50.961884 ] } },
{ "type": "Feature", "properties": { "dist": 0.472778, "ffreq2": 1, "ffreq3": 0 }, "geometry": { "type": "Point", "coordinates": [ 5.731937, 50.961882 ] } },
{ "type": "Feature", "properties": { "dist": 0.451037, "ffreq2": 1, "ffreq3": 0 }, "geometry": { "type": "Point", "coordinates": [ 5.732506, 50.961881 ] } },
{ "type": "Feature", "properties": { "dist": 0.429292, "ffreq2": 0, "ffreq3": 1 }, "geometry": { "type": "Point", "coordinates": [ 5.733075, 50.961879 ] } },
{ "type": "Feature", "properties": { "dist": 0.402094, "ffreq2": 0, "ffreq3": 1 }, "geometry": { "type": "Point", "coordinates": [ 5.733645, 50.961877 ] } },
{ "type": "Feature", "properties": { "dist": 0.37494, "ffreq2": 0, "ffreq3": 1 }, "geometry": { "type": "Point", "coordinates": [ 5.734214, 50.961875 ] } },
{ "type": "Feature", "properties": { "dist": 0.353189, "ffreq2": 0, "ffreq3": 1 }, "geometry": { "type": "Point", "coordinates": [ 5.734783, 50.961874 ] } },
{ "type": "Feature", "properties": { "dist": 0.32058, "ffreq2": 0, "ffreq3": 1 }, "geometry": { "type": "Point", "coordinates": [ 5.735353, 50.961872 ] } },
{ "type": "Feature", "properties": { "dist": 0.298832, "ffreq2": 1, "ffreq3": 0 }, "geometry": { "type": "Point", "coordinates": [ 5.735922, 50.96187 ] } },
{ "type": "Feature", "properties": { "dist": 0.271622, "ffreq2": 1, "ffreq3": 0 }, "geometry": { "type": "Point", "coordinates": [ 5.736491, 50.961869 ] } },
{ "type": "Feature", "properties": { "dist": 0.244474, "ffreq2": 1, "ffreq3": 0 }, "geometry": { "type": "Point", "coordinates": [ 5.737061, 50.961867 ] } },
{ "type": "Feature", "properties": { "dist": 0.222726, "ffreq2": 1, "ffreq3": 0 }, "geometry": { "type": "Point", "coordinates": [ 5.73763, 50.961865 ] } },
{ "type": "Feature", "properties": { "dist": 0.200976, "ffreq2": 1, "ffreq3": 0 }, "geometry": { "type": "Point", "coordinates": [ 5.738199, 50.961863 ] } },
{ "type": "Feature", "properties": { "dist": 0.179224, "ffreq2": 1, "ffreq3": 0 }, "geometry": { "type": "Point", "coordinates": [ 5.738769, 50.961862 ] } },
{ "type": "Feature", "properties": { "dist": 0.157469, "ffreq2": 1, "ffreq3": 0 }, "geometry": { "type": "Point", "coordinates": [ 5.739338, 50.96186 ] } },
{ "type": "Feature", "properties": { "dist": 0.135709, "ffreq2": 1, "ffreq3": 0 }, "geometry": { "type": "Point", "coordinates": [ 5.739907, 50.961858 ] } },
{ "type": "Feature", "properties": { "dist": 0.113941, "ffreq2": 1, "ffreq3": 0 }, "geometry": { "type": "Point", "coordinates": [ 5.740477, 50.961857 ] } },
{ "type": "Feature", "properties": { "dist": 0.0921598, "ffreq2": 1, "ffreq3": 0 }, "geometry": { "type": "Point", "coordinates": [ 5.741046, 50.961855 ] } },
{ "type": "Feature", "properties": { "dist": 0.0756869, "ffreq2": 1, "ffreq3": 0 }, "geometry": { "type": "Point", "coordinates": [ 5.741615, 50.961853 ] } },
{ "type": "Feature", "properties": { "dist": 0.0593636, "ffreq2": 1, "ffreq3": 0 }, "geometry": { "type": "Point", "coordinates": [ 5.742185, 50.961851 ] } },
{ "type": "Feature", "properties": { "dist": 0.0373395, "ffreq2": 1, "ffreq3": 0 }, "geometry": { "type": "Point", "coordinates": [ 5.742754, 50.96185 ] } },
{ "type": "Feature", "properties": { "dist": 0.0316606, "ffreq2": 1, "ffreq3": 0 }, "geometry": { "type": "Point", "coordinates": [ 5.743323, 50.961848 ] } },
{ "type": "Feature", "properties": { "dist": 0.0264645, "ffreq2": 1, "ffreq3": 0 }, "geometry": { "type": "Point", "coordinates": [ 5.743893, 50.961846 ] } },
{ "type": "Feature", "properties": { "dist": 0.0054321, "ffreq2": 1, "ffreq3": 0 }, "geometry": { "type": "Point", "coordinates": [ 5.744462, 50.961844 ] } },
{ "type": "Feature", "properties": { "dist": 0.0054321, "ffreq2": 1, "ffreq3": 0 }, "geometry": { "type": "Point", "coordinates": [ 5.745031, 50.961843 ] } },
{ "type": "Feature", "properties": { "dist": 0.0054321, "ffreq2": 1, "ffreq3": 0 }, "geometry": { "type": "Point", "coordinates": [ 5.745601, 50.961841 ] } },
{ "type": "Feature", "properties": { "dist": 0.0054321, "ffreq2": 1, "ffreq3": 0 }, "geometry": { "type": "Point", "coordinates": [ 5.74617, 50.961839 ] } },
{ "type": "Feature", "properties": { "dist": 0.0054321, "ffreq2": 1, "ffreq3": 0 }, "geometry": { "type": "Point", "coordinates": [ 5.746739, 50.961837 ] } },
{ "type": "Feature", "properties": { "dist": 0.0054321, "ffreq2": 1, "ffreq3": 0 }, "geometry": { "type": "Point", "coordinates": [ 5.747309, 50.961835 ] } },
{ "type": "Feature", "properties": { "dist": 0.0264645, "ffreq2": 1, "ffreq3": 0 }, "geometry": { "type": "Point", "coordinates": [ 5.747878, 50.961834 ] } },
{ "type": "Feature", "properties": { "dist": 0.0316663, "ffreq2": 0, "ffreq3": 0 }, "geometry": { "type": "Point", "coordinates": [ 5.748447, 50.961832 ] } },
{ "type": "Feature", "properties": { "dist": 0.0484831, "ffreq2": 1, "ffreq3": 0 }, "geometry": { "type": "Point", "coordinates": [ 5.749017, 50.96183 ] } },
{ "type": "Feature", "properties": { "dist": 0.0537778, "ffreq2": 1, "ffreq3": 0 }, "geometry": { "type": "Point", "coordinates": [ 5.749586, 50.961828 ] } },
{ "type": "Feature", "properties": { "dist": 0.059361, "ffreq2": 1, "ffreq3": 0 }, "geometry": { "type": "Point", "coordinates": [ 5.750155, 50.961827 ] } },
{ "type": "Feature", "properties": { "dist": 0.0756759, "ffreq2": 0, "ffreq3": 1 }, "geometry": { "type": "Point", "coordinates": [ 5.750725, 50.961825 ] } },
{ "type": "Feature", "properties": { "dist": 0.081222, "ffreq2": 0, "ffreq3": 1 }, "geometry": { "type": "Point", "coordinates": [ 5.751294, 50.961823 ] } },
{ "type": "Feature", "properties": { "dist": 0.0975136, "ffreq2": 0, "ffreq3": 1 }, "geometry": { "type": "Point", "coordinates": [ 5.751863, 50.961821 ] } },
{ "type": "Feature", "properties": { "dist": 0.108675, "ffreq2": 0, "ffreq3": 1 }, "geometry": { "type": "Point", "coordinates": [ 5.752433, 50.961819 ] } },
{ "type": "Feature", "properties": { "dist": 0.0054321, "ffreq2": 1, "ffreq3": 0 }, "geometry": { "type": "Point", "coordinates": [ 5.721686, 50.961553 ] } },
{ "type": "Feature", "properties": { "dist": 0.0484831, "ffreq2": 1, "ffreq3": 0 }, "geometry": { "type": "Point", "coordinates": [ 5.722255, 50.961551 ] } },
{ "type": "Feature", "properties": { "dist": 0.0756869, "ffreq2": 1, "ffreq3": 0 }, "geometry": { "type": "Point", "coordinates": [ 5.722825, 50.961549 ] } },
{ "type": "Feature", "properties": { "dist": 0.119286, "ffreq2": 1, "ffreq3": 0 }, "geometry": { "type": "Point", "coordinates": [ 5.723394, 50.961548 ] } },
{ "type": "Feature", "properties": { "dist": 0.162809, "ffreq2": 1, "ffreq3": 0 }, "geometry": { "type": "Point", "coordinates": [ 5.723963, 50.961546 ] } },
{ "type": "Feature", "properties": { "dist": 0.190081, "ffreq2": 1, "ffreq3": 0 }, "geometry": { "type": "Point", "coordinates": [ 5.724533, 50.961545 ] } },
{ "type": "Feature", "properties": { "dist": 0.222718, "ffreq2": 1, "ffreq3": 0 }, "geometry": { "type": "Point", "coordinates": [ 5.725102, 50.961543 ] } },
{ "type": "Feature", "properties": { "dist": 0.244474, "ffreq2": 1, "ffreq3": 0 }, "geometry": { "type": "Point", "coordinates": [ 5.725671, 50.961541 ] } },
{ "type": "Feature", "properties": { "dist": 0.271622, "ffreq2": 0, "ffreq3": 1 }, "geometry": { "type": "Point", "coordinates": [ 5.726241, 50.96154 ] } },
{ "type": "Feature", "properties": { "dist": 0.298832, "ffreq2": 0, "ffreq3": 1 }, "geometry": { "type": "Point", "coordinates": [ 5.72681, 50.961538 ] } },
{ "type": "Feature", "properties": { "dist": 0.32058, "ffreq2": 0, "ffreq3": 1 }, "geometry": { "type": "Point", "coordinates": [ 5.727379, 50.961536 ] } },
{ "type": "Feature", "properties": { "dist": 0.342324, "ffreq2": 0, "ffreq3": 1 }, "geometry": { "type": "Point", "coordinates": [ 5.727949, 50.961535 ] } },
{ "type": "Feature", "properties": { "dist": 0.364067, "ffreq2": 0, "ffreq3": 1 }, "geometry": { "type": "Point", "coordinates": [ 5.728518, 50.961533 ] } },
{ "type": "Feature", "properties": { "dist": 0.38581, "ffreq2": 0, "ffreq3": 1 }, "geometry": { "type": "Point", "coordinates": [ 5.729087, 50.961531 ] } },
{ "type": "Feature", "properties": { "dist": 0.407552, "ffreq2": 0, "ffreq3": 1 }, "geometry": { "type": "Point", "coordinates": [ 5.729657, 50.961529 ] } },
{ "type": "Feature", "properties": { "dist": 0.440159, "ffreq2": 0, "ffreq3": 1 }, "geometry": { "type": "Point", "coordinates": [ 5.730226, 50.961528 ] } },
{ "type": "Feature", "properties": { "dist": 0.467322, "ffreq2": 0, "ffreq3": 1 }, "geometry": { "type": "Point", "coordinates": [ 5.730795, 50.961526 ] } },
{ "type": "Feature", "properties": { "dist": 0.472778, "ffreq2": 1, "ffreq3": 0 }, "geometry": { "type": "Point", "coordinates": [ 5.731365, 50.961524 ] } },
{ "type": "Feature", "properties": { "dist": 0.451037, "ffreq2": 1, "ffreq3": 0 }, "geometry": { "type": "Point", "coordinates": [ 5.731934, 50.961523 ] } },
{ "type": "Feature", "properties": { "dist": 0.429295, "ffreq2": 1, "ffreq3": 0 }, "geometry": { "type": "Point", "coordinates": [ 5.732503, 50.961521 ] } },
{ "type": "Feature", "properties": { "dist": 0.407552, "ffreq2": 0, "ffreq3": 1 }, "geometry": { "type": "Point", "coordinates": [ 5.733073, 50.961519 ] } },
{ "type": "Feature", "properties": { "dist": 0.385807, "ffreq2": 0, "ffreq3": 1 }, "geometry": { "type": "Point", "coordinates": [ 5.733642, 50.961518 ] } },
{ "type": "Feature", "properties": { "dist": 0.358606, "ffreq2": 0, "ffreq3": 1 }, "geometry": { "type": "Point", "coordinates": [ 5.734211, 50.961516 ] } },
{ "type": "Feature", "properties": { "dist": 0.331454, "ffreq2": 0, "ffreq3": 1 }, "geometry": { "type": "Point", "coordinates": [ 5.734781, 50.961514 ] } },
{ "type": "Feature", "properties": { "dist": 0.309702, "ffreq2": 0, "ffreq3": 1 }, "geometry": { "type": "Point", "coordinates": [ 5.73535, 50.961512 ] } },
{ "type": "Feature", "properties": { "dist": 0.27709, "ffreq2": 1, "ffreq3": 0 }, "geometry": { "type": "Point", "coordinates": [ 5.735919, 50.961511 ] } },
{ "type": "Feature", "properties": { "dist": 0.255341, "ffreq2": 1, "ffreq3": 0 }, "geometry": { "type": "Point", "coordinates": [ 5.736489, 50.961509 ] } },
{ "type": "Feature", "properties": { "dist": 0.228123, "ffreq2": 1, "ffreq3": 0 }, "geometry": { "type": "Point", "coordinates": [ 5.737058, 50.961507 ] } },
{ "type": "Feature", "properties": { "dist": 0.200976, "ffreq2": 1, "ffreq3": 0 }, "geometry": { "type": "Point", "coordinates": [ 5.737627, 50.961506 ] } },
{ "type": "Feature", "properties": { "dist": 0.179224, "ffreq2": 1, "ffreq3": 0 }, "geometry": { "type": "Point", "coordinates": [ 5.738197, 50.961504 ] } },
{ "type": "Feature", "properties": { "dist": 0.157469, "ffreq2": 1, "ffreq3": 0 }, "geometry": { "type": "Point", "coordinates": [ 5.738766, 50.961502 ] } },
{ "type": "Feature", "properties": { "dist": 0.135709, "ffreq2": 1, "ffreq3": 0 }, "geometry": { "type": "Point", "coordinates": [ 5.739335, 50.9615 ] } },
{ "type": "Feature", "properties": { "dist": 0.113941, "ffreq2": 1, "ffreq3": 0 }, "geometry": { "type": "Point", "coordinates": [ 5.739905, 50.961499 ] } },
{ "type": "Feature", "properties": { "dist": 0.0921598, "ffreq2": 1, "ffreq3": 0 }, "geometry": { "type": "Point", "coordinates": [ 5.740474, 50.961497 ] } },
{ "type": "Feature", "properties": { "dist": 0.070355, "ffreq2": 1, "ffreq3": 0 }, "geometry": { "type": "Point", "coordinates": [ 5.741043, 50.961495 ] } },
{ "type": "Feature", "properties": { "dist": 0.0484965, "ffreq2": 1, "ffreq3": 0 }, "geometry": { "type": "Point", "coordinates": [ 5.741613, 50.961493 ] } },
{ "type": "Feature", "properties": { "dist": 0.0316663, "ffreq2": 1, "ffreq3": 0 }, "geometry": { "type": "Point", "coordinates": [ 5.742182, 50.961492 ] } },
{ "type": "Feature", "properties": { "dist": 0.0122243, "ffreq2": 1, "ffreq3": 0 }, "geometry": { "type": "Point", "coordinates": [ 5.742751, 50.96149 ] } },
{ "type": "Feature", "properties": { "dist": 0.0, "ffreq2": 1, "ffreq3": 0 }, "geometry": { "type": "Point", "coordinates": [ 5.743321, 50.961488 ] } },
{ "type": "Feature", "properties": { "dist": 0.0, "ffreq2": 1, "ffreq3": 0 }, "geometry": { "type": "Point", "coordinates": [ 5.74389, 50.961487 ] } },
{ "type": "Feature", "properties": { "dist": 0.0, "ffreq2": 1, "ffreq3": 0 }, "geometry": { "type": "Point", "coordinates": [ 5.744459, 50.961485 ] } },
{ "type": "Feature", "properties": { "dist": 0.0, "ffreq2": 1, "ffreq3": 0 }, "geometry": { "type": "Point", "coordinates": [ 5.747306, 50.961476 ] } },
{ "type": "Feature", "properties": { "dist": 0.0, "ffreq2": 1, "ffreq3": 0 }, "geometry": { "type": "Point", "coordinates": [ 5.747875, 50.961474 ] } },
{ "type": "Feature", "properties": { "dist": 0.00135803, "ffreq2": 0, "ffreq3": 0 }, "geometry": { "type": "Point", "coordinates": [ 5.748445, 50.961472 ] } },
{ "type": "Feature", "properties": { "dist": 0.0054321, "ffreq2": 1, "ffreq3": 0 }, "geometry": { "type": "Point", "coordinates": [ 5.749014, 50.961471 ] } },
{ "type": "Feature", "properties": { "dist": 0.0122243, "ffreq2": 1, "ffreq3": 0 }, "geometry": { "type": "Point", "coordinates": [ 5.749583, 50.961469 ] } },
{ "type": "Feature", "properties": { "dist": 0.0316606, "ffreq2": 1, "ffreq3": 0 }, "geometry": { "type": "Point", "coordinates": [ 5.750153, 50.961467 ] } },
{ "type": "Feature", "properties": { "dist": 0.0373369, "ffreq2": 0, "ffreq3": 1 }, "geometry": { "type": "Point", "coordinates": [ 5.750722, 50.961465 ] } },
{ "type": "Feature", "properties": { "dist": 0.0537889, "ffreq2": 0, "ffreq3": 1 }, "geometry": { "type": "Point", "coordinates": [ 5.751291, 50.961463 ] } },
{ "type": "Feature", "properties": { "dist": 0.0703468, "ffreq2": 0, "ffreq3": 1 }, "geometry": { "type": "Point", "coordinates": [ 5.751861, 50.961462 ] } },
{ "type": "Feature", "properties": { "dist": 0.0812247, "ffreq2": 0, "ffreq3": 1 }, "geometry": { "type": "Point", "coordinates": [ 5.75243, 50.96146 ] } },
{ "type": "Feature", "properties": { "dist": 0.0054321, "ffreq2": 0, "ffreq3": 0 }, "geometry": { "type": "Point", "coordinates": [ 5.721684, 50.961193 ] } },
{ "type": "Feature", "properties": { "dist": 0.0537723, "ffreq2": 1, "ffreq3": 0 }, "geometry": { "type": "Point", "coordinates": [ 5.722253, 50.961192 ] } },
{ "type": "Feature", "properties": { "dist": 0.09213, "ffreq2": 1, "ffreq3": 0 }, "geometry": { "type": "Point", "coordinates": [ 5.722822, 50.96119 ] } },
{ "type": "Feature", "properties": { "dist": 0.119308, "ffreq2": 1, "ffreq3": 0 }, "geometry": { "type": "Point", "coordinates": [ 5.723392, 50.961188 ] } },
{ "type": "Feature", "properties": { "dist": 0.162831, "ffreq2": 1, "ffreq3": 0 }, "geometry": { "type": "Point", "coordinates": [ 5.723961, 50.961187 ] } },
{ "type": "Feature", "properties": { "dist": 0.206326, "ffreq2": 1, "ffreq3": 0 }, "geometry": { "type": "Point", "coordinates": [ 5.72453, 50.961185 ] } },
{ "type": "Feature", "properties": { "dist": 0.233582, "ffreq2": 1, "ffreq3": 0 }, "geometry": { "type": "Point", "coordinates": [ 5.725099, 50.961183 ] } },
{ "type": "Feature", "properties": { "dist": 0.266212, "ffreq2": 1, "ffreq3": 0 }, "geometry": { "type": "Point", "coordinates": [ 5.725669, 50.961182 ] } },
{ "type": "Feature", "properties": { "dist": 0.287966, "ffreq2": 0, "ffreq3": 1 }, "geometry": { "type": "Point", "coordinates": [ 5.726238, 50.96118 ] } },
{ "type": "Feature", "properties": { "dist": 0.315116, "ffreq2": 0, "ffreq3": 1 }, "geometry": { "type": "Point", "coordinates": [ 5.726807, 50.961178 ] } },
{ "type": "Feature", "properties": { "dist": 0.342321, "ffreq2": 0, "ffreq3": 1 }, "geometry": { "type": "Point", "coordinates": [ 5.727377, 50.961177 ] } },
{ "type": "Feature", "properties": { "dist": 0.364067, "ffreq2": 0, "ffreq3": 1 }, "geometry": { "type": "Point", "coordinates": [ 5.727946, 50.961175 ] } },
{ "type": "Feature", "properties": { "dist": 0.38581, "ffreq2": 0, "ffreq3": 1 }, "geometry": { "type": "Point", "coordinates": [ 5.728515, 50.961173 ] } },
{ "type": "Feature", "properties": { "dist": 0.407552, "ffreq2": 0, "ffreq3": 1 }, "geometry": { "type": "Point", "coordinates": [ 5.729085, 50.961172 ] } },
{ "type": "Feature", "properties": { "dist": 0.429295, "ffreq2": 0, "ffreq3": 1 }, "geometry": { "type": "Point", "coordinates": [ 5.729654, 50.96117 ] } },
{ "type": "Feature", "properties": { "dist": 0.451037, "ffreq2": 0, "ffreq3": 1 }, "geometry": { "type": "Point", "coordinates": [ 5.730223, 50.961168 ] } },
{ "type": "Feature", "properties": { "dist": 0.467319, "ffreq2": 0, "ffreq3": 1 }, "geometry": { "type": "Point", "coordinates": [ 5.730793, 50.961167 ] } },
{ "type": "Feature", "properties": { "dist": 0.451034, "ffreq2": 1, "ffreq3": 0 }, "geometry": { "type": "Point", "coordinates": [ 5.731362, 50.961165 ] } },
{ "type": "Feature", "properties": { "dist": 0.429295, "ffreq2": 1, "ffreq3": 0 }, "geometry": { "type": "Point", "coordinates": [ 5.731931, 50.961163 ] } },
{ "type": "Feature", "properties": { "dist": 0.407552, "ffreq2": 0, "ffreq3": 1 }, "geometry": { "type": "Point", "coordinates": [ 5.732501, 50.961161 ] } },
{ "type": "Feature", "properties": { "dist": 0.38581, "ffreq2": 0, "ffreq3": 1 }, "geometry": { "type": "Point", "coordinates": [ 5.73307, 50.96116 ] } },
{ "type": "Feature", "properties": { "dist": 0.364067, "ffreq2": 0, "ffreq3": 1 }, "geometry": { "type": "Point", "coordinates": [ 5.733639, 50.961158 ] } },
{ "type": "Feature", "properties": { "dist": 0.342321, "ffreq2": 0, "ffreq3": 1 }, "geometry": { "type": "Point", "coordinates": [ 5.734209, 50.961156 ] } },
{ "type": "Feature", "properties": { "dist": 0.315116, "ffreq2": 1, "ffreq3": 0 }, "geometry": { "type": "Point", "coordinates": [ 5.734778, 50.961155 ] } },
{ "type": "Feature", "properties": { "dist": 0.287966, "ffreq2": 1, "ffreq3": 0 }, "geometry": { "type": "Point", "coordinates": [ 5.735347, 50.961153 ] } },
{ "type": "Feature", "properties": { "dist": 0.266212, "ffreq2": 1, "ffreq3": 0 }, "geometry": { "type": "Point", "coordinates": [ 5.735917, 50.961151 ] } },
{ "type": "Feature", "properties": { "dist": 0.233596, "ffreq2": 1, "ffreq3": 0 }, "geometry": { "type": "Point", "coordinates": [ 5.736486, 50.96115 ] } },
{ "type": "Feature", "properties": { "dist": 0.211843, "ffreq2": 1, "ffreq3": 0 }, "geometry": { "type": "Point", "coordinates": [ 5.737055, 50.961148 ] } },
{ "type": "Feature", "properties": { "dist": 0.184614, "ffreq2": 1, "ffreq3": 0 }, "geometry": { "type": "Point", "coordinates": [ 5.737625, 50.961146 ] } },
{ "type": "Feature", "properties": { "dist": 0.157469, "ffreq2": 1, "ffreq3": 0 }, "geometry": { "type": "Point", "coordinates": [ 5.738194, 50.961144 ] } },
{ "type": "Feature", "properties": { "dist": 0.135709, "ffreq2": 1, "ffreq3": 0 }, "geometry": { "type": "Point", "coordinates": [ 5.738763, 50.961143 ] } },
{ "type": "Feature", "properties": { "dist": 0.113941, "ffreq2": 1, "ffreq3": 0 }, "geometry": { "type": "Point", "coordinates": [ 5.739333, 50.961141 ] } },
{ "type": "Feature", "properties": { "dist": 0.0921598, "ffreq2": 1, "ffreq3": 0 }, "geometry": { "type": "Point", "coordinates": [ 5.739902, 50.961139 ] } },
{ "type": "Feature", "properties": { "dist": 0.070355, "ffreq2": 1, "ffreq3": 0 }, "geometry": { "type": "Point", "coordinates": [ 5.740471, 50.961137 ] } },
{ "type": "Feature", "properties": { "dist": 0.0484965, "ffreq2": 1, "ffreq3": 0 }, "geometry": { "type": "Point", "coordinates": [ 5.741041, 50.961136 ] } },
{ "type": "Feature", "properties": { "dist": 0.0264697, "ffreq2": 1, "ffreq3": 0 }, "geometry": { "type": "Point", "coordinates": [ 5.74161, 50.961134 ] } },
{ "type": "Feature", "properties": { "dist": 0.00135803, "ffreq2": 1, "ffreq3": 0 }, "geometry": { "type": "Point", "coordinates": [ 5.742179, 50.961132 ] } },
{ "type": "Feature", "properties": { "dist": 0.0, "ffreq2": 1, "ffreq3": 0 }, "geometry": { "type": "Point", "coordinates": [ 5.742749, 50.96113 ] } },
{ "type": "Feature", "properties": { "dist": 0.0, "ffreq2": 1, "ffreq3": 0 }, "geometry": { "type": "Point", "coordinates": [ 5.74958, 50.961109 ] } },
{ "type": "Feature", "properties": { "dist": 0.0, "ffreq2": 1, "ffreq3": 0 }, "geometry": { "type": "Point", "coordinates": [ 5.75015, 50.961107 ] } },
{ "type": "Feature", "properties": { "dist": 0.0054321, "ffreq2": 0, "ffreq3": 1 }, "geometry": { "type": "Point", "coordinates": [ 5.750719, 50.961106 ] } },
{ "type": "Feature", "properties": { "dist": 0.0264645, "ffreq2": 0, "ffreq3": 1 }, "geometry": { "type": "Point", "coordinates": [ 5.751288, 50.961104 ] } },
{ "type": "Feature", "properties": { "dist": 0.0373395, "ffreq2": 0, "ffreq3": 1 }, "geometry": { "type": "Point", "coordinates": [ 5.751858, 50.961102 ] } },
{ "type": "Feature", "properties": { "dist": 0.0593662, "ffreq2": 0, "ffreq3": 1 }, "geometry": { "type": "Point", "coordinates": [ 5.752427, 50.9611 ] } },
{ "type": "Feature", "properties": { "dist": 0.0793572, "ffreq2": 0, "ffreq3": 1 }, "geometry": { "type": "Point", "coordinates": [ 5.752996, 50.961099 ] } },
{ "type": "Feature", "properties": { "dist": 0.0217284, "ffreq2": 0, "ffreq3": 0 }, "geometry": { "type": "Point", "coordinates": [ 5.721112, 50.960835 ] } },
{ "type": "Feature", "properties": { "dist": 0.0054321, "ffreq2": 0, "ffreq3": 0 }, "geometry": { "type": "Point", "coordinates": [ 5.721681, 50.960834 ] } },
{ "type": "Feature", "properties": { "dist": 0.0537723, "ffreq2": 0, "ffreq3": 0 }, "geometry": { "type": "Point", "coordinates": [ 5.72225, 50.960832 ] } },
{ "type": "Feature", "properties": { "dist": 0.0974751, "ffreq2": 1, "ffreq3": 0 }, "geometry": { "type": "Point", "coordinates": [ 5.72282, 50.96083 ] } },
{ "type": "Feature", "properties": { "dist": 0.130403, "ffreq2": 1, "ffreq3": 0 }, "geometry": { "type": "Point", "coordinates": [ 5.723389, 50.960829 ] } },
{ "type": "Feature", "properties": { "dist": 0.162848, "ffreq2": 1, "ffreq3": 0 }, "geometry": { "type": "Point", "coordinates": [ 5.723958, 50.960827 ] } },
{ "type": "Feature", "properties": { "dist": 0.206343, "ffreq2": 1, "ffreq3": 0 }, "geometry": { "type": "Point", "coordinates": [ 5.724528, 50.960825 ] } },
{ "type": "Feature", "properties": { "dist": 0.233585, "ffreq2": 1, "ffreq3": 0 }, "geometry": { "type": "Point", "coordinates": [ 5.725097, 50.960824 ] } },
{ "type": "Feature", "properties": { "dist": 0.266212, "ffreq2": 1, "ffreq3": 0 }, "geometry": { "type": "Point", "coordinates": [ 5.725666, 50.960822 ] } },
{ "type": "Feature", "properties": { "dist": 0.29337, "ffreq2": 0, "ffreq3": 1 }, "geometry": { "type": "Point", "coordinates": [ 5.726236, 50.96082 ] } },
{ "type": "Feature", "properties": { "dist": 0.320577, "ffreq2": 0, "ffreq3": 1 }, "geometry": { "type": "Point", "coordinates": [ 5.726805, 50.960819 ] } },
{ "type": "Feature", "properties": { "dist": 0.353189, "ffreq2": 0, "ffreq3": 1 }, "geometry": { "type": "Point", "coordinates": [ 5.727374, 50.960817 ] } },
{ "type": "Feature", "properties": { "dist": 0.38035, "ffreq2": 0, "ffreq3": 1 }, "geometry": { "type": "Point", "coordinates": [ 5.727943, 50.960815 ] } },
{ "type": "Feature", "properties": { "dist": 0.402097, "ffreq2": 0, "ffreq3": 1 }, "geometry": { "type": "Point", "coordinates": [ 5.728513, 50.960814 ] } },
{ "type": "Feature", "properties": { "dist": 0.418425, "ffreq2": 0, "ffreq3": 1 }, "geometry": { "type": "Point", "coordinates": [ 5.729082, 50.960812 ] } },
{ "type": "Feature", "properties": { "dist": 0.440167, "ffreq2": 0, "ffreq3": 1 }, "geometry": { "type": "Point", "coordinates": [ 5.729651, 50.96081 ] } },
{ "type": "Feature", "properties": { "dist": 0.456521, "ffreq2": 0, "ffreq3": 1 }, "geometry": { "type": "Point", "coordinates": [ 5.730221, 50.960809 ] } },
{ "type": "Feature", "properties": { "dist": 0.440167, "ffreq2": 0, "ffreq3": 1 }, "geometry": { "type": "Point", "coordinates": [ 5.73079, 50.960807 ] } },
{ "type": "Feature", "properties": { "dist": 0.423837, "ffreq2": 0, "ffreq3": 1 }, "geometry": { "type": "Point", "coordinates": [ 5.731359, 50.960805 ] } },
{ "type": "Feature", "properties": { "dist": 0.40755, "ffreq2": 0, "ffreq3": 1 }, "geometry": { "type": "Point", "coordinates": [ 5.731929, 50.960804 ] } },
{ "type": "Feature", "properties": { "dist": 0.38581, "ffreq2": 0, "ffreq3": 1 }, "geometry": { "type": "Point", "coordinates": [ 5.732498, 50.960802 ] } },
{ "type": "Feature", "properties": { "dist": 0.364067, "ffreq2": 0, "ffreq3": 1 }, "geometry": { "type": "Point", "coordinates": [ 5.733067, 50.9608 ] } },
{ "type": "Feature", "properties": { "dist": 0.342324, "ffreq2": 1, "ffreq3": 0 }, "geometry": { "type": "Point", "coordinates": [ 5.733637, 50.960799 ] } },
{ "type": "Feature", "properties": { "dist": 0.32058, "ffreq2": 1, "ffreq3": 0 }, "geometry": { "type": "Point", "coordinates": [ 5.734206, 50.960797 ] } },
{ "type": "Feature", "properties": { "dist": 0.298832, "ffreq2": 1, "ffreq3": 0 }, "geometry": { "type": "Point", "coordinates": [ 5.734775, 50.960795 ] } },
{ "type": "Feature", "properties": { "dist": 0.271622, "ffreq2": 1, "ffreq3": 0 }, "geometry": { "type": "Point", "coordinates": [ 5.735345, 50.960793 ] } },
{ "type": "Feature", "properties": { "dist": 0.244474, "ffreq2": 1, "ffreq3": 0 }, "geometry": { "type": "Point", "coordinates": [ 5.735914, 50.960792 ] } },
{ "type": "Feature", "properties": { "dist": 0.222718, "ffreq2": 1, "ffreq3": 0 }, "geometry": { "type": "Point", "coordinates": [ 5.736483, 50.96079 ] } },
{ "type": "Feature", "properties": { "dist": 0.190094, "ffreq2": 1, "ffreq3": 0 }, "geometry": { "type": "Point", "coordinates": [ 5.737053, 50.960788 ] } },
{ "type": "Feature", "properties": { "dist": 0.168336, "ffreq2": 1, "ffreq3": 0 }, "geometry": { "type": "Point", "coordinates": [ 5.737622, 50.960787 ] } },
{ "type": "Feature", "properties": { "dist": 0.141086, "ffreq2": 1, "ffreq3": 0 }, "geometry": { "type": "Point", "coordinates": [ 5.738191, 50.960785 ] } },
{ "type": "Feature", "properties": { "dist": 0.113941, "ffreq2": 0, "ffreq3": 1 }, "geometry": { "type": "Point", "coordinates": [ 5.738761, 50.960783 ] } },
{ "type": "Feature", "properties": { "dist": 0.0921598, "ffreq2": 1, "ffreq3": 0 }, "geometry": { "type": "Point", "coordinates": [ 5.73933, 50.960781 ] } },
{ "type": "Feature", "properties": { "dist": 0.070355, "ffreq2": 1, "ffreq3": 0 }, "geometry": { "type": "Point", "coordinates": [ 5.739899, 50.96078 ] } },
{ "type": "Feature", "properties": { "dist": 0.0484965, "ffreq2": 1, "ffreq3": 0 }, "geometry": { "type": "Point", "coordinates": [ 5.740469, 50.960778 ] } },
{ "type": "Feature", "properties": { "dist": 0.0264697, "ffreq2": 1, "ffreq3": 0 }, "geometry": { "type": "Point", "coordinates": [ 5.741038, 50.960776 ] } },
{ "type": "Feature", "properties": { "dist": 0.00135803, "ffreq2": 1, "ffreq3": 0 }, "geometry": { "type": "Point", "coordinates": [ 5.741607, 50.960774 ] } },
{ "type": "Feature", "properties": { "dist": 0.0, "ffreq2": 1, "ffreq3": 0 }, "geometry": { "type": "Point", "coordinates": [ 5.742176, 50.960773 ] } },
{ "type": "Feature", "properties": { "dist": 0.0, "ffreq2": 0, "ffreq3": 1 }, "geometry": { "type": "Point", "coordinates": [ 5.750716, 50.960746 ] } },
{ "type": "Feature", "properties": { "dist": 0.0, "ffreq2": 0, "ffreq3": 1 }, "geometry": { "type": "Point", "coordinates": [ 5.751286, 50.960744 ] } },
{ "type": "Feature", "properties": { "dist": 0.0122243, "ffreq2": 0, "ffreq3": 1 }, "geometry": { "type": "Point", "coordinates": [ 5.751855, 50.960743 ] } },
{ "type": "Feature", "properties": { "dist": 0.0373395, "ffreq2": 0, "ffreq3": 1 }, "geometry": { "type": "Point", "coordinates": [ 5.752424, 50.960741 ] } },
{ "type": "Feature", "properties": { "dist": 0.0703358, "ffreq2": 0, "ffreq3": 1 }, "geometry": { "type": "Point", "coordinates": [ 5.752994, 50.960739 ] } },
{ "type": "Feature", "properties": { "dist": 0.0217284, "ffreq2": 0, "ffreq3": 0 }, "geometry": { "type": "Point", "coordinates": [ 5.721109, 50.960476 ] } },
{ "type": "Feature", "properties": { "dist": 0.0054321, "ffreq2": 0, "ffreq3": 0 }, "geometry": { "type": "Point", "coordinates": [ 5.721678, 50.960474 ] } },
{ "type": "Feature", "properties": { "dist": 0.0537723, "ffreq2": 0, "ffreq3": 0 }, "geometry": { "type": "Point", "coordinates": [ 5.722248, 50.960472 ] } },
{ "type": "Feature", "properties": { "dist": 0.09213, "ffreq2": 0, "ffreq3": 0 }, "geometry": { "type": "Point", "coordinates": [ 5.722817, 50.960471 ] } },
{ "type": "Feature", "properties": { "dist": 0.119308, "ffreq2": 1, "ffreq3": 0 }, "geometry": { "type": "Point", "coordinates": [ 5.723386, 50.960469 ] } },
{ "type": "Feature", "properties": { "dist": 0.162831, "ffreq2": 1, "ffreq3": 0 }, "geometry": { "type": "Point", "coordinates": [ 5.723956, 50.960468 ] } },
{ "type": "Feature", "properties": { "dist": 0.190086, "ffreq2": 1, "ffreq3": 0 }, "geometry": { "type": "Point", "coordinates": [ 5.724525, 50.960466 ] } },
{ "type": "Feature", "properties": { "dist": 0.222718, "ffreq2": 1, "ffreq3": 0 }, "geometry": { "type": "Point", "coordinates": [ 5.725094, 50.960464 ] } },
{ "type": "Feature", "properties": { "dist": 0.249874, "ffreq2": 1, "ffreq3": 0 }, "geometry": { "type": "Point", "coordinates": [ 5.725664, 50.960463 ] } },
{ "type": "Feature", "properties": { "dist": 0.277087, "ffreq2": 0, "ffreq3": 1 }, "geometry": { "type": "Point", "coordinates": [ 5.726233, 50.960461 ] } },
{ "type": "Feature", "properties": { "dist": 0.309702, "ffreq2": 0, "ffreq3": 1 }, "geometry": { "type": "Point", "coordinates": [ 5.726802, 50.960459 ] } },
{ "type": "Feature", "properties": { "dist": 0.336861, "ffreq2": 0, "ffreq3": 1 }, "geometry": { "type": "Point", "coordinates": [ 5.727371, 50.960458 ] } },
{ "type": "Feature", "properties": { "dist": 0.364062, "ffreq2": 0, "ffreq3": 1 }, "geometry": { "type": "Point", "coordinates": [ 5.727941, 50.960456 ] } },
{ "type": "Feature", "properties": { "dist": 0.38035, "ffreq2": 0, "ffreq3": 1 }, "geometry": { "type": "Point", "coordinates": [ 5.72851, 50.960454 ] } },
{ "type": "Feature", "properties": { "dist": 0.396683, "ffreq2": 0, "ffreq3": 1 }, "geometry": { "type": "Point", "coordinates": [ 5.729079, 50.960453 ] } },
{ "type": "Feature", "properties": { "dist": 0.418425, "ffreq2": 0, "ffreq3": 1 }, "geometry": { "type": "Point", "coordinates": [ 5.729649, 50.960451 ] } },
{ "type": "Feature", "properties": { "dist": 0.434773, "ffreq2": 0, "ffreq3": 1 }, "geometry": { "type": "Point", "coordinates": [ 5.730218, 50.960449 ] } },
{ "type": "Feature", "properties": { "dist": 0.418425, "ffreq2": 0, "ffreq3": 1 }, "geometry": { "type": "Point", "coordinates": [ 5.730787, 50.960447 ] } },
{ "type": "Feature", "properties": { "dist": 0.396683, "ffreq2": 0, "ffreq3": 1 }, "geometry": { "type": "Point", "coordinates": [ 5.731357, 50.960446 ] } },
{ "type": "Feature", "properties": { "dist": 0.38035, "ffreq2": 0, "ffreq3": 1 }, "geometry": { "type": "Point", "coordinates": [ 5.731926, 50.960444 ] } },
{ "type": "Feature", "properties": { "dist": 0.364064, "ffreq2": 0, "ffreq3": 1 }, "geometry": { "type": "Point", "coordinates": [ 5.732495, 50.960442 ] } },
{ "type": "Feature", "properties": { "dist": 0.342324, "ffreq2": 1, "ffreq3": 0 }, "geometry": { "type": "Point", "coordinates": [ 5.733065, 50.960441 ] } },
{ "type": "Feature", "properties": { "dist": 0.32058, "ffreq2": 1, "ffreq3": 0 }, "geometry": { "type": "Point", "coordinates": [ 5.733634, 50.960439 ] } },
{ "type": "Feature", "properties": { "dist": 0.298835, "ffreq2": 1, "ffreq3": 0 }, "geometry": { "type": "Point", "coordinates": [ 5.734203, 50.960437 ] } },
{ "type": "Feature", "properties": { "dist": 0.27709, "ffreq2": 1, "ffreq3": 0 }, "geometry": { "type": "Point", "coordinates": [ 5.734773, 50.960436 ] } },
{ "type": "Feature", "properties": { "dist": 0.255341, "ffreq2": 1, "ffreq3": 0 }, "geometry": { "type": "Point", "coordinates": [ 5.735342, 50.960434 ] } },
{ "type": "Feature", "properties": { "dist": 0.228123, "ffreq2": 0, "ffreq3": 1 }, "geometry": { "type": "Point", "coordinates": [ 5.735911, 50.960432 ] } },
{ "type": "Feature", "properties": { "dist": 0.200976, "ffreq2": 0, "ffreq3": 1 }, "geometry": { "type": "Point", "coordinates": [ 5.736481, 50.96043 ] } },
{ "type": "Feature", "properties": { "dist": 0.179216, "ffreq2": 0, "ffreq3": 1 }, "geometry": { "type": "Point", "coordinates": [ 5.73705, 50.960429 ] } },
{ "type": "Feature", "properties": { "dist": 0.146578, "ffreq2": 0, "ffreq3": 1 }, "geometry": { "type": "Point", "coordinates": [ 5.737619, 50.960427 ] } },
{ "type": "Feature", "properties": { "dist": 0.124808, "ffreq2": 0, "ffreq3": 1 }, "geometry": { "type": "Point", "coordinates": [ 5.738189, 50.960425 ] } },
{ "type": "Feature", "properties": { "dist": 0.0975136, "ffreq2": 1, "ffreq3": 0 }, "geometry": { "type": "Point", "coordinates": [ 5.738758, 50.960424 ] } },
{ "type": "Feature", "properties": { "dist": 0.070355, "ffreq2": 1, "ffreq3": 0 }, "geometry": { "type": "Point", "coordinates": [ 5.739327, 50.960422 ] } },
{ "type": "Feature", "properties": { "dist": 0.0484965, "ffreq2": 1, "ffreq3": 0 }, "geometry": { "type": "Point", "coordinates": [ 5.739896, 50.96042 ] } },
{ "type": "Feature", "properties": { "dist": 0.0264697, "ffreq2": 1, "ffreq3": 0 }, "geometry": { "type": "Point", "coordinates": [ 5.740466, 50.960418 ] } },
{ "type": "Feature", "properties": { "dist": 0.00135803, "ffreq2": 1, "ffreq3": 0 }, "geometry": { "type": "Point", "coordinates": [ 5.741035, 50.960417 ] } },
{ "type": "Feature", "properties": { "dist": 0.0, "ffreq2": 1, "ffreq3": 0 }, "geometry": { "type": "Point", "coordinates": [ 5.741604, 50.960415 ] } },
{ "type": "Feature", "properties": { "dist": 0.0, "ffreq2": 0, "ffreq3": 1 }, "geometry": { "type": "Point", "coordinates": [ 5.751852, 50.960383 ] } },
{ "type": "Feature", "properties": { "dist": 0.0264615, "ffreq2": 0, "ffreq3": 1 }, "geometry": { "type": "Point", "coordinates": [ 5.752421, 50.960381 ] } },
{ "type": "Feature", "properties": { "dist": 0.0353889, "ffreq2": 0, "ffreq3": 1 }, "geometry": { "type": "Point", "coordinates": [ 5.752991, 50.960379 ] } },
{ "type": "Feature", "properties": { "dist": 0.0054321, "ffreq2": 0, "ffreq3": 0 }, "geometry": { "type": "Point", "coordinates": [ 5.721676, 50.960115 ] } },
{ "type": "Feature", "properties": { "dist": 0.0484831, "ffreq2": 0, "ffreq3": 0 }, "geometry": { "type": "Point", "coordinates": [ 5.722245, 50.960113 ] } },
{ "type": "Feature", "properties": { "dist": 0.0756869, "ffreq2": 0, "ffreq3": 0 }, "geometry": { "type": "Point", "coordinates": [ 5.722814, 50.960111 ] } },
{ "type": "Feature", "properties": { "dist": 0.119286, "ffreq2": 0, "ffreq3": 0 }, "geometry": { "type": "Point", "coordinates": [ 5.723384, 50.96011 ] } },
{ "type": "Feature", "properties": { "dist": 0.14657, "ffreq2": 1, "ffreq3": 0 }, "geometry": { "type": "Point", "coordinates": [ 5.723953, 50.960108 ] } },
{ "type": "Feature", "properties": { "dist": 0.179216, "ffreq2": 1, "ffreq3": 0 }, "geometry": { "type": "Point", "coordinates": [ 5.724522, 50.960106 ] } },
{ "type": "Feature", "properties": { "dist": 0.20637, "ffreq2": 1, "ffreq3": 0 }, "geometry": { "type": "Point", "coordinates": [ 5.725092, 50.960105 ] } },
{ "type": "Feature", "properties": { "dist": 0.233593, "ffreq2": 1, "ffreq3": 0 }, "geometry": { "type": "Point", "coordinates": [ 5.725661, 50.960103 ] } },
{ "type": "Feature", "properties": { "dist": 0.266212, "ffreq2": 0, "ffreq3": 1 }, "geometry": { "type": "Point", "coordinates": [ 5.72623, 50.960101 ] } },
{ "type": "Feature", "properties": { "dist": 0.29337, "ffreq2": 0, "ffreq3": 1 }, "geometry": { "type": "Point", "coordinates": [ 5.7268, 50.9601 ] } },
{ "type": "Feature", "properties": { "dist": 0.320574, "ffreq2": 0, "ffreq3": 1 }, "geometry": { "type": "Point", "coordinates": [ 5.727369, 50.960098 ] } },
{ "type": "Feature", "properties": { "dist": 0.336861, "ffreq2": 0, "ffreq3": 1 }, "geometry": { "type": "Point", "coordinates": [ 5.727938, 50.960096 ] } },
{ "type": "Feature", "properties": { "dist": 0.353197, "ffreq2": 0, "ffreq3": 1 }, "geometry": { "type": "Point", "coordinates": [ 5.728507, 50.960095 ] } },
{ "type": "Feature", "properties": { "dist": 0.37494, "ffreq2": 0, "ffreq3": 1 }, "geometry": { "type": "Point", "coordinates": [ 5.729077, 50.960093 ] } },
{ "type": "Feature", "properties": { "dist": 0.396666, "ffreq2": 0, "ffreq3": 1 }, "geometry": { "type": "Point", "coordinates": [ 5.729646, 50.960091 ] } },
{ "type": "Feature", "properties": { "dist": 0.402094, "ffreq2": 0, "ffreq3": 1 }, "geometry": { "type": "Point", "coordinates": [ 5.730215, 50.96009 ] } },
{ "type": "Feature", "properties": { "dist": 0.396675, "ffreq2": 0, "ffreq3": 1 }, "geometry": { "type": "Point", "coordinates": [ 5.730785, 50.960088 ] } },
{ "type": "Feature", "properties": { "dist": 0.37494, "ffreq2": 0, "ffreq3": 1 }, "geometry": { "type": "Point", "coordinates": [ 5.731354, 50.960086 ] } },
{ "type": "Feature", "properties": { "dist": 0.353197, "ffreq2": 0, "ffreq3": 1 }, "geometry": { "type": "Point", "coordinates": [ 5.731923, 50.960085 ] } },
{ "type": "Feature", "properties": { "dist": 0.336861, "ffreq2": 0, "ffreq3": 1 }, "geometry": { "type": "Point", "coordinates": [ 5.732493, 50.960083 ] } },
{ "type": "Feature", "properties": { "dist": 0.320577, "ffreq2": 0, "ffreq3": 1 }, "geometry": { "type": "Point", "coordinates": [ 5.733062, 50.960081 ] } },
{ "type": "Feature", "properties": { "dist": 0.298835, "ffreq2": 0, "ffreq3": 1 }, "geometry": { "type": "Point", "coordinates": [ 5.733631, 50.960079 ] } },
{ "type": "Feature", "properties": { "dist": 0.27709, "ffreq2": 1, "ffreq3": 0 }, "geometry": { "type": "Point", "coordinates": [ 5.734201, 50.960078 ] } },
{ "type": "Feature", "properties": { "dist": 0.255343, "ffreq2": 1, "ffreq3": 0 }, "geometry": { "type": "Point", "coordinates": [ 5.73477, 50.960076 ] } },
{ "type": "Feature", "properties": { "dist": 0.233596, "ffreq2": 0, "ffreq3": 1 }, "geometry": { "type": "Point", "coordinates": [ 5.735339, 50.960074 ] } },
{ "type": "Feature", "properties": { "dist": 0.211843, "ffreq2": 0, "ffreq3": 1 }, "geometry": { "type": "Point", "coordinates": [ 5.735909, 50.960073 ] } },
{ "type": "Feature", "properties": { "dist": 0.184614, "ffreq2": 0, "ffreq3": 1 }, "geometry": { "type": "Point", "coordinates": [ 5.736478, 50.960071 ] } },
{ "type": "Feature", "properties": { "dist": 0.157469, "ffreq2": 0, "ffreq3": 1 }, "geometry": { "type": "Point", "coordinates": [ 5.737047, 50.960069 ] } },
{ "type": "Feature", "properties": { "dist": 0.1357, "ffreq2": 0, "ffreq3": 1 }, "geometry": { "type": "Point", "coordinates": [ 5.737616, 50.960067 ] } },
{ "type": "Feature", "properties": { "dist": 0.103029, "ffreq2": 0, "ffreq3": 1 }, "geometry": { "type": "Point", "coordinates": [ 5.738186, 50.960066 ] } },
{ "type": "Feature", "properties": { "dist": 0.081222, "ffreq2": 1, "ffreq3": 0 }, "geometry": { "type": "Point", "coordinates": [ 5.738755, 50.960064 ] } },
{ "type": "Feature", "properties": { "dist": 0.0537889, "ffreq2": 1, "ffreq3": 0 }, "geometry": { "type": "Point", "coordinates": [ 5.739324, 50.960062 ] } },
{ "type": "Feature", "properties": { "dist": 0.0264697, "ffreq2": 1, "ffreq3": 0 }, "geometry": { "type": "Point", "coordinates": [ 5.739894, 50.960061 ] } },
{ "type": "Feature", "properties": { "dist": 0.00135803, "ffreq2": 1, "ffreq3": 0 }, "geometry": { "type": "Point", "coordinates": [ 5.740463, 50.960059 ] } },
{ "type": "Feature", "properties": { "dist": 0.0, "ffreq2": 1, "ffreq3": 0 }, "geometry": { "type": "Point", "coordinates": [ 5.741032, 50.960057 ] } },
{ "type": "Feature", "properties": { "dist": 0.0, "ffreq2": 0, "ffreq3": 1 }, "geometry": { "type": "Point", "coordinates": [ 5.752419, 50.960022 ] } },
{ "type": "Feature", "properties": { "dist": 0.0, "ffreq2": 0, "ffreq3": 1 }, "geometry": { "type": "Point", "coordinates": [ 5.752988, 50.96002 ] } },
{ "type": "Feature", "properties": { "dist": 0.00135803, "ffreq2": 0, "ffreq3": 0 }, "geometry": { "type": "Point", "coordinates": [ 5.721673, 50.959755 ] } },
{ "type": "Feature", "properties": { "dist": 0.0316663, "ffreq2": 0, "ffreq3": 0 }, "geometry": { "type": "Point", "coordinates": [ 5.722242, 50.959753 ] } },
{ "type": "Feature", "properties": { "dist": 0.0756649, "ffreq2": 0, "ffreq3": 0 }, "geometry": { "type": "Point", "coordinates": [ 5.722812, 50.959752 ] } },
{ "type": "Feature", "properties": { "dist": 0.103021, "ffreq2": 0, "ffreq3": 0 }, "geometry": { "type": "Point", "coordinates": [ 5.723381, 50.95975 ] } },
{ "type": "Feature", "properties": { "dist": 0.1357, "ffreq2": 1, "ffreq3": 0 }, "geometry": { "type": "Point", "coordinates": [ 5.72395, 50.959748 ] } },
{ "type": "Feature", "properties": { "dist": 0.162853, "ffreq2": 1, "ffreq3": 0 }, "geometry": { "type": "Point", "coordinates": [ 5.72452, 50.959747 ] } },
{ "type": "Feature", "properties": { "dist": 0.190091, "ffreq2": 1, "ffreq3": 0 }, "geometry": { "type": "Point", "coordinates": [ 5.725089, 50.959745 ] } },
{ "type": "Feature", "properties": { "dist": 0.222718, "ffreq2": 1, "ffreq3": 0 }, "geometry": { "type": "Point", "coordinates": [ 5.725658, 50.959743 ] } },
{ "type": "Feature", "properties": { "dist": 0.249874, "ffreq2": 0, "ffreq3": 1 }, "geometry": { "type": "Point", "coordinates": [ 5.726228, 50.959742 ] } },
{ "type": "Feature", "properties": { "dist": 0.277084, "ffreq2": 0, "ffreq3": 1 }, "geometry": { "type": "Point", "coordinates": [ 5.726797, 50.95974 ] } },
{ "type": "Feature", "properties": { "dist": 0.29337, "ffreq2": 0, "ffreq3": 1 }, "geometry": { "type": "Point", "coordinates": [ 5.727366, 50.959738 ] } },
{ "type": "Feature", "properties": { "dist": 0.30971, "ffreq2": 0, "ffreq3": 1 }, "geometry": { "type": "Point", "coordinates": [ 5.727936, 50.959737 ] } },
{ "type": "Feature", "properties": { "dist": 0.331454, "ffreq2": 0, "ffreq3": 1 }, "geometry": { "type": "Point", "coordinates": [ 5.728505, 50.959735 ] } },
{ "type": "Feature", "properties": { "dist": 0.353181, "ffreq2": 0, "ffreq3": 1 }, "geometry": { "type": "Point", "coordinates": [ 5.729074, 50.959733 ] } },
{ "type": "Feature", "properties": { "dist": 0.358606, "ffreq2": 0, "ffreq3": 1 }, "geometry": { "type": "Point", "coordinates": [ 5.729643, 50.959732 ] } },
{ "type": "Feature", "properties": { "dist": 0.374935, "ffreq2": 0, "ffreq3": 1 }, "geometry": { "type": "Point", "coordinates": [ 5.730213, 50.95973 ] } },
{ "type": "Feature", "properties": { "dist": 0.364064, "ffreq2": 0, "ffreq3": 1 }, "geometry": { "type": "Point", "coordinates": [ 5.730782, 50.959728 ] } },
{ "type": "Feature", "properties": { "dist": 0.353189, "ffreq2": 0, "ffreq3": 1 }, "geometry": { "type": "Point", "coordinates": [ 5.731351, 50.959727 ] } },
{ "type": "Feature", "properties": { "dist": 0.331454, "ffreq2": 0, "ffreq3": 1 }, "geometry": { "type": "Point", "coordinates": [ 5.731921, 50.959725 ] } },
{ "type": "Feature", "properties": { "dist": 0.30971, "ffreq2": 0, "ffreq3": 1 }, "geometry": { "type": "Point", "coordinates": [ 5.73249, 50.959723 ] } },
{ "type": "Feature", "properties": { "dist": 0.29337, "ffreq2": 0, "ffreq3": 1 }, "geometry": { "type": "Point", "coordinates": [ 5.733059, 50.959722 ] } },
{ "type": "Feature", "properties": { "dist": 0.277087, "ffreq2": 0, "ffreq3": 1 }, "geometry": { "type": "Point", "coordinates": [ 5.733629, 50.95972 ] } },
{ "type": "Feature", "properties": { "dist": 0.255343, "ffreq2": 0, "ffreq3": 1 }, "geometry": { "type": "Point", "coordinates": [ 5.734198, 50.959718 ] } },
{ "type": "Feature", "properties": { "dist": 0.233596, "ffreq2": 0, "ffreq3": 1 }, "geometry": { "type": "Point", "coordinates": [ 5.734767, 50.959716 ] } },
{ "type": "Feature", "properties": { "dist": 0.211846, "ffreq2": 0, "ffreq3": 1 }, "geometry": { "type": "Point", "coordinates": [ 5.735337, 50.959715 ] } },
{ "type": "Feature", "properties": { "dist": 0.190094, "ffreq2": 0, "ffreq3": 1 }, "geometry": { "type": "Point", "coordinates": [ 5.735906, 50.959713 ] } },
{ "type": "Feature", "properties": { "dist": 0.168336, "ffreq2": 0, "ffreq3": 1 }, "geometry": { "type": "Point", "coordinates": [ 5.736475, 50.959711 ] } },
{ "type": "Feature", "properties": { "dist": 0.141086, "ffreq2": 0, "ffreq3": 1 }, "geometry": { "type": "Point", "coordinates": [ 5.737044, 50.95971 ] } },
{ "type": "Feature", "properties": { "dist": 0.113941, "ffreq2": 0, "ffreq3": 1 }, "geometry": { "type": "Point", "coordinates": [ 5.737614, 50.959708 ] } },
{ "type": "Feature", "properties": { "dist": 0.0921516, "ffreq2": 0, "ffreq3": 1 }, "geometry": { "type": "Point", "coordinates": [ 5.738183, 50.959706 ] } },
{ "type": "Feature", "properties": { "dist": 0.0593662, "ffreq2": 1, "ffreq3": 0 }, "geometry": { "type": "Point", "coordinates": [ 5.738752, 50.959704 ] } },
{ "type": "Feature", "properties": { "dist": 0.0373369, "ffreq2": 1, "ffreq3": 0 }, "geometry": { "type": "Point", "coordinates": [ 5.739322, 50.959703 ] } },
{ "type": "Feature", "properties": { "dist": 0.0054321, "ffreq2": 1, "ffreq3": 0 }, "geometry": { "type": "Point", "coordinates": [ 5.739891, 50.959701 ] } },
{ "type": "Feature", "properties": { "dist": 0.0, "ffreq2": 1, "ffreq3": 0 }, "geometry": { "type": "Point", "coordinates": [ 5.74046, 50.959699 ] } },
{ "type": "Feature", "properties": { "dist": 0.0, "ffreq2": 0, "ffreq3": 0 }, "geometry": { "type": "Point", "coordinates": [ 5.721671, 50.959396 ] } },
{ "type": "Feature", "properties": { "dist": 0.0316606, "ffreq2": 0, "ffreq3": 0 }, "geometry": { "type": "Point", "coordinates": [ 5.72224, 50.959394 ] } },
{ "type": "Feature", "properties": { "dist": 0.059361, "ffreq2": 0, "ffreq3": 0 }, "geometry": { "type": "Point", "coordinates": [ 5.722809, 50.959392 ] } },
{ "type": "Feature", "properties": { "dist": 0.0921516, "ffreq2": 0, "ffreq3": 0 }, "geometry": { "type": "Point", "coordinates": [ 5.723378, 50.959391 ] } },
{ "type": "Feature", "properties": { "dist": 0.119308, "ffreq2": 0, "ffreq3": 0 }, "geometry": { "type": "Point", "coordinates": [ 5.723948, 50.959389 ] } },
{ "type": "Feature", "properties": { "dist": 0.146576, "ffreq2": 0, "ffreq3": 0 }, "geometry": { "type": "Point", "coordinates": [ 5.724517, 50.959387 ] } },
{ "type": "Feature", "properties": { "dist": 0.179216, "ffreq2": 1, "ffreq3": 0 }, "geometry": { "type": "Point", "coordinates": [ 5.725086, 50.959386 ] } },
{ "type": "Feature", "properties": { "dist": 0.20637, "ffreq2": 1, "ffreq3": 0 }, "geometry": { "type": "Point", "coordinates": [ 5.725656, 50.959384 ] } },
{ "type": "Feature", "properties": { "dist": 0.23359, "ffreq2": 0, "ffreq3": 1 }, "geometry": { "type": "Point", "coordinates": [ 5.726225, 50.959382 ] } },
{ "type": "Feature", "properties": { "dist": 0.249874, "ffreq2": 0, "ffreq3": 1 }, "geometry": { "type": "Point", "coordinates": [ 5.726794, 50.959381 ] } },
{ "type": "Feature", "properties": { "dist": 0.26622, "ffreq2": 0, "ffreq3": 1 }, "geometry": { "type": "Point", "coordinates": [ 5.727364, 50.959379 ] } },
{ "type": "Feature", "properties": { "dist": 0.287966, "ffreq2": 0, "ffreq3": 1 }, "geometry": { "type": "Point", "coordinates": [ 5.727933, 50.959377 ] } },
{ "type": "Feature", "properties": { "dist": 0.309694, "ffreq2": 0, "ffreq3": 1 }, "geometry": { "type": "Point", "coordinates": [ 5.728502, 50.959376 ] } },
{ "type": "Feature", "properties": { "dist": 0.315116, "ffreq2": 0, "ffreq3": 1 }, "geometry": { "type": "Point", "coordinates": [ 5.729071, 50.959374 ] } },
{ "type": "Feature", "properties": { "dist": 0.336861, "ffreq2": 0, "ffreq3": 1 }, "geometry": { "type": "Point", "coordinates": [ 5.729641, 50.959372 ] } },
{ "type": "Feature", "properties": { "dist": 0.353189, "ffreq2": 0, "ffreq3": 1 }, "geometry": { "type": "Point", "coordinates": [ 5.73021, 50.959371 ] } },
{ "type": "Feature", "properties": { "dist": 0.336861, "ffreq2": 0, "ffreq3": 1 }, "geometry": { "type": "Point", "coordinates": [ 5.730779, 50.959369 ] } },
{ "type": "Feature", "properties": { "dist": 0.320577, "ffreq2": 0, "ffreq3": 1 }, "geometry": { "type": "Point", "coordinates": [ 5.731349, 50.959367 ] } },
{ "type": "Feature", "properties": { "dist": 0.309702, "ffreq2": 0, "ffreq3": 1 }, "geometry": { "type": "Point", "coordinates": [ 5.731918, 50.959365 ] } },
{ "type": "Feature", "properties": { "dist": 0.287966, "ffreq2": 0, "ffreq3": 1 }, "geometry": { "type": "Point", "coordinates": [ 5.732487, 50.959364 ] } },
{ "type": "Feature", "properties": { "dist": 0.26622, "ffreq2": 1, "ffreq3": 0 }, "geometry": { "type": "Point", "coordinates": [ 5.733057, 50.959362 ] } },
{ "type": "Feature", "properties": { "dist": 0.249874, "ffreq2": 1, "ffreq3": 0 }, "geometry": { "type": "Point", "coordinates": [ 5.733626, 50.95936 ] } },
{ "type": "Feature", "properties": { "dist": 0.233593, "ffreq2": 1, "ffreq3": 0 }, "geometry": { "type": "Point", "coordinates": [ 5.734195, 50.959359 ] } },
{ "type": "Feature", "properties": { "dist": 0.211846, "ffreq2": 0, "ffreq3": 1 }, "geometry": { "type": "Point", "coordinates": [ 5.734764, 50.959357 ] } },
{ "type": "Feature", "properties": { "dist": 0.190094, "ffreq2": 0, "ffreq3": 1 }, "geometry": { "type": "Point", "coordinates": [ 5.735334, 50.959355 ] } },
{ "type": "Feature", "properties": { "dist": 0.168339, "ffreq2": 0, "ffreq3": 1 }, "geometry": { "type": "Point", "coordinates": [ 5.735903, 50.959354 ] } },
{ "type": "Feature", "properties": { "dist": 0.146578, "ffreq2": 0, "ffreq3": 1 }, "geometry": { "type": "Point", "coordinates": [ 5.736472, 50.959352 ] } },
{ "type": "Feature", "properties": { "dist": 0.124808, "ffreq2": 0, "ffreq3": 1 }, "geometry": { "type": "Point", "coordinates": [ 5.737042, 50.95935 ] } },
{ "type": "Feature", "properties": { "dist": 0.0975136, "ffreq2": 0, "ffreq3": 1 }, "geometry": { "type": "Point", "coordinates": [ 5.737611, 50.959348 ] } },
{ "type": "Feature", "properties": { "dist": 0.070355, "ffreq2": 0, "ffreq3": 1 }, "geometry": { "type": "Point", "coordinates": [ 5.73818, 50.959347 ] } },
{ "type": "Feature", "properties": { "dist": 0.0484884, "ffreq2": 1, "ffreq3": 0 }, "geometry": { "type": "Point", "coordinates": [ 5.73875, 50.959345 ] } },
{ "type": "Feature", "properties": { "dist": 0.0122243, "ffreq2": 1, "ffreq3": 0 }, "geometry": { "type": "Point", "coordinates": [ 5.739319, 50.959343 ] } },
{ "type": "Feature", "properties": { "dist": 0.0, "ffreq2": 1, "ffreq3": 0 }, "geometry": { "type": "Point", "coordinates": [ 5.739888, 50.959341 ] } },
{ "type": "Feature", "properties": { "dist": 0.0, "ffreq2": 0, "ffreq3": 0 }, "geometry": { "type": "Point", "coordinates": [ 5.721668, 50.959036 ] } },
{ "type": "Feature", "properties": { "dist": 0.0122243, "ffreq2": 0, "ffreq3": 0 }, "geometry": { "type": "Point", "coordinates": [ 5.722237, 50.959034 ] } },
{ "type": "Feature", "properties": { "dist": 0.0484884, "ffreq2": 0, "ffreq3": 0 }, "geometry": { "type": "Point", "coordinates": [ 5.722807, 50.959033 ] } },
{ "type": "Feature", "properties": { "dist": 0.0756869, "ffreq2": 0, "ffreq3": 0 }, "geometry": { "type": "Point", "coordinates": [ 5.723376, 50.959031 ] } },
{ "type": "Feature", "properties": { "dist": 0.103027, "ffreq2": 0, "ffreq3": 0 }, "geometry": { "type": "Point", "coordinates": [ 5.723945, 50.959029 ] } },
{ "type": "Feature", "properties": { "dist": 0.1357, "ffreq2": 0, "ffreq3": 0 }, "geometry": { "type": "Point", "coordinates": [ 5.724514, 50.959028 ] } },
{ "type": "Feature", "properties": { "dist": 0.162853, "ffreq2": 0, "ffreq3": 0 }, "geometry": { "type": "Point", "coordinates": [ 5.725084, 50.959026 ] } },
{ "type": "Feature", "properties": { "dist": 0.190089, "ffreq2": 1, "ffreq3": 0 }, "geometry": { "type": "Point", "coordinates": [ 5.725653, 50.959024 ] } },
{ "type": "Feature", "properties": { "dist": 0.20637, "ffreq2": 0, "ffreq3": 1 }, "geometry": { "type": "Point", "coordinates": [ 5.726222, 50.959023 ] } },
{ "type": "Feature", "properties": { "dist": 0.222726, "ffreq2": 0, "ffreq3": 1 }, "geometry": { "type": "Point", "coordinates": [ 5.726792, 50.959021 ] } },
{ "type": "Feature", "properties": { "dist": 0.244474, "ffreq2": 0, "ffreq3": 1 }, "geometry": { "type": "Point", "coordinates": [ 5.727361, 50.959019 ] } },
{ "type": "Feature", "properties": { "dist": 0.266204, "ffreq2": 0, "ffreq3": 1 }, "geometry": { "type": "Point", "coordinates": [ 5.72793, 50.959018 ] } },
{ "type": "Feature", "properties": { "dist": 0.271622, "ffreq2": 0, "ffreq3": 1 }, "geometry": { "type": "Point", "coordinates": [ 5.728499, 50.959016 ] } },
{ "type": "Feature", "properties": { "dist": 0.29337, "ffreq2": 0, "ffreq3": 1 }, "geometry": { "type": "Point", "coordinates": [ 5.729069, 50.959014 ] } },
{ "type": "Feature", "properties": { "dist": 0.315116, "ffreq2": 0, "ffreq3": 1 }, "geometry": { "type": "Point", "coordinates": [ 5.729638, 50.959013 ] } },
{ "type": "Feature", "properties": { "dist": 0.320574, "ffreq2": 0, "ffreq3": 1 }, "geometry": { "type": "Point", "coordinates": [ 5.730207, 50.959011 ] } },
{ "type": "Feature", "properties": { "dist": 0.309702, "ffreq2": 0, "ffreq3": 1 }, "geometry": { "type": "Point", "coordinates": [ 5.730777, 50.959009 ] } },
{ "type": "Feature", "properties": { "dist": 0.29337, "ffreq2": 0, "ffreq3": 1 }, "geometry": { "type": "Point", "coordinates": [ 5.731346, 50.959008 ] } },
{ "type": "Feature", "properties": { "dist": 0.277087, "ffreq2": 0, "ffreq3": 1 }, "geometry": { "type": "Point", "coordinates": [ 5.731915, 50.959006 ] } },
{ "type": "Feature", "properties": { "dist": 0.266212, "ffreq2": 0, "ffreq3": 1 }, "geometry": { "type": "Point", "coordinates": [ 5.732485, 50.959004 ] } },
{ "type": "Feature", "properties": { "dist": 0.244474, "ffreq2": 1, "ffreq3": 0 }, "geometry": { "type": "Point", "coordinates": [ 5.733054, 50.959002 ] } },
{ "type": "Feature", "properties": { "dist": 0.222726, "ffreq2": 1, "ffreq3": 0 }, "geometry": { "type": "Point", "coordinates": [ 5.733623, 50.959001 ] } },
{ "type": "Feature", "properties": { "dist": 0.20637, "ffreq2": 1, "ffreq3": 0 }, "geometry": { "type": "Point", "coordinates": [ 5.734192, 50.958999 ] } },
{ "type": "Feature", "properties": { "dist": 0.190091, "ffreq2": 1, "ffreq3": 0 }, "geometry": { "type": "Point", "coordinates": [ 5.734762, 50.958997 ] } },
{ "type": "Feature", "properties": { "dist": 0.168339, "ffreq2": 1, "ffreq3": 0 }, "geometry": { "type": "Point", "coordinates": [ 5.735331, 50.958996 ] } },
{ "type": "Feature", "properties": { "dist": 0.146578, "ffreq2": 0, "ffreq3": 1 }, "geometry": { "type": "Point", "coordinates": [ 5.7359, 50.958994 ] } },
{ "type": "Feature", "properties": { "dist": 0.12481, "ffreq2": 0, "ffreq3": 1 }, "geometry": { "type": "Point", "coordinates": [ 5.73647, 50.958992 ] } },
{ "type": "Feature", "properties": { "dist": 0.103029, "ffreq2": 0, "ffreq3": 1 }, "geometry": { "type": "Point", "coordinates": [ 5.737039, 50.958991 ] } },
{ "type": "Feature", "properties": { "dist": 0.081222, "ffreq2": 0, "ffreq3": 1 }, "geometry": { "type": "Point", "coordinates": [ 5.737608, 50.958989 ] } },
{ "type": "Feature", "properties": { "dist": 0.0537889, "ffreq2": 0, "ffreq3": 1 }, "geometry": { "type": "Point", "coordinates": [ 5.738178, 50.958987 ] } },
{ "type": "Feature", "properties": { "dist": 0.0264697, "ffreq2": 1, "ffreq3": 0 }, "geometry": { "type": "Point", "coordinates": [ 5.738747, 50.958985 ] } },
{ "type": "Feature", "properties": { "dist": 0.00241427, "ffreq2": 1, "ffreq3": 0 }, "geometry": { "type": "Point", "coordinates": [ 5.739316, 50.958984 ] } },
{ "type": "Feature", "properties": { "dist": 0.00135803, "ffreq2": 0, "ffreq3": 0 }, "geometry": { "type": "Point", "coordinates": [ 5.722235, 50.958675 ] } },
{ "type": "Feature", "properties": { "dist": 0.0316663, "ffreq2": 0, "ffreq3": 0 }, "geometry": { "type": "Point", "coordinates": [ 5.722804, 50.958673 ] } },
{ "type": "Feature", "properties": { "dist": 0.0593636, "ffreq2": 0, "ffreq3": 0 }, "geometry": { "type": "Point", "coordinates": [ 5.723373, 50.958671 ] } },
{ "type": "Feature", "properties": { "dist": 0.0921516, "ffreq2": 0, "ffreq3": 0 }, "geometry": { "type": "Point", "coordinates": [ 5.723942, 50.95867 ] } },
{ "type": "Feature", "properties": { "dist": 0.119308, "ffreq2": 0, "ffreq3": 0 }, "geometry": { "type": "Point", "coordinates": [ 5.724512, 50.958668 ] } },
{ "type": "Feature", "properties": { "dist": 0.146573, "ffreq2": 0, "ffreq3": 0 }, "geometry": { "type": "Point", "coordinates": [ 5.725081, 50.958666 ] } },
{ "type": "Feature", "properties": { "dist": 0.162853, "ffreq2": 0, "ffreq3": 0 }, "geometry": { "type": "Point", "coordinates": [ 5.72565, 50.958665 ] } },
{ "type": "Feature", "properties": { "dist": 0.179224, "ffreq2": 0, "ffreq3": 1 }, "geometry": { "type": "Point", "coordinates": [ 5.72622, 50.958663 ] } },
{ "type": "Feature", "properties": { "dist": 0.200976, "ffreq2": 0, "ffreq3": 1 }, "geometry": { "type": "Point", "coordinates": [ 5.726789, 50.958661 ] } },
{ "type": "Feature", "properties": { "dist": 0.22271, "ffreq2": 0, "ffreq3": 1 }, "geometry": { "type": "Point", "coordinates": [ 5.727358, 50.95866 ] } },
{ "type": "Feature", "properties": { "dist": 0.228123, "ffreq2": 0, "ffreq3": 1 }, "geometry": { "type": "Point", "coordinates": [ 5.727928, 50.958658 ] } },
{ "type": "Feature", "properties": { "dist": 0.249874, "ffreq2": 0, "ffreq3": 1 }, "geometry": { "type": "Point", "coordinates": [ 5.728497, 50.958656 ] } },
{ "type": "Feature", "properties": { "dist": 0.271622, "ffreq2": 0, "ffreq3": 1 }, "geometry": { "type": "Point", "coordinates": [ 5.729066, 50.958655 ] } },
{ "type": "Feature", "properties": { "dist": 0.287957, "ffreq2": 0, "ffreq3": 1 }, "geometry": { "type": "Point", "coordinates": [ 5.729635, 50.958653 ] } },
{ "type": "Feature", "properties": { "dist": 0.293359, "ffreq2": 0, "ffreq3": 1 }, "geometry": { "type": "Point", "coordinates": [ 5.730205, 50.958651 ] } },
{ "type": "Feature", "properties": { "dist": 0.277084, "ffreq2": 0, "ffreq3": 1 }, "geometry": { "type": "Point", "coordinates": [ 5.730774, 50.95865 ] } },
{ "type": "Feature", "properties": { "dist": 0.266212, "ffreq2": 0, "ffreq3": 1 }, "geometry": { "type": "Point", "coordinates": [ 5.731343, 50.958648 ] } },
{ "type": "Feature", "properties": { "dist": 0.249874, "ffreq2": 0, "ffreq3": 1 }, "geometry": { "type": "Point", "coordinates": [ 5.731913, 50.958646 ] } },
{ "type": "Feature", "properties": { "dist": 0.233593, "ffreq2": 0, "ffreq3": 1 }, "geometry": { "type": "Point", "coordinates": [ 5.732482, 50.958645 ] } },
{ "type": "Feature", "properties": { "dist": 0.222718, "ffreq2": 0, "ffreq3": 1 }, "geometry": { "type": "Point", "coordinates": [ 5.733051, 50.958643 ] } },
{ "type": "Feature", "properties": { "dist": 0.200976, "ffreq2": 1, "ffreq3": 0 }, "geometry": { "type": "Point", "coordinates": [ 5.73362, 50.958641 ] } },
{ "type": "Feature", "properties": { "dist": 0.179224, "ffreq2": 1, "ffreq3": 0 }, "geometry": { "type": "Point", "coordinates": [ 5.73419, 50.95864 ] } },
{ "type": "Feature", "properties": { "dist": 0.162853, "ffreq2": 1, "ffreq3": 0 }, "geometry": { "type": "Point", "coordinates": [ 5.734759, 50.958638 ] } },
{ "type": "Feature", "properties": { "dist": 0.146576, "ffreq2": 1, "ffreq3": 0 }, "geometry": { "type": "Point", "coordinates": [ 5.735328, 50.958636 ] } },
{ "type": "Feature", "properties": { "dist": 0.12481, "ffreq2": 1, "ffreq3": 0 }, "geometry": { "type": "Point", "coordinates": [ 5.735898, 50.958634 ] } },
{ "type": "Feature", "properties": { "dist": 0.103029, "ffreq2": 0, "ffreq3": 1 }, "geometry": { "type": "Point", "coordinates": [ 5.736467, 50.958633 ] } },
{ "type": "Feature", "properties": { "dist": 0.0812247, "ffreq2": 0, "ffreq3": 1 }, "geometry": { "type": "Point", "coordinates": [ 5.737036, 50.958631 ] } },
{ "type": "Feature", "properties": { "dist": 0.0593662, "ffreq2": 1, "ffreq3": 0 }, "geometry": { "type": "Point", "coordinates": [ 5.737606, 50.958629 ] } },
{ "type": "Feature", "properties": { "dist": 0.0373369, "ffreq2": 1, "ffreq3": 0 }, "geometry": { "type": "Point", "coordinates": [ 5.738175, 50.958628 ] } },
{ "type": "Feature", "properties": { "dist": 0.0054321, "ffreq2": 1, "ffreq3": 0 }, "geometry": { "type": "Point", "coordinates": [ 5.738744, 50.958626 ] } },
{ "type": "Feature", "properties": { "dist": 0.0, "ffreq2": 1, "ffreq3": 0 }, "geometry": { "type": "Point", "coordinates": [ 5.739313, 50.958624 ] } },
{ "type": "Feature", "properties": { "dist": 0.0, "ffreq2": 0, "ffreq3": 0 }, "geometry": { "type": "Point", "coordinates": [ 5.722232, 50.958315 ] } },
{ "type": "Feature", "properties": { "dist": 0.0122243, "ffreq2": 0, "ffreq3": 0 }, "geometry": { "type": "Point", "coordinates": [ 5.722801, 50.958314 ] } },
{ "type": "Feature", "properties": { "dist": 0.0484884, "ffreq2": 0, "ffreq3": 0 }, "geometry": { "type": "Point", "coordinates": [ 5.723371, 50.958312 ] } },
{ "type": "Feature", "properties": { "dist": 0.0756869, "ffreq2": 0, "ffreq3": 0 }, "geometry": { "type": "Point", "coordinates": [ 5.72394, 50.95831 ] } },
{ "type": "Feature", "properties": { "dist": 0.103024, "ffreq2": 0, "ffreq3": 0 }, "geometry": { "type": "Point", "coordinates": [ 5.724509, 50.958309 ] } },
{ "type": "Feature", "properties": { "dist": 0.119308, "ffreq2": 0, "ffreq3": 0 }, "geometry": { "type": "Point", "coordinates": [ 5.725078, 50.958307 ] } },
{ "type": "Feature", "properties": { "dist": 0.135709, "ffreq2": 0, "ffreq3": 0 }, "geometry": { "type": "Point", "coordinates": [ 5.725648, 50.958305 ] } },
{ "type": "Feature", "properties": { "dist": 0.157469, "ffreq2": 0, "ffreq3": 1 }, "geometry": { "type": "Point", "coordinates": [ 5.726217, 50.958304 ] } },
{ "type": "Feature", "properties": { "dist": 0.179208, "ffreq2": 0, "ffreq3": 1 }, "geometry": { "type": "Point", "coordinates": [ 5.726786, 50.958302 ] } },
{ "type": "Feature", "properties": { "dist": 0.184614, "ffreq2": 0, "ffreq3": 1 }, "geometry": { "type": "Point", "coordinates": [ 5.727356, 50.9583 ] } },
{ "type": "Feature", "properties": { "dist": 0.20637, "ffreq2": 0, "ffreq3": 1 }, "geometry": { "type": "Point", "coordinates": [ 5.727925, 50.958299 ] } },
{ "type": "Feature", "properties": { "dist": 0.228123, "ffreq2": 0, "ffreq3": 1 }, "geometry": { "type": "Point", "coordinates": [ 5.728494, 50.958297 ] } },
{ "type": "Feature", "properties": { "dist": 0.244466, "ffreq2": 0, "ffreq3": 1 }, "geometry": { "type": "Point", "coordinates": [ 5.729063, 50.958295 ] } },
{ "type": "Feature", "properties": { "dist": 0.255335, "ffreq2": 0, "ffreq3": 1 }, "geometry": { "type": "Point", "coordinates": [ 5.729633, 50.958294 ] } },
{ "type": "Feature", "properties": { "dist": 0.255333, "ffreq2": 0, "ffreq3": 1 }, "geometry": { "type": "Point", "coordinates": [ 5.730202, 50.958292 ] } },
{ "type": "Feature", "properties": { "dist": 0.249863, "ffreq2": 0, "ffreq3": 1 }, "geometry": { "type": "Point", "coordinates": [ 5.730771, 50.95829 ] } },
{ "type": "Feature", "properties": { "dist": 0.23359, "ffreq2": 0, "ffreq3": 1 }, "geometry": { "type": "Point", "coordinates": [ 5.731341, 50.958288 ] } },
{ "type": "Feature", "properties": { "dist": 0.222718, "ffreq2": 0, "ffreq3": 1 }, "geometry": { "type": "Point", "coordinates": [ 5.73191, 50.958287 ] } },
{ "type": "Feature", "properties": { "dist": 0.20637, "ffreq2": 0, "ffreq3": 1 }, "geometry": { "type": "Point", "coordinates": [ 5.732479, 50.958285 ] } },
{ "type": "Feature", "properties": { "dist": 0.190091, "ffreq2": 0, "ffreq3": 1 }, "geometry": { "type": "Point", "coordinates": [ 5.733049, 50.958283 ] } },
{ "type": "Feature", "properties": { "dist": 0.179216, "ffreq2": 1, "ffreq3": 0 }, "geometry": { "type": "Point", "coordinates": [ 5.733618, 50.958282 ] } },
{ "type": "Feature", "properties": { "dist": 0.157469, "ffreq2": 1, "ffreq3": 0 }, "geometry": { "type": "Point", "coordinates": [ 5.734187, 50.95828 ] } },
{ "type": "Feature", "properties": { "dist": 0.135709, "ffreq2": 1, "ffreq3": 0 }, "geometry": { "type": "Point", "coordinates": [ 5.734756, 50.958278 ] } },
{ "type": "Feature", "properties": { "dist": 0.119308, "ffreq2": 1, "ffreq3": 0 }, "geometry": { "type": "Point", "coordinates": [ 5.735326, 50.958277 ] } },
{ "type": "Feature", "properties": { "dist": 0.103027, "ffreq2": 1, "ffreq3": 0 }, "geometry": { "type": "Point", "coordinates": [ 5.735895, 50.958275 ] } },
{ "type": "Feature", "properties": { "dist": 0.0812247, "ffreq2": 1, "ffreq3": 0 }, "geometry": { "type": "Point", "coordinates": [ 5.736464, 50.958273 ] } },
{ "type": "Feature", "properties": { "dist": 0.0593662, "ffreq2": 1, "ffreq3": 0 }, "geometry": { "type": "Point", "coordinates": [ 5.737034, 50.958271 ] } },
{ "type": "Feature", "properties": { "dist": 0.0373395, "ffreq2": 1, "ffreq3": 0 }, "geometry": { "type": "Point", "coordinates": [ 5.737603, 50.95827 ] } },
{ "type": "Feature", "properties": { "dist": 0.0122243, "ffreq2": 1, "ffreq3": 0 }, "geometry": { "type": "Point", "coordinates": [ 5.738172, 50.958268 ] } },
{ "type": "Feature", "properties": { "dist": 0.0, "ffreq2": 1, "ffreq3": 0 }, "geometry": { "type": "Point", "coordinates": [ 5.738741, 50.958266 ] } },
{ "type": "Feature", "properties": { "dist": 0.0, "ffreq2": 0, "ffreq3": 0 }, "geometry": { "type": "Point", "coordinates": [ 5.722229, 50.957956 ] } },
{ "type": "Feature", "properties": { "dist": 0.00135803, "ffreq2": 0, "ffreq3": 0 }, "geometry": { "type": "Point", "coordinates": [ 5.722799, 50.957954 ] } },
{ "type": "Feature", "properties": { "dist": 0.0316663, "ffreq2": 0, "ffreq3": 0 }, "geometry": { "type": "Point", "coordinates": [ 5.723368, 50.957952 ] } },
{ "type": "Feature", "properties": { "dist": 0.059361, "ffreq2": 0, "ffreq3": 0 }, "geometry": { "type": "Point", "coordinates": [ 5.723937, 50.957951 ] } },
{ "type": "Feature", "properties": { "dist": 0.0756869, "ffreq2": 0, "ffreq3": 0 }, "geometry": { "type": "Point", "coordinates": [ 5.724507, 50.957949 ] } },
{ "type": "Feature", "properties": { "dist": 0.0921598, "ffreq2": 0, "ffreq3": 0 }, "geometry": { "type": "Point", "coordinates": [ 5.725076, 50.957947 ] } },
{ "type": "Feature", "properties": { "dist": 0.113941, "ffreq2": 0, "ffreq3": 0 }, "geometry": { "type": "Point", "coordinates": [ 5.725645, 50.957946 ] } },
{ "type": "Feature", "properties": { "dist": 0.135692, "ffreq2": 0, "ffreq3": 1 }, "geometry": { "type": "Point", "coordinates": [ 5.726214, 50.957944 ] } },
{ "type": "Feature", "properties": { "dist": 0.141086, "ffreq2": 0, "ffreq3": 1 }, "geometry": { "type": "Point", "coordinates": [ 5.726784, 50.957942 ] } },
{ "type": "Feature", "properties": { "dist": 0.162853, "ffreq2": 0, "ffreq3": 0 }, "geometry": { "type": "Point", "coordinates": [ 5.727353, 50.957941 ] } },
{ "type": "Feature", "properties": { "dist": 0.184614, "ffreq2": 0, "ffreq3": 1 }, "geometry": { "type": "Point", "coordinates": [ 5.727922, 50.957939 ] } },
{ "type": "Feature", "properties": { "dist": 0.200968, "ffreq2": 0, "ffreq3": 1 }, "geometry": { "type": "Point", "coordinates": [ 5.728492, 50.957937 ] } },
{ "type": "Feature", "properties": { "dist": 0.211841, "ffreq2": 0, "ffreq3": 1 }, "geometry": { "type": "Point", "coordinates": [ 5.729061, 50.957936 ] } },
{ "type": "Feature", "properties": { "dist": 0.228107, "ffreq2": 0, "ffreq3": 1 }, "geometry": { "type": "Point", "coordinates": [ 5.72963, 50.957934 ] } },
{ "type": "Feature", "properties": { "dist": 0.22809, "ffreq2": 0, "ffreq3": 1 }, "geometry": { "type": "Point", "coordinates": [ 5.730199, 50.957932 ] } },
{ "type": "Feature", "properties": { "dist": 0.211835, "ffreq2": 0, "ffreq3": 1 }, "geometry": { "type": "Point", "coordinates": [ 5.730769, 50.957931 ] } },
{ "type": "Feature", "properties": { "dist": 0.206359, "ffreq2": 0, "ffreq3": 1 }, "geometry": { "type": "Point", "coordinates": [ 5.731338, 50.957929 ] } },
{ "type": "Feature", "properties": { "dist": 0.190089, "ffreq2": 0, "ffreq3": 1 }, "geometry": { "type": "Point", "coordinates": [ 5.731907, 50.957927 ] } },
{ "type": "Feature", "properties": { "dist": 0.179216, "ffreq2": 0, "ffreq3": 1 }, "geometry": { "type": "Point", "coordinates": [ 5.732477, 50.957926 ] } },
{ "type": "Feature", "properties": { "dist": 0.162853, "ffreq2": 0, "ffreq3": 1 }, "geometry": { "type": "Point", "coordinates": [ 5.733046, 50.957924 ] } },
{ "type": "Feature", "properties": { "dist": 0.146576, "ffreq2": 0, "ffreq3": 1 }, "geometry": { "type": "Point", "coordinates": [ 5.733615, 50.957922 ] } },
{ "type": "Feature", "properties": { "dist": 0.1357, "ffreq2": 0, "ffreq3": 1 }, "geometry": { "type": "Point", "coordinates": [ 5.734184, 50.95792 ] } },
{ "type": "Feature", "properties": { "dist": 0.113941, "ffreq2": 1, "ffreq3": 0 }, "geometry": { "type": "Point", "coordinates": [ 5.734754, 50.957919 ] } },
{ "type": "Feature", "properties": { "dist": 0.0921598, "ffreq2": 1, "ffreq3": 0 }, "geometry": { "type": "Point", "coordinates": [ 5.735323, 50.957917 ] } },
{ "type": "Feature", "properties": { "dist": 0.0756869, "ffreq2": 1, "ffreq3": 0 }, "geometry": { "type": "Point", "coordinates": [ 5.735892, 50.957915 ] } },
{ "type": "Feature", "properties": { "dist": 0.0593636, "ffreq2": 1, "ffreq3": 0 }, "geometry": { "type": "Point", "coordinates": [ 5.736462, 50.957914 ] } },
{ "type": "Feature", "properties": { "dist": 0.0373395, "ffreq2": 1, "ffreq3": 0 }, "geometry": { "type": "Point", "coordinates": [ 5.737031, 50.957912 ] } },
{ "type": "Feature", "properties": { "dist": 0.0122243, "ffreq2": 1, "ffreq3": 0 }, "geometry": { "type": "Point", "coordinates": [ 5.7376, 50.95791 ] } },
{ "type": "Feature", "properties": { "dist": 0.0, "ffreq2": 1, "ffreq3": 0 }, "geometry": { "type": "Point", "coordinates": [ 5.738169, 50.957908 ] } },
{ "type": "Feature", "properties": { "dist": 0.0, "ffreq2": 0, "ffreq3": 0 }, "geometry": { "type": "Point", "coordinates": [ 5.722796, 50.957594 ] } },
{ "type": "Feature", "properties": { "dist": 0.0122243, "ffreq2": 0, "ffreq3": 0 }, "geometry": { "type": "Point", "coordinates": [ 5.723365, 50.957593 ] } },
{ "type": "Feature", "properties": { "dist": 0.0316663, "ffreq2": 0, "ffreq3": 0 }, "geometry": { "type": "Point", "coordinates": [ 5.723935, 50.957591 ] } },
{ "type": "Feature", "properties": { "dist": 0.0484965, "ffreq2": 0, "ffreq3": 0 }, "geometry": { "type": "Point", "coordinates": [ 5.724504, 50.95759 ] } },
{ "type": "Feature", "properties": { "dist": 0.070355, "ffreq2": 0, "ffreq3": 0 }, "geometry": { "type": "Point", "coordinates": [ 5.725073, 50.957588 ] } },
{ "type": "Feature", "properties": { "dist": 0.0921435, "ffreq2": 0, "ffreq3": 0 }, "geometry": { "type": "Point", "coordinates": [ 5.725642, 50.957586 ] } },
{ "type": "Feature", "properties": { "dist": 0.0975136, "ffreq2": 0, "ffreq3": 0 }, "geometry": { "type": "Point", "coordinates": [ 5.726212, 50.957585 ] } },
{ "type": "Feature", "properties": { "dist": 0.119308, "ffreq2": 0, "ffreq3": 0 }, "geometry": { "type": "Point", "coordinates": [ 5.726781, 50.957583 ] } },
{ "type": "Feature", "properties": { "dist": 0.141086, "ffreq2": 0, "ffreq3": 0 }, "geometry": { "type": "Point", "coordinates": [ 5.72735, 50.957581 ] } },
{ "type": "Feature", "properties": { "dist": 0.157461, "ffreq2": 0, "ffreq3": 0 }, "geometry": { "type": "Point", "coordinates": [ 5.72792, 50.95758 ] } },
{ "type": "Feature", "properties": { "dist": 0.168333, "ffreq2": 0, "ffreq3": 1 }, "geometry": { "type": "Point", "coordinates": [ 5.728489, 50.957578 ] } },
{ "type": "Feature", "properties": { "dist": 0.184603, "ffreq2": 0, "ffreq3": 1 }, "geometry": { "type": "Point", "coordinates": [ 5.729058, 50.957576 ] } },
{ "type": "Feature", "properties": { "dist": 0.184619, "ffreq2": 0, "ffreq3": 1 }, "geometry": { "type": "Point", "coordinates": [ 5.729627, 50.957574 ] } },
{ "type": "Feature", "properties": { "dist": 0.184603, "ffreq2": 0, "ffreq3": 1 }, "geometry": { "type": "Point", "coordinates": [ 5.730197, 50.957573 ] } },
{ "type": "Feature", "properties": { "dist": 0.184581, "ffreq2": 0, "ffreq3": 1 }, "geometry": { "type": "Point", "coordinates": [ 5.730766, 50.957571 ] } },
{ "type": "Feature", "properties": { "dist": 0.168328, "ffreq2": 0, "ffreq3": 1 }, "geometry": { "type": "Point", "coordinates": [ 5.731335, 50.957569 ] } },
{ "type": "Feature", "properties": { "dist": 0.162842, "ffreq2": 0, "ffreq3": 1 }, "geometry": { "type": "Point", "coordinates": [ 5.731905, 50.957568 ] } },
{ "type": "Feature", "properties": { "dist": 0.146573, "ffreq2": 0, "ffreq3": 1 }, "geometry": { "type": "Point", "coordinates": [ 5.732474, 50.957566 ] } },
{ "type": "Feature", "properties": { "dist": 0.1357, "ffreq2": 0, "ffreq3": 1 }, "geometry": { "type": "Point", "coordinates": [ 5.733043, 50.957564 ] } },
{ "type": "Feature", "properties": { "dist": 0.119308, "ffreq2": 0, "ffreq3": 1 }, "geometry": { "type": "Point", "coordinates": [ 5.733612, 50.957563 ] } },
{ "type": "Feature", "properties": { "dist": 0.103027, "ffreq2": 0, "ffreq3": 1 }, "geometry": { "type": "Point", "coordinates": [ 5.734182, 50.957561 ] } },
{ "type": "Feature", "properties": { "dist": 0.0921516, "ffreq2": 0, "ffreq3": 1 }, "geometry": { "type": "Point", "coordinates": [ 5.734751, 50.957559 ] } },
{ "type": "Feature", "properties": { "dist": 0.070355, "ffreq2": 0, "ffreq3": 1 }, "geometry": { "type": "Point", "coordinates": [ 5.73532, 50.957557 ] } },
{ "type": "Feature", "properties": { "dist": 0.0484965, "ffreq2": 1, "ffreq3": 0 }, "geometry": { "type": "Point", "coordinates": [ 5.73589, 50.957556 ] } },
{ "type": "Feature", "properties": { "dist": 0.0316663, "ffreq2": 1, "ffreq3": 0 }, "geometry": { "type": "Point", "coordinates": [ 5.736459, 50.957554 ] } },
{ "type": "Feature", "properties": { "dist": 0.0122243, "ffreq2": 1, "ffreq3": 0 }, "geometry": { "type": "Point", "coordinates": [ 5.737028, 50.957552 ] } },
{ "type": "Feature", "properties": { "dist": 0.0, "ffreq2": 1, "ffreq3": 0 }, "geometry": { "type": "Point", "coordinates": [ 5.737597, 50.957551 ] } },
{ "type": "Feature", "properties": { "dist": 0.0, "ffreq2": 0, "ffreq3": 0 }, "geometry": { "type": "Point", "coordinates": [ 5.723363, 50.957233 ] } },
{ "type": "Feature", "properties": { "dist": 0.00135803, "ffreq2": 0, "ffreq3": 0 }, "geometry": { "type": "Point", "coordinates": [ 5.723932, 50.957232 ] } },
{ "type": "Feature", "properties": { "dist": 0.0264697, "ffreq2": 0, "ffreq3": 0 }, "geometry": { "type": "Point", "coordinates": [ 5.724501, 50.95723 ] } },
{ "type": "Feature", "properties": { "dist": 0.0484831, "ffreq2": 0, "ffreq3": 0 }, "geometry": { "type": "Point", "coordinates": [ 5.725071, 50.957228 ] } },
{ "type": "Feature", "properties": { "dist": 0.0537889, "ffreq2": 0, "ffreq3": 0 }, "geometry": { "type": "Point", "coordinates": [ 5.72564, 50.957227 ] } },
{ "type": "Feature", "properties": { "dist": 0.0756869, "ffreq2": 0, "ffreq3": 0 }, "geometry": { "type": "Point", "coordinates": [ 5.726209, 50.957225 ] } },
{ "type": "Feature", "properties": { "dist": 0.0975136, "ffreq2": 0, "ffreq3": 0 }, "geometry": { "type": "Point", "coordinates": [ 5.726778, 50.957223 ] } },
{ "type": "Feature", "properties": { "dist": 0.113932, "ffreq2": 0, "ffreq3": 0 }, "geometry": { "type": "Point", "coordinates": [ 5.727348, 50.957222 ] } },
{ "type": "Feature", "properties": { "dist": 0.124805, "ffreq2": 0, "ffreq3": 0 }, "geometry": { "type": "Point", "coordinates": [ 5.727917, 50.95722 ] } },
{ "type": "Feature", "properties": { "dist": 0.141075, "ffreq2": 0, "ffreq3": 0 }, "geometry": { "type": "Point", "coordinates": [ 5.728486, 50.957218 ] } },
{ "type": "Feature", "properties": { "dist": 0.14657, "ffreq2": 0, "ffreq3": 1 }, "geometry": { "type": "Point", "coordinates": [ 5.729055, 50.957217 ] } },
{ "type": "Feature", "properties": { "dist": 0.162798, "ffreq2": 0, "ffreq3": 1 }, "geometry": { "type": "Point", "coordinates": [ 5.729625, 50.957215 ] } },
{ "type": "Feature", "properties": { "dist": 0.146562, "ffreq2": 0, "ffreq3": 1 }, "geometry": { "type": "Point", "coordinates": [ 5.730194, 50.957213 ] } },
{ "type": "Feature", "properties": { "dist": 0.141075, "ffreq2": 0, "ffreq3": 1 }, "geometry": { "type": "Point", "coordinates": [ 5.730763, 50.957212 ] } },
{ "type": "Feature", "properties": { "dist": 0.141053, "ffreq2": 0, "ffreq3": 1 }, "geometry": { "type": "Point", "coordinates": [ 5.731333, 50.95721 ] } },
{ "type": "Feature", "properties": { "dist": 0.1248, "ffreq2": 0, "ffreq3": 1 }, "geometry": { "type": "Point", "coordinates": [ 5.731902, 50.957208 ] } },
{ "type": "Feature", "properties": { "dist": 0.119297, "ffreq2": 0, "ffreq3": 1 }, "geometry": { "type": "Point", "coordinates": [ 5.732471, 50.957206 ] } },
{ "type": "Feature", "properties": { "dist": 0.103024, "ffreq2": 0, "ffreq3": 1 }, "geometry": { "type": "Point", "coordinates": [ 5.73304, 50.957205 ] } },
{ "type": "Feature", "properties": { "dist": 0.0921516, "ffreq2": 0, "ffreq3": 1 }, "geometry": { "type": "Point", "coordinates": [ 5.73361, 50.957203 ] } },
{ "type": "Feature", "properties": { "dist": 0.0756869, "ffreq2": 0, "ffreq3": 1 }, "geometry": { "type": "Point", "coordinates": [ 5.734179, 50.957201 ] } },
{ "type": "Feature", "properties": { "dist": 0.0593636, "ffreq2": 1, "ffreq3": 0 }, "geometry": { "type": "Point", "coordinates": [ 5.734748, 50.9572 ] } },
{ "type": "Feature", "properties": { "dist": 0.0484884, "ffreq2": 1, "ffreq3": 0 }, "geometry": { "type": "Point", "coordinates": [ 5.735318, 50.957198 ] } },
{ "type": "Feature", "properties": { "dist": 0.0264697, "ffreq2": 1, "ffreq3": 0 }, "geometry": { "type": "Point", "coordinates": [ 5.735887, 50.957196 ] } },
{ "type": "Feature", "properties": { "dist": 0.00135803, "ffreq2": 1, "ffreq3": 0 }, "geometry": { "type": "Point", "coordinates": [ 5.736456, 50.957195 ] } },
{ "type": "Feature", "properties": { "dist": 0.0, "ffreq2": 1, "ffreq3": 0 }, "geometry": { "type": "Point", "coordinates": [ 5.737025, 50.957193 ] } },
{ "type": "Feature", "properties": { "dist": 0.0, "ffreq2": 0, "ffreq3": 0 }, "geometry": { "type": "Point", "coordinates": [ 5.723929, 50.956872 ] } },
{ "type": "Feature", "properties": { "dist": 0.00135803, "ffreq2": 0, "ffreq3": 0 }, "geometry": { "type": "Point", "coordinates": [ 5.724499, 50.95687 ] } },
{ "type": "Feature", "properties": { "dist": 0.0054321, "ffreq2": 0, "ffreq3": 0 }, "geometry": { "type": "Point", "coordinates": [ 5.725068, 50.956869 ] } },
{ "type": "Feature", "properties": { "dist": 0.0316663, "ffreq2": 0, "ffreq3": 0 }, "geometry": { "type": "Point", "coordinates": [ 5.725637, 50.956867 ] } },
{ "type": "Feature", "properties": { "dist": 0.0537889, "ffreq2": 0, "ffreq3": 0 }, "geometry": { "type": "Point", "coordinates": [ 5.726206, 50.956865 ] } },
{ "type": "Feature", "properties": { "dist": 0.0703468, "ffreq2": 0, "ffreq3": 0 }, "geometry": { "type": "Point", "coordinates": [ 5.726776, 50.956864 ] } },
{ "type": "Feature", "properties": { "dist": 0.0812194, "ffreq2": 0, "ffreq3": 0 }, "geometry": { "type": "Point", "coordinates": [ 5.727345, 50.956862 ] } },
{ "type": "Feature", "properties": { "dist": 0.0975026, "ffreq2": 0, "ffreq3": 0 }, "geometry": { "type": "Point", "coordinates": [ 5.727914, 50.95686 ] } },
{ "type": "Feature", "properties": { "dist": 0.103021, "ffreq2": 0, "ffreq3": 0 }, "geometry": { "type": "Point", "coordinates": [ 5.728484, 50.956859 ] } },
{ "type": "Feature", "properties": { "dist": 0.119286, "ffreq2": 0, "ffreq3": 1 }, "geometry": { "type": "Point", "coordinates": [ 5.729053, 50.956857 ] } },
{ "type": "Feature", "properties": { "dist": 0.119275, "ffreq2": 0, "ffreq3": 1 }, "geometry": { "type": "Point", "coordinates": [ 5.729622, 50.956855 ] } },
{ "type": "Feature", "properties": { "dist": 0.119259, "ffreq2": 1, "ffreq3": 0 }, "geometry": { "type": "Point", "coordinates": [ 5.730191, 50.956854 ] } },
{ "type": "Feature", "properties": { "dist": 0.103019, "ffreq2": 0, "ffreq3": 1 }, "geometry": { "type": "Point", "coordinates": [ 5.730761, 50.956852 ] } },
{ "type": "Feature", "properties": { "dist": 0.0975026, "ffreq2": 0, "ffreq3": 1 }, "geometry": { "type": "Point", "coordinates": [ 5.73133, 50.95685 ] } },
{ "type": "Feature", "properties": { "dist": 0.0974806, "ffreq2": 0, "ffreq3": 1 }, "geometry": { "type": "Point", "coordinates": [ 5.731899, 50.956849 ] } },
{ "type": "Feature", "properties": { "dist": 0.0812167, "ffreq2": 0, "ffreq3": 1 }, "geometry": { "type": "Point", "coordinates": [ 5.732468, 50.956847 ] } },
{ "type": "Feature", "properties": { "dist": 0.0756759, "ffreq2": 0, "ffreq3": 1 }, "geometry": { "type": "Point", "coordinates": [ 5.733038, 50.956845 ] } },
{ "type": "Feature", "properties": { "dist": 0.059361, "ffreq2": 0, "ffreq3": 1 }, "geometry": { "type": "Point", "coordinates": [ 5.733607, 50.956844 ] } },
{ "type": "Feature", "properties": { "dist": 0.0484884, "ffreq2": 1, "ffreq3": 0 }, "geometry": { "type": "Point", "coordinates": [ 5.734176, 50.956842 ] } },
{ "type": "Feature", "properties": { "dist": 0.0316663, "ffreq2": 1, "ffreq3": 0 }, "geometry": { "type": "Point", "coordinates": [ 5.734746, 50.95684 ] } },
{ "type": "Feature", "properties": { "dist": 0.0122243, "ffreq2": 1, "ffreq3": 0 }, "geometry": { "type": "Point", "coordinates": [ 5.735315, 50.956838 ] } },
{ "type": "Feature", "properties": { "dist": 0.00135803, "ffreq2": 1, "ffreq3": 0 }, "geometry": { "type": "Point", "coordinates": [ 5.735884, 50.956837 ] } },
{ "type": "Feature", "properties": { "dist": 0.0, "ffreq2": 1, "ffreq3": 0 }, "geometry": { "type": "Point", "coordinates": [ 5.736453, 50.956835 ] } },
{ "type": "Feature", "properties": { "dist": 0.0, "ffreq2": 0, "ffreq3": 0 }, "geometry": { "type": "Point", "coordinates": [ 5.725065, 50.956509 ] } },
{ "type": "Feature", "properties": { "dist": 0.0054321, "ffreq2": 0, "ffreq3": 0 }, "geometry": { "type": "Point", "coordinates": [ 5.725635, 50.956508 ] } },
{ "type": "Feature", "properties": { "dist": 0.0264645, "ffreq2": 0, "ffreq3": 0 }, "geometry": { "type": "Point", "coordinates": [ 5.726204, 50.956506 ] } },
{ "type": "Feature", "properties": { "dist": 0.0373369, "ffreq2": 0, "ffreq3": 0 }, "geometry": { "type": "Point", "coordinates": [ 5.726773, 50.956504 ] } },
{ "type": "Feature", "properties": { "dist": 0.0537778, "ffreq2": 0, "ffreq3": 0 }, "geometry": { "type": "Point", "coordinates": [ 5.727342, 50.956503 ] } },
{ "type": "Feature", "properties": { "dist": 0.059361, "ffreq2": 0, "ffreq3": 0 }, "geometry": { "type": "Point", "coordinates": [ 5.727912, 50.956501 ] } },
{ "type": "Feature", "properties": { "dist": 0.0756649, "ffreq2": 0, "ffreq3": 0 }, "geometry": { "type": "Point", "coordinates": [ 5.728481, 50.956499 ] } },
{ "type": "Feature", "properties": { "dist": 0.0756869, "ffreq2": 0, "ffreq3": 0 }, "geometry": { "type": "Point", "coordinates": [ 5.72905, 50.956498 ] } },
{ "type": "Feature", "properties": { "dist": 0.0756759, "ffreq2": 1, "ffreq3": 0 }, "geometry": { "type": "Point", "coordinates": [ 5.729619, 50.956496 ] } },
{ "type": "Feature", "properties": { "dist": 0.0756594, "ffreq2": 1, "ffreq3": 0 }, "geometry": { "type": "Point", "coordinates": [ 5.730189, 50.956494 ] } },
{ "type": "Feature", "properties": { "dist": 0.0756594, "ffreq2": 1, "ffreq3": 0 }, "geometry": { "type": "Point", "coordinates": [ 5.730758, 50.956492 ] } },
{ "type": "Feature", "properties": { "dist": 0.059361, "ffreq2": 1, "ffreq3": 0 }, "geometry": { "type": "Point", "coordinates": [ 5.731327, 50.956491 ] } },
{ "type": "Feature", "properties": { "dist": 0.0537778, "ffreq2": 0, "ffreq3": 1 }, "geometry": { "type": "Point", "coordinates": [ 5.731897, 50.956489 ] } },
{ "type": "Feature", "properties": { "dist": 0.0537723, "ffreq2": 0, "ffreq3": 1 }, "geometry": { "type": "Point", "coordinates": [ 5.732466, 50.956487 ] } },
{ "type": "Feature", "properties": { "dist": 0.0373369, "ffreq2": 1, "ffreq3": 0 }, "geometry": { "type": "Point", "coordinates": [ 5.733035, 50.956486 ] } },
{ "type": "Feature", "properties": { "dist": 0.0316606, "ffreq2": 1, "ffreq3": 0 }, "geometry": { "type": "Point", "coordinates": [ 5.733604, 50.956484 ] } },
{ "type": "Feature", "properties": { "dist": 0.0122243, "ffreq2": 1, "ffreq3": 0 }, "geometry": { "type": "Point", "coordinates": [ 5.734174, 50.956482 ] } },
{ "type": "Feature", "properties": { "dist": 0.00135803, "ffreq2": 1, "ffreq3": 0 }, "geometry": { "type": "Point", "coordinates": [ 5.734743, 50.956481 ] } },
{ "type": "Feature", "properties": { "dist": 0.0, "ffreq2": 1, "ffreq3": 0 }, "geometry": { "type": "Point", "coordinates": [ 5.735312, 50.956479 ] } },
{ "type": "Feature", "properties": { "dist": 0.0, "ffreq2": 0, "ffreq3": 0 }, "geometry": { "type": "Point", "coordinates": [ 5.725632, 50.956148 ] } },
{ "type": "Feature", "properties": { "dist": 0.0, "ffreq2": 0, "ffreq3": 0 }, "geometry": { "type": "Point", "coordinates": [ 5.726201, 50.956146 ] } },
{ "type": "Feature", "properties": { "dist": 0.0054321, "ffreq2": 0, "ffreq3": 0 }, "geometry": { "type": "Point", "coordinates": [ 5.72677, 50.956145 ] } },
{ "type": "Feature", "properties": { "dist": 0.0122243, "ffreq2": 0, "ffreq3": 0 }, "geometry": { "type": "Point", "coordinates": [ 5.72734, 50.956143 ] } },
{ "type": "Feature", "properties": { "dist": 0.0316606, "ffreq2": 0, "ffreq3": 0 }, "geometry": { "type": "Point", "coordinates": [ 5.727909, 50.956141 ] } },
{ "type": "Feature", "properties": { "dist": 0.0316663, "ffreq2": 0, "ffreq3": 0 }, "geometry": { "type": "Point", "coordinates": [ 5.728478, 50.95614 ] } },
{ "type": "Feature", "properties": { "dist": 0.0484831, "ffreq2": 0, "ffreq3": 0 }, "geometry": { "type": "Point", "coordinates": [ 5.729048, 50.956138 ] } },
{ "type": "Feature", "properties": { "dist": 0.0373369, "ffreq2": 0, "ffreq3": 0 }, "geometry": { "type": "Point", "coordinates": [ 5.729617, 50.956136 ] } },
{ "type": "Feature", "properties": { "dist": 0.0316606, "ffreq2": 1, "ffreq3": 0 }, "geometry": { "type": "Point", "coordinates": [ 5.730186, 50.956135 ] } },
{ "type": "Feature", "properties": { "dist": 0.0316606, "ffreq2": 1, "ffreq3": 0 }, "geometry": { "type": "Point", "coordinates": [ 5.730755, 50.956133 ] } },
{ "type": "Feature", "properties": { "dist": 0.0316606, "ffreq2": 1, "ffreq3": 0 }, "geometry": { "type": "Point", "coordinates": [ 5.731325, 50.956131 ] } },
{ "type": "Feature", "properties": { "dist": 0.0122243, "ffreq2": 1, "ffreq3": 0 }, "geometry": { "type": "Point", "coordinates": [ 5.731894, 50.95613 ] } },
{ "type": "Feature", "properties": { "dist": 0.0054321, "ffreq2": 1, "ffreq3": 0 }, "geometry": { "type": "Point", "coordinates": [ 5.732463, 50.956128 ] } },
{ "type": "Feature", "properties": { "dist": 0.0054321, "ffreq2": 1, "ffreq3": 0 }, "geometry": { "type": "Point", "coordinates": [ 5.733032, 50.956126 ] } },
{ "type": "Feature", "properties": { "dist": 0.0, "ffreq2": 1, "ffreq3": 0 }, "geometry": { "type": "Point", "coordinates": [ 5.733602, 50.956124 ] } },
{ "type": "Feature", "properties": { "dist": 0.0, "ffreq2": 1, "ffreq3": 0 }, "geometry": { "type": "Point", "coordinates": [ 5.734171, 50.956123 ] } },
{ "type": "Feature", "properties": { "dist": 0.0, "ffreq2": 0, "ffreq3": 0 }, "geometry": { "type": "Point", "coordinates": [ 5.727337, 50.955783 ] } },
{ "type": "Feature", "properties": { "dist": 0.0, "ffreq2": 0, "ffreq3": 0 }, "geometry": { "type": "Point", "coordinates": [ 5.727906, 50.955782 ] } },
{ "type": "Feature", "properties": { "dist": 0.00135803, "ffreq2": 0, "ffreq3": 0 }, "geometry": { "type": "Point", "coordinates": [ 5.728476, 50.95578 ] } },
{ "type": "Feature", "properties": { "dist": 0.0054321, "ffreq2": 0, "ffreq3": 0 }, "geometry": { "type": "Point", "coordinates": [ 5.729045, 50.955778 ] } },
{ "type": "Feature", "properties": { "dist": 0.0054321, "ffreq2": 0, "ffreq3": 0 }, "geometry": { "type": "Point", "coordinates": [ 5.729614, 50.955777 ] } },
{ "type": "Feature", "properties": { "dist": 0.0, "ffreq2": 0, "ffreq3": 0 }, "geometry": { "type": "Point", "coordinates": [ 5.730183, 50.955775 ] } },
{ "type": "Feature", "properties": { "dist": 0.0, "ffreq2": 1, "ffreq3": 0 }, "geometry": { "type": "Point", "coordinates": [ 5.730753, 50.955773 ] } },
{ "type": "Feature", "properties": { "dist": 0.0, "ffreq2": 1, "ffreq3": 0 }, "geometry": { "type": "Point", "coordinates": [ 5.731322, 50.955772 ] } },
{ "type": "Feature", "properties": { "dist": 0.0, "ffreq2": 1, "ffreq3": 0 }, "geometry": { "type": "Point", "coordinates": [ 5.731891, 50.95577 ] } }
]
}
