"station","lon","lat","year","month","time","pm10"
"DESH001",9.58591,53.67057,2001,1,1,32.05
"DESH001",9.58591,53.67057,2001,2,2,21.15
"DESH001",9.58591,53.67057,2001,3,3,27.42
"DESH001",9.58591,53.67057,2001,4,4,18.85
"DESH001",9.58591,53.67057,2001,5,5,20.82
"DESH001",9.58591,53.67057,2001,6,6,19.63
"DESH001",9.58591,53.67057,2001,7,7,27.28
"DESH001",9.58591,53.67057,2001,8,8,28.86
"DESH001",9.58591,53.67057,2001,9,9,15.75
"DESH001",9.58591,53.67057,2001,10,10,32.73
"DESH001",9.58591,53.67057,2001,11,11,16.22
"DESH001",9.58591,53.67057,2001,12,12,17.2
"DESH001",9.58591,53.67057,2002,1,13,24.56
"DESH001",9.58591,53.67057,2002,2,14,15.72
"DESH001",9.58591,53.67057,2002,3,15,27.62
"DESH001",9.58591,53.67057,2002,4,16,31.3
"DESH001",9.58591,53.67057,2002,5,17,19.57
"DESH001",9.58591,53.67057,2002,6,18,18.98
"DESH001",9.58591,53.67057,2002,7,19,22.65
"DESH001",9.58591,53.67057,2002,8,20,33.21
"DESH001",9.58591,53.67057,2002,9,21,17.97
"DESH001",9.58591,53.67057,2002,10,22,15.75
"DESH001",9.58591,53.67057,2002,11,23,19.99
"DESH001",9.58591,53.67057,2002,12,24,30.16
"DESH001",9.58591,53.67057,2003,1,25,23.23
"DESH001",9.58591,53.67057,2003,2,26,42.15
"DESH001",9.58591,53.67057,2003,3,27,48.51
"DESH001",9.58591,53.67057,2003,4,28,32.97
"DESH001",9.58591,53.67057,2003,5,29,16.19
"DESH001",9.58591,53.67057,2003,6,30,21.81
"DESH001",9.58591,53.67057,2003,7,31,21.59
"DESH001",9.58591,53.67057,2003,8,32,25.12
"DESH001",9.58591,53.67057,2003,9,33,22.71
"DESH001",9.58591,53.67057,2003,10,34,17.36
"DESH001",9.58591,53.67057,2003,11,35,24.02
"DESH001",9.58591,53.67057,2003,12,36,22.38
"DESH001",9.58591,53.67057,2004,1,37,23.4
"DESH001",9.58591,53.67057,2004,2,38,21.93
"DESH001",9.58591,53.67057,2004,3,39,26.06
"DESH001",9.58591,53.67057,2004,4,40,27.17
"DESH001",9.58591,53.67057,2004,5,41,20.71
"DESH001",9.58591,53.67057,2004,6,42,20.33
"DESH001",9.58591,53.67057,2004,7,43,18.95
"DESH001",9.58591,53.67057,2004,8,44,20.28
"DESH001",9.58591,53.67057,2004,9,45,16.64
"DESH001",9.58591,53.67057,2004,11,47,16.49
"DESH001",9.58591,53.67057,2004,12,48,21.31
"DESH001",9.58591,53.67057,2005,1,49,16.84
"DESH001",9.58591,53.67057,2005,2,50,24.97
"DESH001",9.58591,53.67057,2005,3,51,24.15
"DESH001",9.58591,53.67057,2005,4,52,21.74
"DESH001",9.58591,53.67057,2005,5,53,19.46
"DESH001",9.58591,53.67057,2005,6,54,18.56
"DESH001",9.58591,53.67057,2005,7,55,19.04
"DESH001",9.58591,53.67057,2005,8,56,20.56
"DESH001",9.58591,53.67057,2005,9,57,23.36
"DESH001",9.58591,53.67057,2005,10,58,26.17
"DESH001",9.58591,53.67057,2005,11,59,17.54
"DESH001",9.58591,53.67057,2005,12,60,18.68
"DENI063",9.68503,53.52418,2001,1,1,40
"DENI063",9.68503,53.52418,2001,2,2,27.99
"DENI063",9.68503,53.52418,2001,3,3,39.99
"DENI063",9.68503,53.52418,2001,4,4,26.93
"DENI063",9.68503,53.52418,2001,5,5,31.97
"DENI063",9.68503,53.52418,2001,6,6,27.1
"DENI063",9.68503,53.52418,2001,7,7,36.19
"DENI063",9.68503,53.52418,2001,8,8,40.68
"DENI063",9.68503,53.52418,2001,9,9,20.9
"DENI063",9.68503,53.52418,2001,10,10,36.01
"DENI063",9.68503,53.52418,2001,11,11,17.72
"DENI063",9.68503,53.52418,2001,12,12,22.01
"DENI063",9.68503,53.52418,2002,1,13,25.93
"DENI063",9.68503,53.52418,2002,2,14,16.51
"DENI063",9.68503,53.52418,2002,3,15,20.82
"DENI063",9.68503,53.52418,2002,4,16,41.36
"DENI063",9.68503,53.52418,2002,5,17,26.55
"DENI063",9.68503,53.52418,2002,6,18,21.88
"DENI063",9.68503,53.52418,2002,7,19,21.11
"DENI063",9.68503,53.52418,2002,8,20,41.12
"DENI063",9.68503,53.52418,2002,9,21,22.23
"DENI063",9.68503,53.52418,2002,10,22,14.9
"DENI063",9.68503,53.52418,2002,11,23,20.71
"DENI063",9.68503,53.52418,2002,12,24,35.22
"DENI063",9.68503,53.52418,2003,1,25,26.02
"DENI063",9.68503,53.52418,2003,2,26,52.05
"DENI063",9.68503,53.52418,2003,3,27,60.17
"DENI063",9.68503,53.52418,2003,4,28,33.91
"DENI063",9.68503,53.52418,2003,5,29,18.83
"DENI063",9.68503,53.52418,2003,6,30,29.47
"DENI063",9.68503,53.52418,2003,7,31,24.32
"DENI063",9.68503,53.52418,2003,8,32,29.66
"DENI063",9.68503,53.52418,2003,9,33,24.57
"DENI063",9.68503,53.52418,2003,10,34,21.05
"DENI063",9.68503,53.52418,2003,11,35,30.39
"DENI063",9.68503,53.52418,2003,12,36,26.26
"DENI063",9.68503,53.52418,2004,1,37,27.47
"DENI063",9.68503,53.52418,2004,2,38,27.23
"DENI063",9.68503,53.52418,2004,3,39,32.92
"DENI063",9.68503,53.52418,2004,4,40,31.76
"DENI063",9.68503,53.52418,2004,5,41,26.23
"DENI063",9.68503,53.52418,2004,6,42,20.79
"DENI063",9.68503,53.52418,2004,7,43,19.39
"DENI063",9.68503,53.52418,2004,8,44,19.59
"DENI063",9.68503,53.52418,2004,9,45,15.55
"DENI063",9.68503,53.52418,2004,10,46,16.13
"DENI063",9.68503,53.52418,2004,11,47,16.81
"DENI063",9.68503,53.52418,2004,12,48,24.6
"DENI063",9.68503,53.52418,2005,1,49,19.77
"DENI063",9.68503,53.52418,2005,2,50,27.9
"DENI063",9.68503,53.52418,2005,3,51,28.1
"DENI063",9.68503,53.52418,2005,4,52,25.79
"DENI063",9.68503,53.52418,2005,5,53,16.96
"DENI063",9.68503,53.52418,2005,6,54,17.38
"DENI063",9.68503,53.52418,2005,7,55,17.63
"DENI063",9.68503,53.52418,2005,8,56,17.48
"DENI063",9.68503,53.52418,2005,9,57,21.7
"DENI063",9.68503,53.52418,2005,10,58,27.48
"DENI063",9.68503,53.52418,2005,11,59,19.47
"DENI063",9.68503,53.52418,2005,12,60,22.1
"DEUB038",9.79158,54.07312,2001,9,9,14.67
"DEUB038",9.79158,54.07312,2001,10,10,24.17
"DEUB038",9.79158,54.07312,2001,11,11,14.87
"DEUB038",9.79158,54.07312,2001,12,12,16.5
"DEUB038",9.79158,54.07312,2002,1,13,25.59
"DEUB038",9.79158,54.07312,2002,2,14,17.89
"DEUB038",9.79158,54.07312,2002,3,15,29.14
"DEUB038",9.79158,54.07312,2002,4,16,33.54
"DEUB038",9.79158,54.07312,2002,5,17,21.31
"DEUB038",9.79158,54.07312,2002,6,18,21.18
"DEUB038",9.79158,54.07312,2002,7,19,21.71
"DEUB038",9.79158,54.07312,2002,8,20,31.13
"DEUB038",9.79158,54.07312,2002,9,21,18.77
"DEUB038",9.79158,54.07312,2002,10,22,14.67
"DEUB038",9.79158,54.07312,2002,11,23,19.45
"DEUB038",9.79158,54.07312,2002,12,24,29.23
"DEUB038",9.79158,54.07312,2003,1,25,26.44
"DEUB038",9.79158,54.07312,2003,2,26,45.06
"DEUB038",9.79158,54.07312,2003,3,27,51.6
"DEUB038",9.79158,54.07312,2003,4,28,34.45
"DEUB038",9.79158,54.07312,2003,5,29,17.42
"DEUB038",9.79158,54.07312,2003,6,30,20.51
"DEUB038",9.79158,54.07312,2003,7,31,19.93
"DEUB038",9.79158,54.07312,2003,8,32,22.51
"DEUB038",9.79158,54.07312,2003,9,33,19.18
"DEUB038",9.79158,54.07312,2003,10,34,17.15
"DEUB038",9.79158,54.07312,2003,11,35,24.23
"DEUB038",9.79158,54.07312,2003,12,36,22.29
"DEUB038",9.79158,54.07312,2004,1,37,24.46
"DEUB038",9.79158,54.07312,2004,2,38,20.83
"DEUB038",9.79158,54.07312,2004,3,39,24.17
"DEUB038",9.79158,54.07312,2004,4,40,24.4
"DEUB038",9.79158,54.07312,2004,5,41,19.97
"DEUB038",9.79158,54.07312,2004,6,42,16.82
"DEUB038",9.79158,54.07312,2004,7,43,14.62
"DEUB038",9.79158,54.07312,2004,8,44,19.06
"DEUB038",9.79158,54.07312,2004,9,45,17.13
"DEUB038",9.79158,54.07312,2004,10,46,17.19
"DEUB038",9.79158,54.07312,2004,11,47,18.74
"DEUB038",9.79158,54.07312,2004,12,48,22.83
"DEUB038",9.79158,54.07312,2005,1,49,21.21
"DEUB038",9.79158,54.07312,2005,2,50,25.88
"DEUB038",9.79158,54.07312,2005,3,51,24.34
"DEUB038",9.79158,54.07312,2005,4,52,24.83
"DEUB038",9.79158,54.07312,2005,5,53,17.01
"DEUB038",9.79158,54.07312,2005,6,54,17.49
"DEUB038",9.79158,54.07312,2005,7,55,17.67
"DEUB038",9.79158,54.07312,2005,8,56,15.91
"DEUB038",9.79158,54.07312,2005,9,57,17.3
"DEUB038",9.79158,54.07312,2005,10,58,20.93
"DEBE056",13.64701,52.44775,2001,6,6,17.59
"DEBE056",13.64701,52.44775,2001,7,7,17.3
"DEBE056",13.64701,52.44775,2001,8,8,20.74
"DEBE056",13.64701,52.44775,2001,9,9,15.04
"DEBE056",13.64701,52.44775,2001,10,10,25.23
"DEBE056",13.64701,52.44775,2001,11,11,16.01
"DEBE056",13.64701,52.44775,2001,12,12,20.33
"DEBE056",13.64701,52.44775,2002,1,13,22.67
"DEBE056",13.64701,52.44775,2002,2,14,15.15
"DEBE056",13.64701,52.44775,2002,3,15,25.74
"DEBE056",13.64701,52.44775,2002,4,16,33.45
"DEBE056",13.64701,52.44775,2002,5,17,24.18
"DEBE056",13.64701,52.44775,2002,6,18,19.06
"DEBE056",13.64701,52.44775,2002,7,19,21.06
"DEBE056",13.64701,52.44775,2002,8,20,33.81
"DEBE056",13.64701,52.44775,2002,9,21,19.08
"DEBE056",13.64701,52.44775,2002,10,22,14.45
"DEBE056",13.64701,52.44775,2002,11,23,26.28
"DEBE056",13.64701,52.44775,2002,12,24,44.59
"DEBE056",13.64701,52.44775,2003,1,25,26.63
"DEBE056",13.64701,52.44775,2003,2,26,43.83
"DEBE056",13.64701,52.44775,2003,3,27,44.96
"DEBE056",13.64701,52.44775,2003,4,28,32.59
"DEBE056",13.64701,52.44775,2003,5,29,17.62
"DEBE056",13.64701,52.44775,2003,6,30,19.3
"DEBE056",13.64701,52.44775,2003,7,31,18.77
"DEBE056",13.64701,52.44775,2003,8,32,20.8
"DEBE056",13.64701,52.44775,2003,9,33,22.06
"DEBE056",13.64701,52.44775,2003,10,34,20.95
"DEBE056",13.64701,52.44775,2004,1,37,34.34
"DEBE056",13.64701,52.44775,2004,2,38,17.07
"DEBE056",13.64701,52.44775,2004,3,39,24.38
"DEBE056",13.64701,52.44775,2004,4,40,18.9
"DEBE056",13.64701,52.44775,2004,5,41,14.14
"DEBE056",13.64701,52.44775,2004,6,42,16.25
"DEBE056",13.64701,52.44775,2004,7,43,15.08
"DEBE056",13.64701,52.44775,2004,8,44,17.25
"DEBE056",13.64701,52.44775,2004,9,45,15.39
"DEBE056",13.64701,52.44775,2004,10,46,17.02
"DEBE056",13.64701,52.44775,2004,11,47,18.38
"DEBE056",13.64701,52.44775,2004,12,48,24.58
"DEBE056",13.64701,52.44775,2005,1,49,16.86
"DEBE056",13.64701,52.44775,2005,2,50,33.64
"DEBE056",13.64701,52.44775,2005,3,51,29.33
"DEBE056",13.64701,52.44775,2005,4,52,26.64
"DEBE056",13.64701,52.44775,2005,5,53,18.3
"DEBE056",13.64701,52.44775,2005,6,54,16.7
"DEBE056",13.64701,52.44775,2005,7,55,18.08
"DEBE056",13.64701,52.44775,2005,8,56,13.12
"DEBE056",13.64701,52.44775,2005,9,57,25.76
"DEBE056",13.64701,52.44775,2005,10,58,31.86
"DEBE056",13.64701,52.44775,2005,11,59,24.23
"DEBE056",13.64701,52.44775,2005,12,60,21.38
"DEBE062",13.29635,52.65315,2001,6,6,18.88
"DEBE062",13.29635,52.65315,2001,7,7,21.1
"DEBE062",13.29635,52.65315,2001,8,8,22.05
"DEBE062",13.29635,52.65315,2001,9,9,19.39
"DEBE062",13.29635,52.65315,2001,10,10,36.29
"DEBE062",13.29635,52.65315,2001,11,11,19.28
"DEBE062",13.29635,52.65315,2001,12,12,25.4
"DEBE062",13.29635,52.65315,2002,1,13,23.41
"DEBE062",13.29635,52.65315,2002,2,14,15.63
"DEBE062",13.29635,52.65315,2002,3,15,24.36
"DEBE062",13.29635,52.65315,2002,4,16,32.74
"DEBE062",13.29635,52.65315,2002,5,17,23.69
"DEBE062",13.29635,52.65315,2002,6,18,18.9
"DEBE062",13.29635,52.65315,2002,7,19,20.42
"DEBE062",13.29635,52.65315,2002,8,20,37.87
"DEBE062",13.29635,52.65315,2002,9,21,20.37
"DEBE062",13.29635,52.65315,2002,10,22,16.8
"DEBE062",13.29635,52.65315,2002,11,23,24.8
"DEBE062",13.29635,52.65315,2002,12,24,42.74
"DEBE062",13.29635,52.65315,2003,1,25,27.65
"DEBE062",13.29635,52.65315,2003,2,26,45.39
"DEBE062",13.29635,52.65315,2003,3,27,54.46
"DEBE062",13.29635,52.65315,2003,4,28,30.97
"DEBE062",13.29635,52.65315,2003,5,29,16.5
"DEBE062",13.29635,52.65315,2003,6,30,15.54
"DEBE062",13.29635,52.65315,2003,7,31,16.19
"DEBE062",13.29635,52.65315,2003,8,32,22.43
"DEBE062",13.29635,52.65315,2003,9,33,21.94
"DEBE062",13.29635,52.65315,2003,10,34,21.99
"DEBE032",13.22586,52.47309,2002,3,15,38.42
"DEBE032",13.22586,52.47309,2002,4,16,29.85
"DEBE032",13.22586,52.47309,2002,5,17,21.36
"DEBE032",13.22586,52.47309,2002,6,18,16.73
"DEBE032",13.22586,52.47309,2002,7,19,17.68
"DEBE032",13.22586,52.47309,2002,8,20,26.74
"DEBE032",13.22586,52.47309,2002,9,21,18.79
"DEBE032",13.22586,52.47309,2002,10,22,16.16
"DEBE032",13.22586,52.47309,2002,11,23,25.19
"DEBE032",13.22586,52.47309,2002,12,24,43.36
"DEBE032",13.22586,52.47309,2003,1,25,25.99
"DEBE032",13.22586,52.47309,2003,2,26,44.46
"DEBE032",13.22586,52.47309,2003,3,27,50.04
"DEBE032",13.22586,52.47309,2003,4,28,30.38
"DEBE032",13.22586,52.47309,2003,5,29,17.63
"DEBE032",13.22586,52.47309,2003,6,30,20.48
"DEBE032",13.22586,52.47309,2003,7,31,17.93
"DEBE032",13.22586,52.47309,2003,8,32,20.19
"DEBE032",13.22586,52.47309,2003,9,33,19.38
"DEBE032",13.22586,52.47309,2003,10,34,17.23
"DEBE032",13.22586,52.47309,2004,1,37,33.48
"DEBE032",13.22586,52.47309,2004,2,38,18.51
"DEBE032",13.22586,52.47309,2004,3,39,24.28
"DEBE032",13.22586,52.47309,2004,4,40,22.6
"DEBE032",13.22586,52.47309,2004,5,41,14.41
"DEBE032",13.22586,52.47309,2004,6,42,16.08
"DEBE032",13.22586,52.47309,2004,7,43,13.91
"DEBE032",13.22586,52.47309,2004,8,44,16.85
"DEBE032",13.22586,52.47309,2004,9,45,15.69
"DEBE032",13.22586,52.47309,2004,10,46,18.6
"DEBE032",13.22586,52.47309,2004,11,47,17.88
"DEBE032",13.22586,52.47309,2004,12,48,21.58
"DEBE032",13.22586,52.47309,2005,1,49,14.84
"DEBE032",13.22586,52.47309,2005,2,50,32.48
"DEBE032",13.22586,52.47309,2005,3,51,29.84
"DEBE032",13.22586,52.47309,2005,4,52,26.35
"DEBE032",13.22586,52.47309,2005,5,53,16.73
"DEBE032",13.22586,52.47309,2005,6,54,15.27
"DEBE032",13.22586,52.47309,2005,7,55,17.64
"DEBE032",13.22586,52.47309,2005,8,56,16.03
"DEBE032",13.22586,52.47309,2005,9,57,22.02
"DEBE032",13.22586,52.47309,2005,10,58,30.82
"DEBE032",13.22586,52.47309,2005,11,59,19.73
"DEBE032",13.22586,52.47309,2005,12,60,18
"DEHE046",8.92817,51.4309,2001,1,1,19.18
"DEHE046",8.92817,51.4309,2001,2,2,13.84
"DEHE046",8.92817,51.4309,2001,3,3,15.87
"DEHE046",8.92817,51.4309,2001,4,4,12.5
"DEHE046",8.92817,51.4309,2001,5,5,18.29
"DEHE046",8.92817,51.4309,2001,6,6,16.42
"DEHE046",8.92817,51.4309,2001,7,7,21.6
"DEHE046",8.92817,51.4309,2001,8,8,31.41
"DEHE046",8.92817,51.4309,2001,9,9,19.79
"DEHE046",8.92817,51.4309,2001,10,10,26.56
"DEHE046",8.92817,51.4309,2001,11,11,19.86
"DEHE046",8.92817,51.4309,2001,12,12,18.66
"DEHE046",8.92817,51.4309,2002,1,13,27.24
"DEHE046",8.92817,51.4309,2002,2,14,13.76
"DEHE046",8.92817,51.4309,2002,3,15,23.89
"DEHE046",8.92817,51.4309,2002,4,16,29.28
"DEHE046",8.92817,51.4309,2002,5,17,19.2
"DEHE046",8.92817,51.4309,2002,6,18,19.51
"DEHE046",8.92817,51.4309,2002,7,19,21.2
"DEHE046",8.92817,51.4309,2002,8,20,23.46
"DEHE046",8.92817,51.4309,2002,9,21,16.08
"DEHE046",8.92817,51.4309,2002,10,22,13.96
"DEHE046",8.92817,51.4309,2002,11,23,15.74
"DEHE046",8.92817,51.4309,2002,12,24,28.08
"DEHE046",8.92817,51.4309,2003,1,25,14.16
"DEHE046",8.92817,51.4309,2003,2,26,33.53
"DEHE046",8.92817,51.4309,2003,3,27,30.25
"DEHE046",8.92817,51.4309,2003,4,28,23.77
"DEHE046",8.92817,51.4309,2003,5,29,14.96
"DEHE046",8.92817,51.4309,2003,6,30,19.79
"DEHE046",8.92817,51.4309,2003,7,31,18.98
"DEHE046",8.92817,51.4309,2003,8,32,23.86
"DEHE046",8.92817,51.4309,2003,9,33,18.15
"DEHE046",8.92817,51.4309,2003,10,34,15.87
"DEHE046",8.92817,51.4309,2003,11,35,17.33
"DEHE046",8.92817,51.4309,2003,12,36,13.43
"DEHE046",8.92817,51.4309,2004,1,37,13.17
"DEHE046",8.92817,51.4309,2004,2,38,20.23
"DEHE046",8.92817,51.4309,2004,3,39,28.42
"DEHE046",8.92817,51.4309,2004,4,40,23.32
"DEHE046",8.92817,51.4309,2004,5,41,14.66
"DEHE046",8.92817,51.4309,2004,6,42,15.8
"DEHE046",8.92817,51.4309,2004,7,43,15.51
"DEHE046",8.92817,51.4309,2004,8,44,17.92
"DEHE046",8.92817,51.4309,2004,9,45,13.72
"DEHE046",8.92817,51.4309,2004,10,46,16.5
"DEHE046",8.92817,51.4309,2004,11,47,17.28
"DEHE046",8.92817,51.4309,2004,12,48,19.83
"DEHE046",8.92817,51.4309,2005,1,49,13.45
"DEHE046",8.92817,51.4309,2005,2,50,23.59
"DEHE046",8.92817,51.4309,2005,3,51,21.9
"DEHE046",8.92817,51.4309,2005,4,52,30.7
"DEHE046",8.92817,51.4309,2005,5,53,16.36
"DEHE046",8.92817,51.4309,2005,6,54,12.34
"DEHE046",8.92817,51.4309,2005,7,55,13.83
"DEHE046",8.92817,51.4309,2005,8,56,14.5
"DEHE046",8.92817,51.4309,2005,9,57,17.36
"DEHE046",8.92817,51.4309,2005,10,58,20.38
"DEHE046",8.92817,51.4309,2005,11,59,13.07
"DEHE046",8.92817,51.4309,2005,12,60,12.63
"DEUB007",8.70038,52.85075,2001,10,10,28.42
"DEUB007",8.70038,52.85075,2001,11,11,14.86
"DEUB007",8.70038,52.85075,2001,12,12,16.09
"DEUB007",8.70038,52.85075,2002,1,13,20.59
"DEUB007",8.70038,52.85075,2002,2,14,15.7
"DEUB007",8.70038,52.85075,2002,3,15,21.9
"DEUB007",8.70038,52.85075,2002,4,16,27.02
"DEUB007",8.70038,52.85075,2002,5,17,22.02
"DEUB007",8.70038,52.85075,2002,6,18,20.69
"DEUB007",8.70038,52.85075,2002,7,19,22.27
"DEUB007",8.70038,52.85075,2002,8,20,26.2
"DEUB007",8.70038,52.85075,2002,9,21,17.05
"DEUB007",8.70038,52.85075,2002,10,22,15.13
"DEUB007",8.70038,52.85075,2002,11,23,18.19
"DEUB007",8.70038,52.85075,2002,12,24,31.61
"DEUB007",8.70038,52.85075,2003,1,25,19.91
"DEUB007",8.70038,52.85075,2003,2,26,36.43
"DEUB007",8.70038,52.85075,2003,3,27,35.48
"DEUB007",8.70038,52.85075,2003,4,28,29.62
"DEUB007",8.70038,52.85075,2003,5,29,15.83
"DEUB007",8.70038,52.85075,2003,6,30,20.88
"DEUB007",8.70038,52.85075,2003,7,31,20.58
"DEUB007",8.70038,52.85075,2003,8,32,25.56
"DEUB007",8.70038,52.85075,2003,9,33,21.45
"DEUB007",8.70038,52.85075,2003,10,34,16.12
"DEUB007",8.70038,52.85075,2003,11,35,21.22
"DEUB007",8.70038,52.85075,2003,12,36,18.28
"DEUB007",8.70038,52.85075,2004,1,37,15.41
"DEUB007",8.70038,52.85075,2004,2,38,19.14
"DEUB007",8.70038,52.85075,2004,3,39,22.74
"DEUB007",8.70038,52.85075,2004,4,40,23
"DEUB007",8.70038,52.85075,2004,5,41,15.46
"DEUB007",8.70038,52.85075,2004,6,42,15.08
"DEUB007",8.70038,52.85075,2004,7,43,16.64
"DEUB007",8.70038,52.85075,2004,9,45,12.57
"DEUB007",8.70038,52.85075,2004,10,46,15.57
"DEUB007",8.70038,52.85075,2004,11,47,14.31
"DEUB007",8.70038,52.85075,2004,12,48,23.9
"DENW081",6.87455,51.862,2003,1,25,27.97
"DENW081",6.87455,51.862,2003,2,26,44.42
"DENW081",6.87455,51.862,2003,3,27,38.01
"DENW081",6.87455,51.862,2003,4,28,31.7
"DENW081",6.87455,51.862,2003,5,29,18.5
"DENW081",6.87455,51.862,2003,6,30,25.59
"DENW081",6.87455,51.862,2003,7,31,19.92
"DENW081",6.87455,51.862,2003,8,32,30.28
"DENW081",6.87455,51.862,2003,9,33,25.96
"DENW081",6.87455,51.862,2003,10,34,26.73
"DENW081",6.87455,51.862,2003,11,35,25.26
"DENW081",6.87455,51.862,2003,12,36,24.72
"DENW081",6.87455,51.862,2004,1,37,21.55
"DENW081",6.87455,51.862,2004,2,38,28.39
"DENW081",6.87455,51.862,2004,3,39,36.29
"DENW081",6.87455,51.862,2004,4,40,24.55
"DENW081",6.87455,51.862,2004,5,41,22.76
"DENW081",6.87455,51.862,2004,6,42,26.69
"DENW081",6.87455,51.862,2004,7,43,17.78
"DENW081",6.87455,51.862,2004,8,44,21.09
"DENW081",6.87455,51.862,2004,9,45,20.92
"DENW081",6.87455,51.862,2004,10,46,19.9
"DENW081",6.87455,51.862,2004,11,47,24.36
"DENW081",6.87455,51.862,2004,12,48,36.34
"DENW081",6.87455,51.862,2005,1,49,23.15
"DENW081",6.87455,51.862,2005,2,50,30.71
"DENW081",6.87455,51.862,2005,3,51,37.25
"DENW081",6.87455,51.862,2005,4,52,26.62
"DENW081",6.87455,51.862,2005,5,53,17.99
"DENW081",6.87455,51.862,2005,6,54,19.29
"DENW081",6.87455,51.862,2005,7,55,18.86
"DENW081",6.87455,51.862,2005,8,56,19.56
"DENW081",6.87455,51.862,2005,9,57,29.02
"DENW081",6.87455,51.862,2005,10,58,25.95
"DENW081",6.87455,51.862,2005,11,59,23.23
"DENW081",6.87455,51.862,2005,12,60,23.83
"DEUB003",13.2181,48.81707,2001,1,1,10.57
"DEUB003",13.2181,48.81707,2001,2,2,13.03
"DEUB003",13.2181,48.81707,2001,3,3,12.92
"DEUB003",13.2181,48.81707,2001,4,4,13.02
"DEUB003",13.2181,48.81707,2001,5,5,22.06
"DEUB003",13.2181,48.81707,2001,6,6,15.12
"DEUB003",13.2181,48.81707,2001,7,7,16.25
"DEUB003",13.2181,48.81707,2001,8,8,20.93
"DEUB003",13.2181,48.81707,2001,9,9,13.55
"DEUB003",13.2181,48.81707,2002,12,24,4.44
"DEUB003",13.2181,48.81707,2003,1,25,8.31
"DEUB003",13.2181,48.81707,2003,2,26,9.46
"DEUB003",13.2181,48.81707,2003,3,27,13
"DEUB003",13.2181,48.81707,2003,4,28,17.44
"DEUB003",13.2181,48.81707,2003,5,29,14.64
"DEUB003",13.2181,48.81707,2003,6,30,15.63
"DEUB003",13.2181,48.81707,2003,7,31,12.36
"DEUB003",13.2181,48.81707,2003,8,32,18
"DEUB003",13.2181,48.81707,2003,10,34,9.61
"DEUB003",13.2181,48.81707,2003,11,35,8.81
"DEUB003",13.2181,48.81707,2003,12,36,5.62
"DEUB003",13.2181,48.81707,2004,1,37,5.86
"DEUB003",13.2181,48.81707,2004,2,38,9.53
"DEUB003",13.2181,48.81707,2004,3,39,13.7
"DEUB003",13.2181,48.81707,2004,4,40,13.29
"DEUB003",13.2181,48.81707,2004,5,41,13.15
"DESN049",12.61112,50.43132,2002,12,24,10.69
"DESN049",12.61112,50.43132,2003,1,25,10.97
"DESN049",12.61112,50.43132,2003,2,26,18.29
"DESN049",12.61112,50.43132,2003,3,27,20.28
"DESN049",12.61112,50.43132,2003,4,28,23.33
"DESN049",12.61112,50.43132,2003,5,29,16.94
"DESN049",12.61112,50.43132,2003,6,30,20.37
"DESN049",12.61112,50.43132,2003,7,31,14.87
"DESN049",12.61112,50.43132,2003,8,32,22.29
"DESN049",12.61112,50.43132,2003,9,33,15.3
"DESN049",12.61112,50.43132,2003,10,34,12.29
"DESN049",12.61112,50.43132,2003,11,35,12.6
"DESN049",12.61112,50.43132,2003,12,36,8.45
"DESN049",12.61112,50.43132,2005,1,49,10.55
"DESN049",12.61112,50.43132,2005,2,50,19.04
"DESN049",12.61112,50.43132,2005,3,51,19.97
"DESN049",12.61112,50.43132,2005,4,52,19.43
"DESN049",12.61112,50.43132,2005,5,53,12.9
"DESN049",12.61112,50.43132,2005,6,54,13
"DESN049",12.61112,50.43132,2005,7,55,13.83
"DESN049",12.61112,50.43132,2005,8,56,14.71
"DESN049",12.61112,50.43132,2005,9,57,17.8
"DESN049",12.61112,50.43132,2005,10,58,22.16
"DESN049",12.61112,50.43132,2005,11,59,10.03
"DESN049",12.61112,50.43132,2005,12,60,8.68
"DEUB002",7.05425,49.76193,2001,8,8,11.13
"DEUB002",7.05425,49.76193,2001,9,9,9.23
"DEUB002",7.05425,49.76193,2001,10,10,14.02
"DEUB002",7.05425,49.76193,2001,11,11,12.08
"DEUB002",7.05425,49.76193,2001,12,12,11.16
"DEUB002",7.05425,49.76193,2002,1,13,13.61
"DEUB002",7.05425,49.76193,2002,2,14,10.66
"DEUB002",7.05425,49.76193,2002,3,15,16.69
"DEUB002",7.05425,49.76193,2002,4,16,25.32
"DEUB002",7.05425,49.76193,2002,5,17,13.55
"DEUB002",7.05425,49.76193,2002,6,18,17.08
"DEUB002",7.05425,49.76193,2002,7,19,16.71
"DEUB002",7.05425,49.76193,2002,8,20,20.9
"DEUB002",7.05425,49.76193,2002,9,21,14.92
"DEUB002",7.05425,49.76193,2002,10,22,11.89
"DEUB002",7.05425,49.76193,2002,11,23,9.19
"DEUB002",7.05425,49.76193,2002,12,24,14.65
"DEUB002",7.05425,49.76193,2003,1,25,11.48
"DEUB002",7.05425,49.76193,2003,2,26,22.89
"DEUB002",7.05425,49.76193,2003,3,27,20.91
"DEUB002",7.05425,49.76193,2003,4,28,20.69
"DEUB002",7.05425,49.76193,2003,5,29,16.36
"DEUB002",7.05425,49.76193,2003,6,30,24.97
"DEUB002",7.05425,49.76193,2003,7,31,20
"DEUB002",7.05425,49.76193,2003,8,32,29.06
"DEUB002",7.05425,49.76193,2003,9,33,17.86
"DEUB002",7.05425,49.76193,2003,10,34,15.72
"DEUB002",7.05425,49.76193,2003,11,35,16.22
"DEUB002",7.05425,49.76193,2003,12,36,13.66
"DEUB002",7.05425,49.76193,2004,1,37,11.09
"DEUB002",7.05425,49.76193,2004,2,38,17.69
"DEUB002",7.05425,49.76193,2004,3,39,20.31
"DEUB002",7.05425,49.76193,2004,4,40,15.83
"DEUB002",7.05425,49.76193,2004,5,41,16.16
"DEUB002",7.05425,49.76193,2004,6,42,14.81
"DEUB002",7.05425,49.76193,2004,7,43,15.43
"DEUB002",7.05425,49.76193,2004,8,44,35.58
"DETH026",10.3753,50.56175,2001,1,1,30.21
"DETH026",10.3753,50.56175,2001,2,2,24.13
"DETH026",10.3753,50.56175,2001,3,3,26
"DETH026",10.3753,50.56175,2001,4,4,20.18
"DETH026",10.3753,50.56175,2001,5,5,24.96
"DETH026",10.3753,50.56175,2001,6,6,21.83
"DETH026",10.3753,50.56175,2001,7,7,22.32
"DETH026",10.3753,50.56175,2001,8,8,26.57
"DETH026",10.3753,50.56175,2001,9,9,17.89
"DETH026",10.3753,50.56175,2001,10,10,24.53
"DETH026",10.3753,50.56175,2001,11,11,17.75
"DETH026",10.3753,50.56175,2001,12,12,17.41
"DETH026",10.3753,50.56175,2002,1,13,26.73
"DETH026",10.3753,50.56175,2002,2,14,18.41
"DETH026",10.3753,50.56175,2002,3,15,24.84
"DETH026",10.3753,50.56175,2002,4,16,30.75
"DETH026",10.3753,50.56175,2002,5,17,20.91
"DETH026",10.3753,50.56175,2002,6,18,21.64
"DETH026",10.3753,50.56175,2002,7,19,25.7
"DETH026",10.3753,50.56175,2002,8,20,27.73
"DETH026",10.3753,50.56175,2002,9,21,19.95
"DETH026",10.3753,50.56175,2002,10,22,19.9
"DETH026",10.3753,50.56175,2002,11,23,20.92
"DETH026",10.3753,50.56175,2002,12,24,29.39
"DETH026",10.3753,50.56175,2003,1,25,19.35
"DETH026",10.3753,50.56175,2003,2,26,34.14
"DETH026",10.3753,50.56175,2003,3,27,34.13
"DETH026",10.3753,50.56175,2003,4,28,23.6
"DETH026",10.3753,50.56175,2003,5,29,17.15
"DETH026",10.3753,50.56175,2003,6,30,21.9
"DETH026",10.3753,50.56175,2003,7,31,19
"DETH026",10.3753,50.56175,2003,8,32,28.19
"DETH026",10.3753,50.56175,2003,9,33,19.34
"DETH026",10.3753,50.56175,2003,10,34,18.62
"DETH026",10.3753,50.56175,2003,11,35,17.41
"DETH026",10.3753,50.56175,2003,12,36,16.39
"DETH026",10.3753,50.56175,2004,1,37,15
"DETH026",10.3753,50.56175,2004,2,38,18.66
"DETH026",10.3753,50.56175,2004,3,39,22.95
"DETH026",10.3753,50.56175,2004,4,40,20.07
"DETH026",10.3753,50.56175,2004,5,41,14.78
"DETH026",10.3753,50.56175,2004,6,42,16.45
"DETH026",10.3753,50.56175,2004,7,43,15.62
"DETH026",10.3753,50.56175,2004,8,44,17.53
"DETH026",10.3753,50.56175,2004,9,45,15.88
"DETH026",10.3753,50.56175,2004,10,46,15.66
"DETH026",10.3753,50.56175,2004,11,47,14.67
"DETH026",10.3753,50.56175,2004,12,48,19.37
"DETH026",10.3753,50.56175,2005,1,49,12.99
"DETH026",10.3753,50.56175,2005,2,50,20.4
"DETH026",10.3753,50.56175,2005,3,51,20.44
"DETH026",10.3753,50.56175,2005,4,52,19.31
"DETH026",10.3753,50.56175,2005,5,53,14.21
"DETH026",10.3753,50.56175,2005,6,54,17.91
"DETH026",10.3753,50.56175,2005,7,55,15.24
"DETH026",10.3753,50.56175,2005,8,56,16.76
"DETH026",10.3753,50.56175,2005,9,57,20.24
"DETH026",10.3753,50.56175,2005,10,58,24.3
"DETH026",10.3753,50.56175,2005,11,59,14.68
"DETH026",10.3753,50.56175,2005,12,60,13.73
"DENI059",8.80122,53.83017,2001,1,1,37.88
"DENI059",8.80122,53.83017,2001,2,2,25.35
"DENI059",8.80122,53.83017,2001,3,3,33.33
"DENI059",8.80122,53.83017,2001,4,4,22.11
"DENI059",8.80122,53.83017,2001,5,5,22.12
"DENI059",8.80122,53.83017,2001,6,6,21.03
"DENI059",8.80122,53.83017,2001,7,7,32.78
"DENI059",8.80122,53.83017,2001,8,8,41.33
"DENI059",8.80122,53.83017,2001,9,9,21.81
"DENI059",8.80122,53.83017,2001,10,10,34.63
"DENI059",8.80122,53.83017,2001,11,11,16.25
"DENI059",8.80122,53.83017,2001,12,12,14.81
"DENI059",8.80122,53.83017,2002,1,13,27.89
"DENI059",8.80122,53.83017,2002,2,14,19.08
"DENI059",8.80122,53.83017,2002,3,15,32.07
"DENI059",8.80122,53.83017,2002,4,16,38.16
"DENI059",8.80122,53.83017,2002,5,17,22.58
"DENI059",8.80122,53.83017,2002,6,18,21.07
"DENI059",8.80122,53.83017,2002,7,19,23.76
"DENI059",8.80122,53.83017,2002,8,20,37.56
"DENI059",8.80122,53.83017,2002,9,21,19.82
"DENI059",8.80122,53.83017,2002,10,22,16.34
"DENI059",8.80122,53.83017,2002,11,23,20.71
"DENI059",8.80122,53.83017,2002,12,24,38.19
"DENI059",8.80122,53.83017,2003,1,25,30.39
"DENI059",8.80122,53.83017,2003,2,26,55.23
"DENI059",8.80122,53.83017,2003,3,27,53.52
"DENI059",8.80122,53.83017,2003,4,28,39.96
"DENI059",8.80122,53.83017,2003,5,29,19.88
"DENI059",8.80122,53.83017,2003,6,30,25.66
"DENI059",8.80122,53.83017,2003,7,31,24.59
"DENI059",8.80122,53.83017,2003,8,32,25.56
"DENI059",8.80122,53.83017,2003,9,33,30.73
"DENI059",8.80122,53.83017,2003,10,34,21.11
"DENI059",8.80122,53.83017,2003,11,35,29.51
"DENI059",8.80122,53.83017,2003,12,36,27.61
"DENI059",8.80122,53.83017,2004,1,37,26.46
"DENI059",8.80122,53.83017,2004,2,38,22.98
"DENI059",8.80122,53.83017,2004,3,39,27.26
"DENI059",8.80122,53.83017,2004,4,40,26.44
"DENI059",8.80122,53.83017,2004,5,41,23.64
"DENI059",8.80122,53.83017,2004,6,42,20.13
"DENI059",8.80122,53.83017,2004,7,43,17.8
"DENI059",8.80122,53.83017,2004,8,44,23.92
"DENI059",8.80122,53.83017,2004,9,45,18.67
"DENI059",8.80122,53.83017,2004,10,46,16.24
"DENI059",8.80122,53.83017,2004,11,47,17.21
"DENI059",8.80122,53.83017,2004,12,48,25.96
"DENI059",8.80122,53.83017,2005,1,49,23.57
"DENI059",8.80122,53.83017,2005,2,50,30.75
"DENI059",8.80122,53.83017,2005,3,51,28.83
"DENI059",8.80122,53.83017,2005,4,52,25.8
"DENI059",8.80122,53.83017,2005,5,53,19.42
"DENI059",8.80122,53.83017,2005,6,54,17.95
"DENI059",8.80122,53.83017,2005,7,55,18
"DENI059",8.80122,53.83017,2005,8,56,17.46
"DENI059",8.80122,53.83017,2005,9,57,23.93
"DENI059",8.80122,53.83017,2005,10,58,25.53
"DENI059",8.80122,53.83017,2005,11,59,17.72
"DENI059",8.80122,53.83017,2005,12,60,22.48
"DEUB039",14.45569,52.16557,2001,1,1,26.92
"DEUB039",14.45569,52.16557,2001,2,2,13.85
"DEUB039",14.45569,52.16557,2001,3,3,20.43
"DEUB039",14.45569,52.16557,2001,4,4,13.62
"DEUB039",14.45569,52.16557,2001,5,5,18.37
"DEUB039",14.45569,52.16557,2001,6,6,16.13
"DEUB039",14.45569,52.16557,2001,7,7,18.08
"DEUB039",14.45569,52.16557,2001,8,8,20.15
"DEUB039",14.45569,52.16557,2001,9,9,12.59
"DEUB039",14.45569,52.16557,2001,10,10,21.5
"DEUB039",14.45569,52.16557,2001,11,11,12.04
"DEUB039",14.45569,52.16557,2001,12,12,16.19
"DEUB039",14.45569,52.16557,2002,1,13,14.56
"DEUB039",14.45569,52.16557,2002,2,14,11.11
"DEUB039",14.45569,52.16557,2002,3,15,17.23
"DEUB039",14.45569,52.16557,2002,4,16,22.12
"DEUB039",14.45569,52.16557,2002,5,17,19.41
"DEUB039",14.45569,52.16557,2002,6,18,17.62
"DEUB039",14.45569,52.16557,2002,7,19,19.74
"DEUB039",14.45569,52.16557,2002,8,20,28.32
"DEUB039",14.45569,52.16557,2002,9,21,15.61
"DEUB039",14.45569,52.16557,2002,10,22,11.41
"DEUB039",14.45569,52.16557,2002,11,23,17.82
"DEUB039",14.45569,52.16557,2002,12,24,32.77
"DEUB039",14.45569,52.16557,2003,1,25,19.29
"DEUB039",14.45569,52.16557,2003,2,26,33.16
"DEUB039",14.45569,52.16557,2003,3,27,34.69
"DEUB039",14.45569,52.16557,2003,4,28,24.8
"DEUB039",14.45569,52.16557,2003,5,29,14.97
"DEUB039",14.45569,52.16557,2003,6,30,15.75
"DEUB039",14.45569,52.16557,2003,7,31,15.32
"DEUB039",14.45569,52.16557,2003,8,32,21.41
"DEUB039",14.45569,52.16557,2003,9,33,18.4
"DEUB039",14.45569,52.16557,2003,10,34,13.38
"DEUB039",14.45569,52.16557,2003,11,35,19.96
"DEUB039",14.45569,52.16557,2003,12,36,14.63
"DEUB039",14.45569,52.16557,2004,1,37,24.31
"DEUB039",14.45569,52.16557,2004,2,38,12.95
"DEUB039",14.45569,52.16557,2004,3,39,16.44
"DEUB039",14.45569,52.16557,2004,4,40,16.07
"DEUB039",14.45569,52.16557,2004,5,41,11.05
"DEUB039",14.45569,52.16557,2004,6,42,12.24
"DEUB039",14.45569,52.16557,2004,7,43,13.35
"DEUB039",14.45569,52.16557,2004,8,44,14.65
"DEUB039",14.45569,52.16557,2004,9,45,11.78
"DEUB039",14.45569,52.16557,2004,10,46,13.38
"DEUB039",14.45569,52.16557,2004,11,47,11.39
"DEUB039",14.45569,52.16557,2004,12,48,14.75
"DEUB039",14.45569,52.16557,2005,1,49,11.6
"DEUB039",14.45569,52.16557,2005,2,50,21.9
"DEUB039",14.45569,52.16557,2005,3,51,23.31
"DEUB039",14.45569,52.16557,2005,4,52,18.77
"DEUB039",14.45569,52.16557,2005,5,53,11.75
"DEUB039",14.45569,52.16557,2005,6,54,13.45
"DEUB039",14.45569,52.16557,2005,7,55,15.44
"DEUB039",14.45569,52.16557,2005,8,56,13.42
"DEUB039",14.45569,52.16557,2005,9,57,18.8
"DEUB039",14.45569,52.16557,2005,10,58,23.83
"DEHE028",8.81725,49.65346,2002,10,22,20.57
"DEHE028",8.81725,49.65346,2002,11,23,19.36
"DEHE028",8.81725,49.65346,2002,12,24,19.12
"DEHE028",8.81725,49.65346,2003,1,25,13.85
"DEHE028",8.81725,49.65346,2003,2,26,29.62
"DEHE028",8.81725,49.65346,2003,3,27,24.99
"DEHE028",8.81725,49.65346,2003,4,28,19.4
"DEHE028",8.81725,49.65346,2003,5,29,15.17
"DEHE028",8.81725,49.65346,2003,6,30,20.18
"DEHE028",8.81725,49.65346,2003,7,31,16.15
"DEHE028",8.81725,49.65346,2003,8,32,21.11
"DEHE028",8.81725,49.65346,2003,9,33,16.04
"DEHE028",8.81725,49.65346,2003,10,34,16.26
"DEHE028",8.81725,49.65346,2003,11,35,17.21
"DEHE028",8.81725,49.65346,2003,12,36,15.44
"DEHE028",8.81725,49.65346,2004,1,37,12.96
"DEHE028",8.81725,49.65346,2004,2,38,21.39
"DEHE028",8.81725,49.65346,2004,3,39,26.13
"DEHE028",8.81725,49.65346,2004,4,40,16.15
"DEHE028",8.81725,49.65346,2004,5,41,13.43
"DEHE028",8.81725,49.65346,2004,6,42,14.56
"DEHE028",8.81725,49.65346,2004,7,43,13.74
"DEHE028",8.81725,49.65346,2004,8,44,14.22
"DEHE028",8.81725,49.65346,2004,9,45,13.86
"DEHE028",8.81725,49.65346,2004,10,46,11.96
"DEHE028",8.81725,49.65346,2004,11,47,13.06
"DEHE028",8.81725,49.65346,2004,12,48,18.66
"DEHE028",8.81725,49.65346,2005,1,49,14.98
"DEHE028",8.81725,49.65346,2005,2,50,21.43
"DEHE028",8.81725,49.65346,2005,3,51,20.56
"DEHE028",8.81725,49.65346,2005,4,52,15.75
"DEHE028",8.81725,49.65346,2005,5,53,12.98
"DEHE028",8.81725,49.65346,2005,6,54,14.36
"DEHE028",8.81725,49.65346,2005,7,55,13.08
"DEHE028",8.81725,49.65346,2005,8,56,13.1
"DEHE028",8.81725,49.65346,2005,9,57,17.43
"DEHE028",8.81725,49.65346,2005,10,58,20.69
"DEHE028",8.81725,49.65346,2005,11,59,13.59
"DEHE028",8.81725,49.65346,2005,12,60,12.18
"DEMV017",11.36297,53.30235,2001,1,1,21.99
"DEMV017",11.36297,53.30235,2001,2,2,13.53
"DEMV017",11.36297,53.30235,2001,3,3,18.5
"DEMV017",11.36297,53.30235,2001,4,4,13
"DEMV017",11.36297,53.30235,2001,5,5,14.87
"DEMV017",11.36297,53.30235,2001,6,6,13.12
"DEMV017",11.36297,53.30235,2001,7,7,19.7
"DEMV017",11.36297,53.30235,2001,8,8,18.71
"DEMV017",11.36297,53.30235,2001,9,9,10.84
"DEMV017",11.36297,53.30235,2001,10,10,20.57
"DEMV017",11.36297,53.30235,2001,11,11,10.45
"DEMV017",11.36297,53.30235,2001,12,12,11.77
"DEMV017",11.36297,53.30235,2002,1,13,14.4
"DEMV017",11.36297,53.30235,2002,2,14,10.44
"DEMV017",11.36297,53.30235,2002,3,15,20.53
"DEMV017",11.36297,53.30235,2002,4,16,25
"DEMV017",11.36297,53.30235,2002,5,17,18.17
"DEMV017",11.36297,53.30235,2002,6,18,17.68
"DEMV017",11.36297,53.30235,2002,7,19,17.21
"DEMV017",11.36297,53.30235,2002,8,20,26.59
"DEMV017",11.36297,53.30235,2002,9,21,17.39
"DEMV017",11.36297,53.30235,2002,10,22,13.59
"DEMV017",11.36297,53.30235,2002,11,23,18.02
"DEMV017",11.36297,53.30235,2002,12,24,36.9
"DEMV017",11.36297,53.30235,2003,1,25,22.66
"DEMV017",11.36297,53.30235,2003,2,26,38.24
"DEMV017",11.36297,53.30235,2003,3,27,47.49
"DEMV017",11.36297,53.30235,2003,4,28,32.36
"DEMV017",11.36297,53.30235,2003,5,29,15.68
"DEMV017",11.36297,53.30235,2003,6,30,19.49
"DEMV017",11.36297,53.30235,2003,7,31,18.81
"DEMV017",11.36297,53.30235,2003,8,32,27.24
"DEMV017",11.36297,53.30235,2003,9,33,19.07
"DEMV017",11.36297,53.30235,2003,10,34,16.27
"DEMV017",11.36297,53.30235,2003,11,35,24.03
"DEMV017",11.36297,53.30235,2003,12,36,18.1
"DEMV017",11.36297,53.30235,2004,1,37,23.17
"DEMV017",11.36297,53.30235,2004,2,38,18.62
"DEMV017",11.36297,53.30235,2004,3,39,25.84
"DEMV017",11.36297,53.30235,2004,4,40,24.77
"DEMV017",11.36297,53.30235,2004,5,41,18.49
"DEMV017",11.36297,53.30235,2004,6,42,19.56
"DEMV017",11.36297,53.30235,2004,7,43,20.4
"DEMV017",11.36297,53.30235,2004,8,44,24.97
"DEMV017",11.36297,53.30235,2004,9,45,20.83
"DEMV017",11.36297,53.30235,2004,10,46,20.57
"DEMV017",11.36297,53.30235,2004,11,47,18.04
"DEMV017",11.36297,53.30235,2004,12,48,22.96
"DEMV017",11.36297,53.30235,2005,1,49,16.26
"DEMV017",11.36297,53.30235,2005,2,50,25.44
"DEMV017",11.36297,53.30235,2005,3,51,27.62
"DEMV017",11.36297,53.30235,2005,4,52,25.44
"DEMV017",11.36297,53.30235,2005,5,53,16.36
"DEMV017",11.36297,53.30235,2005,6,54,16.65
"DEMV017",11.36297,53.30235,2005,7,55,22.66
"DEMV017",11.36297,53.30235,2005,8,56,18.02
"DEMV017",11.36297,53.30235,2005,9,57,23.1
"DEMV017",11.36297,53.30235,2005,10,58,28.7
"DEMV017",11.36297,53.30235,2005,11,59,17.23
"DEMV017",11.36297,53.30235,2005,12,60,18.38
"DEMV004",12.06471,53.81777,2001,1,1,18.66
"DEMV004",12.06471,53.81777,2001,2,2,12
"DEMV004",12.06471,53.81777,2001,3,3,16.91
"DEMV004",12.06471,53.81777,2001,4,4,10.95
"DEMV004",12.06471,53.81777,2001,5,5,14.05
"DEMV004",12.06471,53.81777,2001,6,6,12.9
"DEMV004",12.06471,53.81777,2001,7,7,19.16
"DEMV004",12.06471,53.81777,2001,8,8,18.25
"DEMV004",12.06471,53.81777,2001,9,9,11.25
"DEMV004",12.06471,53.81777,2001,10,10,20.63
"DEMV004",12.06471,53.81777,2001,11,11,13.81
"DEMV004",12.06471,53.81777,2001,12,12,14.52
"DEMV004",12.06471,53.81777,2002,1,13,15.53
"DEMV004",12.06471,53.81777,2002,2,14,9.68
"DEMV004",12.06471,53.81777,2002,3,15,18.74
"DEMV004",12.06471,53.81777,2002,4,16,23.33
"DEMV004",12.06471,53.81777,2002,5,17,16.4
"DEMV004",12.06471,53.81777,2002,6,18,14.86
"DEMV004",12.06471,53.81777,2002,7,19,15.24
"DEMV004",12.06471,53.81777,2002,8,20,31.8
"DEMV004",12.06471,53.81777,2002,9,21,15.79
"DEMV004",12.06471,53.81777,2002,10,22,13.53
"DEMV004",12.06471,53.81777,2002,11,23,21.09
"DEMV004",12.06471,53.81777,2002,12,24,35.74
"DEMV004",12.06471,53.81777,2003,1,25,25.64
"DEMV004",12.06471,53.81777,2003,2,26,47.4
"DEMV004",12.06471,53.81777,2003,3,27,51.5
"DEMV004",12.06471,53.81777,2003,4,28,30.67
"DEMV004",12.06471,53.81777,2003,5,29,15.93
"DEMV004",12.06471,53.81777,2003,6,30,18.71
"DEMV004",12.06471,53.81777,2003,7,31,18.85
"DEMV004",12.06471,53.81777,2003,8,32,22.18
"DEMV004",12.06471,53.81777,2003,9,33,16.44
"DEMV004",12.06471,53.81777,2003,10,34,15.77
"DEMV004",12.06471,53.81777,2003,11,35,26.46
"DEMV004",12.06471,53.81777,2003,12,36,18.68
"DEBB053",14.01525,52.56383,2001,1,1,28.07
"DEBB053",14.01525,52.56383,2001,2,2,16.33
"DEBB053",14.01525,52.56383,2001,3,3,21.45
"DEBB053",14.01525,52.56383,2001,4,4,14.73
"DEBB053",14.01525,52.56383,2001,5,5,17.05
"DEBB053",14.01525,52.56383,2001,6,6,15.03
"DEBB053",14.01525,52.56383,2001,7,7,20.59
"DEBB053",14.01525,52.56383,2001,8,8,24.13
"DEBB053",14.01525,52.56383,2001,9,9,15.27
"DEBB053",14.01525,52.56383,2001,10,10,24.55
"DEBB053",14.01525,52.56383,2001,11,11,13.96
"DEBB053",14.01525,52.56383,2001,12,12,19.01
"DEBB053",14.01525,52.56383,2002,1,13,17.95
"DEBB053",14.01525,52.56383,2002,2,14,13.32
"DEBB053",14.01525,52.56383,2002,3,15,17.89
"DEBB053",14.01525,52.56383,2002,4,16,22.25
"DEBB053",14.01525,52.56383,2002,5,17,21.03
"DEBB053",14.01525,52.56383,2002,6,18,18.06
"DEBB053",14.01525,52.56383,2002,7,19,22.36
"DEBB053",14.01525,52.56383,2002,8,20,35.55
"DEBB053",14.01525,52.56383,2002,9,21,18.57
"DEBB053",14.01525,52.56383,2002,10,22,13.44
"DEBB053",14.01525,52.56383,2002,11,23,19.53
"DEBB053",14.01525,52.56383,2002,12,24,33.12
"DEBB053",14.01525,52.56383,2003,1,25,20.1
"DEBB053",14.01525,52.56383,2003,2,26,33.94
"DEBB053",14.01525,52.56383,2003,3,27,32.79
"DEBB053",14.01525,52.56383,2003,4,28,22.85
"DEBB053",14.01525,52.56383,2003,5,29,14.92
"DEBB053",14.01525,52.56383,2003,6,30,18.04
"DEBB053",14.01525,52.56383,2003,7,31,17.94
"DEBB053",14.01525,52.56383,2003,8,32,19.65
"DEBB053",14.01525,52.56383,2003,9,33,19.74
"DEBB053",14.01525,52.56383,2003,10,34,14.23
"DEBB053",14.01525,52.56383,2003,11,35,18
"DEBB053",14.01525,52.56383,2003,12,36,20.73
"DEBB053",14.01525,52.56383,2004,1,37,40.47
"DEBB053",14.01525,52.56383,2004,2,38,22.94
"DEBB053",14.01525,52.56383,2004,3,39,35.16
"DEBB053",14.01525,52.56383,2004,4,40,25.99
"DEBB053",14.01525,52.56383,2004,5,41,15.44
"DEBB053",14.01525,52.56383,2004,6,42,15.01
"DEBB053",14.01525,52.56383,2004,7,43,16.61
"DEBB053",14.01525,52.56383,2004,8,44,18.87
"DEBB053",14.01525,52.56383,2004,9,45,14.65
"DEBB053",14.01525,52.56383,2004,10,46,15.58
"DEBB053",14.01525,52.56383,2004,11,47,15.61
"DEBB053",14.01525,52.56383,2004,12,48,20.63
"DEBB053",14.01525,52.56383,2005,1,49,15.49
"DEBB053",14.01525,52.56383,2005,2,50,34.28
"DEBB053",14.01525,52.56383,2005,3,51,33.27
"DEBB053",14.01525,52.56383,2005,4,52,26.47
"DEBB053",14.01525,52.56383,2005,5,53,15.98
"DEBB053",14.01525,52.56383,2005,6,54,15.51
"DEBB053",14.01525,52.56383,2005,7,55,20.07
"DEBB053",14.01525,52.56383,2005,8,56,20.66
"DEBB053",14.01525,52.56383,2005,9,57,25.39
"DEBB053",14.01525,52.56383,2005,10,58,32.4
"DEBB053",14.01525,52.56383,2005,11,59,26.62
"DEBB053",14.01525,52.56383,2005,12,60,19.36
"DEUB034",7.87633,54.18671,2002,1,13,23.06
"DENW063",8.9506,51.83095,2003,7,31,16.27
"DENW063",8.9506,51.83095,2003,8,32,21.55
"DENW063",8.9506,51.83095,2003,9,33,15.9
"DENW063",8.9506,51.83095,2003,10,34,15.11
"DENW063",8.9506,51.83095,2003,11,35,15.68
"DENW063",8.9506,51.83095,2003,12,36,10.46
"DENW063",8.9506,51.83095,2004,1,37,10.3
"DENW063",8.9506,51.83095,2004,2,38,15.2
"DENW063",8.9506,51.83095,2004,3,39,27.24
"DENW063",8.9506,51.83095,2004,4,40,17.32
"DENW063",8.9506,51.83095,2004,5,41,15.51
"DENW063",8.9506,51.83095,2004,6,42,16.76
"DENW063",8.9506,51.83095,2004,7,43,11.37
"DENW063",8.9506,51.83095,2004,8,44,13.09
"DENW063",8.9506,51.83095,2004,9,45,10.65
"DENW063",8.9506,51.83095,2004,10,46,10.68
"DENW063",8.9506,51.83095,2004,11,47,9.06
"DENW063",8.9506,51.83095,2004,12,48,12.76
"DENW063",8.9506,51.83095,2005,1,49,10.37
"DENW063",8.9506,51.83095,2005,2,50,17.57
"DENW063",8.9506,51.83095,2005,3,51,22.89
"DENW063",8.9506,51.83095,2005,4,52,18.18
"DENW063",8.9506,51.83095,2005,5,53,12.13
"DENW063",8.9506,51.83095,2005,6,54,12.1
"DENW063",8.9506,51.83095,2005,7,55,12.01
"DENW063",8.9506,51.83095,2005,8,56,11.85
"DENW063",8.9506,51.83095,2005,9,57,17.37
"DENW063",8.9506,51.83095,2005,10,58,17.25
"DENW063",8.9506,51.83095,2005,11,59,9.29
"DENW063",8.9506,51.83095,2005,12,60,9.93
"DETH061",11.66123,50.79162,2001,1,1,23.81
"DETH061",11.66123,50.79162,2001,2,2,18.79
"DETH061",11.66123,50.79162,2001,3,3,18.28
"DETH061",11.66123,50.79162,2001,4,4,12.04
"DETH061",11.66123,50.79162,2001,5,5,18.36
"DETH061",11.66123,50.79162,2001,6,6,15.54
"DETH061",11.66123,50.79162,2001,7,7,17.29
"DETH061",11.66123,50.79162,2001,8,8,20.47
"DETH061",11.66123,50.79162,2001,9,9,11.62
"DETH061",11.66123,50.79162,2001,10,10,21.16
"DETH061",11.66123,50.79162,2001,11,11,10.8
"DETH061",11.66123,50.79162,2001,12,12,14.05
"DETH061",11.66123,50.79162,2002,1,13,14.83
"DETH061",11.66123,50.79162,2002,2,14,10.75
"DETH061",11.66123,50.79162,2002,3,15,19.15
"DETH061",11.66123,50.79162,2002,4,16,24.49
"DETH061",11.66123,50.79162,2002,5,17,15.14
"DETH061",11.66123,50.79162,2002,6,18,18.99
"DETH061",11.66123,50.79162,2002,7,19,17.39
"DETH061",11.66123,50.79162,2002,8,20,26.01
"DETH061",11.66123,50.79162,2002,9,21,19.02
"DETH061",11.66123,50.79162,2002,10,22,15.14
"DETH061",11.66123,50.79162,2002,11,23,13.86
"DETH061",11.66123,50.79162,2002,12,24,28.19
"DETH061",11.66123,50.79162,2003,1,25,17.76
"DETH061",11.66123,50.79162,2003,2,26,30.98
"DETH061",11.66123,50.79162,2003,3,27,22.53
"DETH061",11.66123,50.79162,2003,4,28,21.7
"DETH061",11.66123,50.79162,2003,5,29,14.65
"DETH061",11.66123,50.79162,2003,6,30,19.06
"DETH061",11.66123,50.79162,2003,7,31,14.9
"DETH061",11.66123,50.79162,2003,8,32,23.09
"DETH061",11.66123,50.79162,2003,9,33,15.34
"DETH061",11.66123,50.79162,2003,10,34,14.91
"DETH061",11.66123,50.79162,2003,11,35,15.44
"DETH061",11.66123,50.79162,2003,12,36,11.23
"DETH061",11.66123,50.79162,2004,1,37,11.48
"DETH061",11.66123,50.79162,2004,2,38,14.89
"DETH061",11.66123,50.79162,2004,3,39,18.52
"DETH061",11.66123,50.79162,2004,4,40,17.75
"DETH061",11.66123,50.79162,2004,5,41,12.16
"DETH061",11.66123,50.79162,2004,6,42,14.24
"DETH061",11.66123,50.79162,2004,7,43,12.71
"DETH061",11.66123,50.79162,2004,8,44,15.1
"DETH061",11.66123,50.79162,2004,9,45,12.99
"DETH061",11.66123,50.79162,2004,10,46,14.42
"DETH061",11.66123,50.79162,2004,11,47,12.24
"DETH061",11.66123,50.79162,2004,12,48,14.75
"DETH061",11.66123,50.79162,2005,1,49,11.22
"DETH061",11.66123,50.79162,2005,2,50,21.11
"DETH061",11.66123,50.79162,2005,3,51,22.09
"DETH061",11.66123,50.79162,2005,4,52,21.41
"DETH061",11.66123,50.79162,2005,5,53,13.33
"DETH061",11.66123,50.79162,2005,6,54,13.72
"DETH061",11.66123,50.79162,2005,7,55,14.35
"DETH061",11.66123,50.79162,2005,8,56,17.05
"DETH061",11.66123,50.79162,2005,9,57,18.67
"DETH061",11.66123,50.79162,2005,10,58,23.74
"DETH061",11.66123,50.79162,2005,11,59,12.29
"DETH061",11.66123,50.79162,2005,12,60,11.04
"DERP014",7.19349,49.74103,2001,1,1,12.66
"DERP014",7.19349,49.74103,2001,2,2,11.43
"DERP014",7.19349,49.74103,2001,3,3,10.51
"DERP014",7.19349,49.74103,2001,4,4,11.11
"DERP014",7.19349,49.74103,2001,5,5,17.83
"DERP014",7.19349,49.74103,2001,6,6,15.41
"DERP014",7.19349,49.74103,2001,7,7,15.69
"DERP014",7.19349,49.74103,2001,8,8,16.74
"DERP014",7.19349,49.74103,2001,9,9,11.23
"DERP014",7.19349,49.74103,2001,10,10,16.5
"DERP014",7.19349,49.74103,2001,11,11,10.38
"DERP014",7.19349,49.74103,2001,12,12,9.58
"DERP014",7.19349,49.74103,2002,1,13,12
"DERP014",7.19349,49.74103,2002,2,14,10.12
"DERP014",7.19349,49.74103,2002,3,15,15.68
"DERP014",7.19349,49.74103,2002,4,16,23.21
"DERP014",7.19349,49.74103,2002,5,17,12.08
"DERP014",7.19349,49.74103,2002,6,18,15.88
"DERP014",7.19349,49.74103,2002,7,19,14.8
"DERP014",7.19349,49.74103,2002,8,20,18.55
"DERP014",7.19349,49.74103,2002,9,21,13.72
"DERP014",7.19349,49.74103,2002,10,22,12.09
"DERP014",7.19349,49.74103,2002,11,23,8.48
"DERP014",7.19349,49.74103,2002,12,24,14.6
"DERP014",7.19349,49.74103,2003,1,25,10.88
"DERP014",7.19349,49.74103,2003,2,26,29.12
"DERP014",7.19349,49.74103,2003,3,27,24.47
"DERP014",7.19349,49.74103,2003,4,28,21.67
"DERP014",7.19349,49.74103,2003,5,29,13.9
"DERP014",7.19349,49.74103,2003,6,30,19.4
"DERP014",7.19349,49.74103,2003,7,31,15.17
"DERP014",7.19349,49.74103,2003,8,32,22.87
"DERP014",7.19349,49.74103,2003,9,33,15.18
"DERP014",7.19349,49.74103,2003,10,34,14.85
"DERP014",7.19349,49.74103,2003,11,35,13.33
"DERP014",7.19349,49.74103,2003,12,36,12.19
"DERP014",7.19349,49.74103,2004,1,37,10.87
"DERP014",7.19349,49.74103,2004,2,38,16.35
"DERP014",7.19349,49.74103,2004,3,39,21.26
"DERP014",7.19349,49.74103,2004,4,40,14.62
"DERP014",7.19349,49.74103,2004,5,41,13.51
"DERP014",7.19349,49.74103,2004,6,42,12.56
"DERP014",7.19349,49.74103,2004,7,43,12.07
"DERP014",7.19349,49.74103,2004,8,44,13.92
"DERP014",7.19349,49.74103,2004,9,45,12.88
"DERP014",7.19349,49.74103,2004,10,46,11.53
"DERP014",7.19349,49.74103,2004,11,47,10.81
"DERP014",7.19349,49.74103,2004,12,48,12.64
"DERP014",7.19349,49.74103,2005,1,49,11.05
"DERP014",7.19349,49.74103,2005,2,50,16.04
"DERP014",7.19349,49.74103,2005,3,51,15.82
"DERP014",7.19349,49.74103,2005,4,52,13.95
"DERP014",7.19349,49.74103,2005,5,53,12.46
"DERP014",7.19349,49.74103,2005,6,54,13.18
"DERP014",7.19349,49.74103,2005,7,55,11.61
"DERP014",7.19349,49.74103,2005,8,56,11.86
"DERP014",7.19349,49.74103,2005,9,57,14.85
"DERP014",7.19349,49.74103,2005,10,58,17.79
"DERP014",7.19349,49.74103,2005,11,59,8.51
"DERP014",7.19349,49.74103,2005,12,60,8.96
"DEHE048",8.52195,49.71845,2001,1,1,19.34
"DEHE048",8.52195,49.71845,2001,2,2,14.72
"DEHE048",8.52195,49.71845,2001,3,3,12.59
"DEHE048",8.52195,49.71845,2001,4,4,10.8
"DEHE048",8.52195,49.71845,2001,5,5,16.25
"DEHE048",8.52195,49.71845,2001,6,6,12.2
"DEHE048",8.52195,49.71845,2001,7,7,12.57
"DEHE048",8.52195,49.71845,2001,8,8,14.46
"DEHE048",8.52195,49.71845,2001,11,11,20.72
"DEHE048",8.52195,49.71845,2001,12,12,13.37
"DEHE048",8.52195,49.71845,2002,1,13,47.67
"DEHE048",8.52195,49.71845,2002,2,14,17.53
"DEHE048",8.52195,49.71845,2002,3,15,28.84
"DEHE048",8.52195,49.71845,2002,4,16,38.17
"DEHE048",8.52195,49.71845,2002,5,17,18.9
"DEHE048",8.52195,49.71845,2002,6,18,25.54
"DEHE048",8.52195,49.71845,2002,7,19,25.85
"DEHE048",8.52195,49.71845,2002,8,20,28.06
"DEHE048",8.52195,49.71845,2002,9,21,17.5
"DEHE048",8.52195,49.71845,2002,10,22,19.13
"DEHE048",8.52195,49.71845,2002,11,23,17.78
"DEHE048",8.52195,49.71845,2002,12,24,26.15
"DEHE048",8.52195,49.71845,2003,1,25,22.81
"DEHE048",8.52195,49.71845,2003,2,26,41.39
"DEHE048",8.52195,49.71845,2003,3,27,31.32
"DEHE048",8.52195,49.71845,2003,4,28,24.75
"DEHE048",8.52195,49.71845,2003,5,29,19.66
"DEHE048",8.52195,49.71845,2003,6,30,26.18
"DEHE048",8.52195,49.71845,2003,7,31,22.86
"DEUB035",13.58655,50.82846,2001,1,1,15.13
"DEUB035",13.58655,50.82846,2001,2,2,10.87
"DEUB035",13.58655,50.82846,2001,3,3,15.31
"DEUB035",13.58655,50.82846,2001,4,4,11.71
"DEUB035",13.58655,50.82846,2001,5,5,17.84
"DEUB035",13.58655,50.82846,2001,6,6,15.62
"DEUB035",13.58655,50.82846,2001,7,7,18.36
"DEUB035",13.58655,50.82846,2001,8,8,23.07
"DEUB035",13.58655,50.82846,2001,9,9,11.92
"DEUB035",13.58655,50.82846,2001,10,10,23.17
"DEUB035",13.58655,50.82846,2001,11,11,11.82
"DEUB035",13.58655,50.82846,2001,12,12,12.34
"DEUB035",13.58655,50.82846,2002,1,13,11.09
"DEUB035",13.58655,50.82846,2002,2,14,11.29
"DEUB035",13.58655,50.82846,2002,3,15,18.09
"DEUB035",13.58655,50.82846,2002,4,16,19.71
"DEUB035",13.58655,50.82846,2002,5,17,17.95
"DEUB035",13.58655,50.82846,2002,6,18,17.91
"DEUB035",13.58655,50.82846,2002,7,19,19.45
"DEUB035",13.58655,50.82846,2002,8,20,29.28
"DEUB035",13.58655,50.82846,2002,9,21,18.31
"DEUB035",13.58655,50.82846,2002,10,22,13.56
"DEUB035",13.58655,50.82846,2002,11,23,15.34
"DEUB035",13.58655,50.82846,2002,12,24,22.12
"DEUB035",13.58655,50.82846,2003,1,25,16.57
"DEUB035",13.58655,50.82846,2003,2,26,25.95
"DEUB035",13.58655,50.82846,2003,3,27,24.53
"DEUB035",13.58655,50.82846,2003,4,28,25.27
"DEUB035",13.58655,50.82846,2003,5,29,19.2
"DEUB035",13.58655,50.82846,2003,6,30,20.09
"DEUB035",13.58655,50.82846,2003,7,31,17.41
"DEUB035",13.58655,50.82846,2003,8,32,24.38
"DEUB035",13.58655,50.82846,2003,9,33,19.81
"DEUB035",13.58655,50.82846,2003,10,34,15.21
"DEUB035",13.58655,50.82846,2003,11,35,17.24
"DEUB035",13.58655,50.82846,2003,12,36,12.89
"DEUB035",13.58655,50.82846,2004,1,37,13.46
"DEUB035",13.58655,50.82846,2004,2,38,16.87
"DEUB035",13.58655,50.82846,2004,3,39,18.38
"DEUB035",13.58655,50.82846,2004,4,40,18.74
"DEUB035",13.58655,50.82846,2004,5,41,13.02
"DEUB035",13.58655,50.82846,2004,6,42,16.98
"DEUB035",13.58655,50.82846,2004,7,43,14.44
"DEUB035",13.58655,50.82846,2004,8,44,15.82
"DEUB035",13.58655,50.82846,2004,9,45,14.95
"DEUB035",13.58655,50.82846,2004,10,46,13.68
"DEUB035",13.58655,50.82846,2004,11,47,12.01
"DEUB035",13.58655,50.82846,2004,12,48,17.1
"DEUB035",13.58655,50.82846,2005,1,49,11.38
"DEUB035",13.58655,50.82846,2005,2,50,20.27
"DEUB035",13.58655,50.82846,2005,3,51,23.61
"DEUB035",13.58655,50.82846,2005,4,52,20.75
"DEUB035",13.58655,50.82846,2005,5,53,15.74
"DEUB035",13.58655,50.82846,2005,6,54,14.53
"DEUB035",13.58655,50.82846,2005,7,55,18.47
"DEUB035",13.58655,50.82846,2005,8,56,17.16
"DEUB035",13.58655,50.82846,2005,9,57,20.77
"DEUB035",13.58655,50.82846,2005,10,58,25.89
"DEUB032",10.31238,51.39287,2001,9,9,16.45
"DEUB032",10.31238,51.39287,2001,10,10,23.55
"DEUB032",10.31238,51.39287,2001,11,11,15.77
"DEUB032",10.31238,51.39287,2001,12,12,15.41
"DEUB032",10.31238,51.39287,2002,1,13,17.91
"DEUB032",10.31238,51.39287,2002,2,14,13.26
"DEUB032",10.31238,51.39287,2002,3,15,19.41
"DEUB032",10.31238,51.39287,2002,4,16,23.07
"DEUB032",10.31238,51.39287,2002,5,17,16.26
"DEUB032",10.31238,51.39287,2002,6,18,18.74
"DEUB032",10.31238,51.39287,2002,7,19,19.91
"DEUB032",10.31238,51.39287,2002,8,20,27.7
"DEUB032",10.31238,51.39287,2002,9,21,16.18
"DEUB032",10.31238,51.39287,2002,10,22,15.84
"DEUB032",10.31238,51.39287,2002,11,23,15.18
"DEUB032",10.31238,51.39287,2002,12,24,27.41
"DEUB032",10.31238,51.39287,2003,1,25,14.85
"DEUB032",10.31238,51.39287,2003,2,26,30.83
"DEUB032",10.31238,51.39287,2003,3,27,31.26
"DEUB032",10.31238,51.39287,2003,4,28,29.19
"DEUB032",10.31238,51.39287,2003,5,29,18.88
"DEUB032",10.31238,51.39287,2003,6,30,25.2
"DEUB032",10.31238,51.39287,2003,7,31,22.58
"DEUB032",10.31238,51.39287,2003,8,32,32.98
"DEUB032",10.31238,51.39287,2003,9,33,22.13
"DEUB032",10.31238,51.39287,2003,10,34,20.61
"DEUB032",10.31238,51.39287,2003,11,35,21.53
"DEUB032",10.31238,51.39287,2003,12,36,17.36
"DEUB032",10.31238,51.39287,2004,1,37,15.97
"DEUB032",10.31238,51.39287,2004,2,38,19.66
"DEUB032",10.31238,51.39287,2004,3,39,26.13
"DEUB032",10.31238,51.39287,2004,4,40,26.76
"DEUB032",10.31238,51.39287,2004,5,41,18.6
"DEUB032",10.31238,51.39287,2004,6,42,20.94
"DEUB032",10.31238,51.39287,2004,7,43,20.43
"DEUB032",10.31238,51.39287,2004,8,44,25.88
"DEUB032",10.31238,51.39287,2004,9,45,20.68
"DEUB032",10.31238,51.39287,2004,10,46,22.11
"DEUB032",10.31238,51.39287,2004,11,47,17.45
"DEUB032",10.31238,51.39287,2004,12,48,24.54
"DEMV012",14.25741,53.52046,2001,1,1,23.97
"DEMV012",14.25741,53.52046,2001,2,2,13.35
"DEMV012",14.25741,53.52046,2001,3,3,19.23
"DEMV012",14.25741,53.52046,2001,4,4,12.18
"DEMV012",14.25741,53.52046,2001,5,5,12.48
"DEMV012",14.25741,53.52046,2001,6,6,11.29
"DEMV012",14.25741,53.52046,2001,7,7,14.82
"DEMV012",14.25741,53.52046,2001,8,8,17.5
"DEMV012",14.25741,53.52046,2001,9,9,10.91
"DEMV012",14.25741,53.52046,2001,10,10,19.39
"DEMV012",14.25741,53.52046,2001,11,11,9.71
"DEMV012",14.25741,53.52046,2001,12,12,13.13
"DEMV012",14.25741,53.52046,2002,1,13,13.24
"DEMV012",14.25741,53.52046,2002,2,14,9.36
"DEMV012",14.25741,53.52046,2002,3,15,15.88
"DEMV012",14.25741,53.52046,2002,4,16,20.73
"DEMV012",14.25741,53.52046,2002,5,17,19.31
"DEMV012",14.25741,53.52046,2002,6,18,14.47
"DEMV012",14.25741,53.52046,2002,7,19,16.86
"DEMV012",14.25741,53.52046,2002,8,20,27.99
"DEMV012",14.25741,53.52046,2002,9,21,19.22
"DEMV012",14.25741,53.52046,2002,10,22,11.31
"DEMV012",14.25741,53.52046,2002,11,23,19.11
"DEMV012",14.25741,53.52046,2002,12,24,28.73
"DEMV012",14.25741,53.52046,2003,1,25,19.65
"DEMV012",14.25741,53.52046,2003,2,26,36.29
"DEMV012",14.25741,53.52046,2003,3,27,35.1
"DEMV012",14.25741,53.52046,2003,4,28,23.53
"DEMV012",14.25741,53.52046,2003,5,29,13.81
"DEMV012",14.25741,53.52046,2003,6,30,16.81
"DEMV012",14.25741,53.52046,2003,7,31,16.94
"DEMV012",14.25741,53.52046,2003,8,32,19.88
"DEMV012",14.25741,53.52046,2003,9,33,18.4
"DEMV012",14.25741,53.52046,2003,10,34,13.91
"DEMV012",14.25741,53.52046,2003,11,35,22.69
"DEMV012",14.25741,53.52046,2003,12,36,14.65
"DEUB031",14.78617,50.8277,2001,9,9,14.25
"DEUB031",14.78617,50.8277,2001,10,10,24.99
"DEUB031",14.78617,50.8277,2001,11,11,14.92
"DEUB031",14.78617,50.8277,2001,12,12,16.04
"DEUB031",14.78617,50.8277,2002,1,13,20.83
"DEUB031",14.78617,50.8277,2002,2,14,17.2
"DEUB031",14.78617,50.8277,2002,3,15,21.58
"DEUB031",14.78617,50.8277,2002,4,16,22.15
"DEUB031",14.78617,50.8277,2002,5,17,19.01
"DEUB031",14.78617,50.8277,2002,6,18,17.23
"DEUB031",14.78617,50.8277,2002,7,19,16.81
"DEUB031",14.78617,50.8277,2002,8,20,27.54
"DEUB031",14.78617,50.8277,2002,9,21,17.75
"DEUB031",14.78617,50.8277,2002,10,22,13.93
"DEUB031",14.78617,50.8277,2002,11,23,16.61
"DEUB031",14.78617,50.8277,2002,12,24,23.1
"DEUB031",14.78617,50.8277,2003,1,25,20
"DEUB031",14.78617,50.8277,2003,2,26,29.65
"DEUB031",14.78617,50.8277,2003,3,27,35.17
"DEUB031",14.78617,50.8277,2003,4,28,25.66
"DEUB031",14.78617,50.8277,2003,5,29,14.14
"DEUB031",14.78617,50.8277,2003,6,30,17.23
"DEUB031",14.78617,50.8277,2003,7,31,13.5
"DEUB031",14.78617,50.8277,2003,8,32,19.54
"DEUB031",14.78617,50.8277,2003,9,33,16.96
"DEUB031",14.78617,50.8277,2003,10,34,14.34
"DEUB031",14.78617,50.8277,2003,11,35,17.56
"DEUB031",14.78617,50.8277,2003,12,36,17.48
"DEUB031",14.78617,50.8277,2004,1,37,22.68
"DEUB031",14.78617,50.8277,2004,2,38,13.89
"DEUB031",14.78617,50.8277,2004,3,39,17.12
"DEUB031",14.78617,50.8277,2004,4,40,15.88
"DEUB031",14.78617,50.8277,2004,5,41,11
"DEUB031",14.78617,50.8277,2004,6,42,12.83
"DEUB031",14.78617,50.8277,2004,7,43,11.06
"DEUB031",14.78617,50.8277,2004,8,44,15.36
"DEUB031",14.78617,50.8277,2004,9,45,11.92
"DEUB031",14.78617,50.8277,2004,10,46,13.12
"DEUB031",14.78617,50.8277,2004,11,47,12.62
"DEUB031",14.78617,50.8277,2004,12,48,16.89
"DEUB031",14.78617,50.8277,2005,1,49,13.18
"DEUB031",14.78617,50.8277,2005,2,50,18.73
"DEUB031",14.78617,50.8277,2005,3,51,23.63
"DEUB031",14.78617,50.8277,2005,4,52,20.07
"DEUB031",14.78617,50.8277,2005,5,53,14.65
"DEUB031",14.78617,50.8277,2005,6,54,12.01
"DEUB031",14.78617,50.8277,2005,7,55,13.26
"DEUB031",14.78617,50.8277,2005,8,56,13.19
"DEUB031",14.78617,50.8277,2005,9,57,17.34
"DEUB031",14.78617,50.8277,2005,10,58,21.27
"DEUB033",12.92588,51.52426,2001,1,1,21.56
"DEUB033",12.92588,51.52426,2001,2,2,16.95
"DEUB033",12.92588,51.52426,2001,3,3,22.2
"DEUB033",12.92588,51.52426,2001,4,4,13.8
"DEUB033",12.92588,51.52426,2001,5,5,17.07
"DEUB033",12.92588,51.52426,2001,6,6,17.44
"DEUB033",12.92588,51.52426,2001,7,7,20.67
"DEUB033",12.92588,51.52426,2001,8,8,23.3
"DEUB033",12.92588,51.52426,2001,9,9,13.75
"DEUB033",12.92588,51.52426,2001,10,10,20.38
"DEUB033",12.92588,51.52426,2001,11,11,13.08
"DEUB033",12.92588,51.52426,2001,12,12,17.45
"DEUB033",12.92588,51.52426,2002,1,13,15.75
"DEUB033",12.92588,51.52426,2002,2,14,11.95
"DEUB033",12.92588,51.52426,2002,3,15,17.98
"DEUB033",12.92588,51.52426,2002,4,16,21.2
"DEUB033",12.92588,51.52426,2002,5,17,18.31
"DEUB033",12.92588,51.52426,2002,6,18,19.42
"DEUB033",12.92588,51.52426,2002,7,19,21.91
"DEUB033",12.92588,51.52426,2002,8,20,29.28
"DEUB033",12.92588,51.52426,2002,9,21,18.24
"DEUB033",12.92588,51.52426,2002,10,22,13.12
"DEUB033",12.92588,51.52426,2002,11,23,16.44
"DEUB033",12.92588,51.52426,2002,12,24,34.48
"DEUB033",12.92588,51.52426,2003,1,25,19.57
"DEUB033",12.92588,51.52426,2003,2,26,32.66
"DEUB033",12.92588,51.52426,2003,3,27,36.33
"DEUB033",12.92588,51.52426,2003,4,28,31
"DEUB033",12.92588,51.52426,2003,5,29,17.1
"DEUB033",12.92588,51.52426,2003,6,30,23.42
"DEUB033",12.92588,51.52426,2003,7,31,20.65
"DEUB033",12.92588,51.52426,2003,8,32,25.86
"DEUB033",12.92588,51.52426,2003,9,33,20.56
"DEUB033",12.92588,51.52426,2003,10,34,15.05
"DEUB033",12.92588,51.52426,2003,11,35,19.55
"DEUB033",12.92588,51.52426,2003,12,36,14.03
"DEUB033",12.92588,51.52426,2004,1,37,16.67
"DEUB033",12.92588,51.52426,2004,2,38,15.04
"DEUB033",12.92588,51.52426,2004,3,39,18.58
"DEUB033",12.92588,51.52426,2004,4,40,18.09
"DEUB033",12.92588,51.52426,2004,5,41,13.32
"DEUB033",12.92588,51.52426,2004,6,42,15.35
"DEUB033",12.92588,51.52426,2004,7,43,18.45
"DEUB033",12.92588,51.52426,2004,8,44,18.72
"DEUB033",12.92588,51.52426,2004,9,45,16.3
"DEUB033",12.92588,51.52426,2004,10,46,14.59
"DEUB033",12.92588,51.52426,2004,11,47,12.75
"DEUB033",12.92588,51.52426,2004,12,48,15.67
"DEUB033",12.92588,51.52426,2005,1,49,10.41
"DEUB033",12.92588,51.52426,2005,2,50,22.27
"DEUB033",12.92588,51.52426,2005,3,51,21.39
"DEUB033",12.92588,51.52426,2005,4,52,19.6
"DEUB033",12.92588,51.52426,2005,5,53,13.76
"DEUB033",12.92588,51.52426,2005,6,54,15.34
"DEUB033",12.92588,51.52426,2005,7,55,18.41
"DEUB033",12.92588,51.52426,2005,8,56,15.5
"DEUB033",12.92588,51.52426,2005,9,57,20.35
"DEUB033",12.92588,51.52426,2005,10,58,23.43
"DEBY047",11.7216,50.32324,2001,1,1,23.94
"DEBY047",11.7216,50.32324,2001,2,2,20.09
"DEBY047",11.7216,50.32324,2001,3,3,23.02
"DEBY047",11.7216,50.32324,2001,4,4,18.74
"DEBY047",11.7216,50.32324,2001,5,5,27
"DEBY047",11.7216,50.32324,2001,6,6,20.96
"DEBY047",11.7216,50.32324,2001,7,7,20.87
"DEBY047",11.7216,50.32324,2001,8,8,27.31
"DEBY047",11.7216,50.32324,2001,9,9,16.61
"DEBY047",11.7216,50.32324,2001,10,10,26.58
"DEBY047",11.7216,50.32324,2001,11,11,17.09
"DEBY047",11.7216,50.32324,2001,12,12,17.26
"DEBY047",11.7216,50.32324,2002,1,13,23.56
"DEBY047",11.7216,50.32324,2002,2,14,14.92
"DEBY047",11.7216,50.32324,2002,3,15,24.1
"DEBY047",11.7216,50.32324,2002,4,16,30.87
"DEBY047",11.7216,50.32324,2002,5,17,20.38
"DEBY047",11.7216,50.32324,2002,6,18,22.9
"DEBY047",11.7216,50.32324,2002,7,19,22.71
"DEBY047",11.7216,50.32324,2002,8,20,30.13
"DEBY047",11.7216,50.32324,2002,9,21,20.12
"DEBY047",11.7216,50.32324,2002,10,22,18.04
"DEBY047",11.7216,50.32324,2002,11,23,19.7
"DEBY047",11.7216,50.32324,2002,12,24,28.67
"DEBY047",11.7216,50.32324,2003,1,25,21.52
"DEBY047",11.7216,50.32324,2003,2,26,37.56
"DEBY047",11.7216,50.32324,2003,3,27,33.67
"DEBY047",11.7216,50.32324,2003,4,28,25.86
"DEBY047",11.7216,50.32324,2003,5,29,18.92
"DEBY047",11.7216,50.32324,2003,6,30,25.19
"DEBY047",11.7216,50.32324,2003,7,31,18.78
"DEBY047",11.7216,50.32324,2003,8,32,27.42
"DEBY047",11.7216,50.32324,2003,9,33,20.49
"DEBY047",11.7216,50.32324,2003,10,34,20.18
"DEBY047",11.7216,50.32324,2003,11,35,21.71
"DEBY047",11.7216,50.32324,2003,12,36,17.63
"DEBY047",11.7216,50.32324,2004,1,37,17.62
"DEBY047",11.7216,50.32324,2004,2,38,23.05
"DEBY047",11.7216,50.32324,2004,3,39,29.63
"DEBY047",11.7216,50.32324,2004,4,40,24.23
"DEBY047",11.7216,50.32324,2004,5,41,14.68
"DEBY047",11.7216,50.32324,2004,6,42,16.32
"DEBY047",11.7216,50.32324,2004,7,43,15.76
"DEBY047",11.7216,50.32324,2004,8,44,17.25
"DEBY047",11.7216,50.32324,2004,9,45,16.05
"DEBY047",11.7216,50.32324,2004,10,46,17.21
"DEBY047",11.7216,50.32324,2004,11,47,15.99
"DEBY047",11.7216,50.32324,2004,12,48,22.68
"DEBY047",11.7216,50.32324,2005,1,49,15.47
"DEBY047",11.7216,50.32324,2005,2,50,27.84
"DEBY047",11.7216,50.32324,2005,3,51,28.75
"DEBY047",11.7216,50.32324,2005,4,52,24.95
"DEBY047",11.7216,50.32324,2005,5,53,14.52
"DEBY047",11.7216,50.32324,2005,6,54,15.3
"DEBY047",11.7216,50.32324,2005,7,55,16.46
"DEBY047",11.7216,50.32324,2005,8,56,18.87
"DEBY047",11.7216,50.32324,2005,9,57,23.17
"DEBY047",11.7216,50.32324,2005,10,58,29.91
"DEBY047",11.7216,50.32324,2005,11,59,20.17
"DEBY047",11.7216,50.32324,2005,12,60,18.06
"DENW065",8.19193,50.93033,2003,7,31,17.6
"DENW065",8.19193,50.93033,2003,8,32,25.47
"DENW065",8.19193,50.93033,2003,9,33,14.5
"DENW065",8.19193,50.93033,2003,10,34,10.75
"DENW065",8.19193,50.93033,2003,11,35,9.95
"DENW065",8.19193,50.93033,2003,12,36,9.18
"DENW065",8.19193,50.93033,2004,1,37,7.95
"DENW065",8.19193,50.93033,2004,2,38,12.53
"DENW065",8.19193,50.93033,2004,3,39,16.63
"DENW065",8.19193,50.93033,2004,4,40,13.01
"DENW065",8.19193,50.93033,2004,5,41,12.85
"DENW065",8.19193,50.93033,2004,6,42,12.25
"DENW065",8.19193,50.93033,2004,7,43,11.07
"DENW065",8.19193,50.93033,2004,8,44,12.06
"DENW065",8.19193,50.93033,2004,9,45,11.26
"DENW065",8.19193,50.93033,2004,10,46,10.74
"DENW065",8.19193,50.93033,2004,11,47,7.22
"DENW065",8.19193,50.93033,2004,12,48,10.31
"DENW065",8.19193,50.93033,2005,1,49,9.28
"DENW065",8.19193,50.93033,2005,2,50,14.4
"DENW065",8.19193,50.93033,2005,3,51,16.84
"DENW065",8.19193,50.93033,2005,4,52,15.13
"DENW065",8.19193,50.93033,2005,5,53,11.87
"DENW065",8.19193,50.93033,2005,6,54,11.9
"DENW065",8.19193,50.93033,2005,7,55,11.5
"DENW065",8.19193,50.93033,2005,8,56,11.58
"DENW065",8.19193,50.93033,2005,9,57,16.2
"DENW065",8.19193,50.93033,2005,10,58,16.88
"DENW065",8.19193,50.93033,2005,11,59,7.78
"DENW065",8.19193,50.93033,2005,12,60,8.17
"DEUB030",13.03166,53.1413,2001,9,9,15.79
"DEUB030",13.03166,53.1413,2001,10,10,27.84
"DEUB030",13.03166,53.1413,2001,11,11,11.39
"DEUB030",13.03166,53.1413,2001,12,12,13.7
"DEUB030",13.03166,53.1413,2002,1,13,14.61
"DEUB030",13.03166,53.1413,2002,2,14,9.14
"DEUB030",13.03166,53.1413,2002,3,15,14.83
"DEUB030",13.03166,53.1413,2002,4,16,19.94
"DEUB030",13.03166,53.1413,2002,5,17,16.19
"DEUB030",13.03166,53.1413,2002,6,18,12.42
"DEUB030",13.03166,53.1413,2002,7,19,13.95
"DEUB030",13.03166,53.1413,2002,8,20,25.96
"DEUB030",13.03166,53.1413,2002,9,21,15.94
"DEUB030",13.03166,53.1413,2002,10,22,10.77
"DEUB030",13.03166,53.1413,2002,11,23,15.84
"DEUB030",13.03166,53.1413,2002,12,24,25.4
"DEUB030",13.03166,53.1413,2003,1,25,16.84
"DEUB030",13.03166,53.1413,2003,2,26,28.72
"DEUB030",13.03166,53.1413,2003,3,27,28.88
"DEUB030",13.03166,53.1413,2003,4,28,22.3
"DEUB030",13.03166,53.1413,2003,5,29,13.94
"DEUB030",13.03166,53.1413,2003,6,30,15.69
"DEUB030",13.03166,53.1413,2003,7,31,13.51
"DEUB030",13.03166,53.1413,2003,8,32,17.2
"DEUB030",13.03166,53.1413,2003,9,33,15.49
"DEUB030",13.03166,53.1413,2003,10,34,11.26
"DEUB030",13.03166,53.1413,2003,11,35,18.16
"DEUB030",13.03166,53.1413,2003,12,36,13.11
"DEUB030",13.03166,53.1413,2004,1,37,19.75
"DEUB030",13.03166,53.1413,2004,2,38,11.3
"DEUB030",13.03166,53.1413,2004,3,39,18.41
"DEUB030",13.03166,53.1413,2004,4,40,20.19
"DEUB030",13.03166,53.1413,2004,5,41,16.79
"DEUB030",13.03166,53.1413,2004,6,42,14.33
"DEUB030",13.03166,53.1413,2004,7,43,14.89
"DEUB030",13.03166,53.1413,2004,8,44,18.12
"DEUB030",13.03166,53.1413,2004,9,45,17.68
"DEUB030",13.03166,53.1413,2004,10,46,22.53
"DEUB030",13.03166,53.1413,2004,11,47,14.56
"DEUB030",13.03166,53.1413,2004,12,48,18.48
"DEUB030",13.03166,53.1413,2005,1,49,11.35
"DEUB030",13.03166,53.1413,2005,2,50,21.64
"DEUB030",13.03166,53.1413,2005,3,51,19.52
"DEUB030",13.03166,53.1413,2005,4,52,17.5
"DEUB030",13.03166,53.1413,2005,5,53,12.42
"DEUB030",13.03166,53.1413,2005,6,54,11.03
"DEUB030",13.03166,53.1413,2005,7,55,12.53
"DEUB030",13.03166,53.1413,2005,8,56,13.94
"DEUB030",13.03166,53.1413,2005,9,57,21.59
"DEUB030",13.03166,53.1413,2005,10,58,29.38
"DEUB030",13.03166,53.1413,2005,11,59,18.2
"DEUB030",13.03166,53.1413,2005,12,60,12.99
"DEHE034",9.00108,50.41662,2001,1,1,16.59
"DEHE034",9.00108,50.41662,2001,2,2,16.27
"DEHE034",9.00108,50.41662,2001,3,3,31.59
"DEHE034",9.00108,50.41662,2001,4,4,25.42
"DEHE034",9.00108,50.41662,2001,5,5,31.3
"DEHE034",9.00108,50.41662,2001,6,6,23.34
"DEHE034",9.00108,50.41662,2001,7,7,31.31
"DEHE034",9.00108,50.41662,2001,8,8,33.07
"DEHE034",9.00108,50.41662,2001,9,9,25.96
"DEHE034",9.00108,50.41662,2001,10,10,36.28
"DEHE034",9.00108,50.41662,2001,11,11,27.79
"DEHE034",9.00108,50.41662,2001,12,12,24.05
"DEHE034",9.00108,50.41662,2002,1,13,48.71
"DEHE034",9.00108,50.41662,2002,2,14,24.69
"DEHE034",9.00108,50.41662,2002,3,15,34.65
"DEHE034",9.00108,50.41662,2002,4,16,42.91
"DEHE034",9.00108,50.41662,2002,5,17,24.36
"DEHE034",9.00108,50.41662,2002,6,18,33.2
"DEHE034",9.00108,50.41662,2002,7,19,28.28
"DEHE034",9.00108,50.41662,2002,8,20,27.84
"DEHE034",9.00108,50.41662,2002,9,21,18.76
"DEHE034",9.00108,50.41662,2002,10,22,18.44
"DEHE034",9.00108,50.41662,2002,11,23,19.46
"DEHE034",9.00108,50.41662,2002,12,24,26.38
"DEHE034",9.00108,50.41662,2003,1,25,22.15
"DEHE034",9.00108,50.41662,2003,2,26,36.46
"DEHE034",9.00108,50.41662,2003,3,27,31.89
"DEHE034",9.00108,50.41662,2003,4,28,25.51
"DEHE034",9.00108,50.41662,2003,5,29,17.59
"DEHE034",9.00108,50.41662,2003,6,30,21.29
"DEHE034",9.00108,50.41662,2003,7,31,19.75
"DEHE034",9.00108,50.41662,2003,8,32,27.73
"DEHE034",9.00108,50.41662,2003,9,33,16.35
"DEHE034",9.00108,50.41662,2003,10,34,15.22
"DEHE034",9.00108,50.41662,2003,11,35,15.84
"DEHE034",9.00108,50.41662,2003,12,36,14.51
"DEHE034",9.00108,50.41662,2004,1,37,13.04
"DEHE034",9.00108,50.41662,2004,2,38,16.88
"DEHE034",9.00108,50.41662,2004,3,39,19.58
"DEHE034",9.00108,50.41662,2004,4,40,16.13
"DEHE034",9.00108,50.41662,2004,5,41,13.35
"DEHE034",9.00108,50.41662,2004,6,42,15.82
"DEHE034",9.00108,50.41662,2004,7,43,14.59
"DEHE034",9.00108,50.41662,2004,8,44,15.12
"DEHE034",9.00108,50.41662,2004,9,45,14.53
"DEHE034",9.00108,50.41662,2004,10,46,14.15
"DEHE034",9.00108,50.41662,2004,11,47,14.02
"DEHE034",9.00108,50.41662,2004,12,48,22.39
"DESL008",7.00214,49.63239,2001,1,1,43.76
"DESL008",7.00214,49.63239,2001,5,5,12.63
"DESL008",7.00214,49.63239,2001,6,6,14.38
"DESL008",7.00214,49.63239,2001,7,7,17.86
"DESL008",7.00214,49.63239,2001,8,8,16.56
"DESL008",7.00214,49.63239,2001,9,9,10.62
"DESL008",7.00214,49.63239,2001,10,10,18.74
"DESL008",7.00214,49.63239,2001,11,11,9.78
"DESL008",7.00214,49.63239,2001,12,12,9.63
"DESL008",7.00214,49.63239,2002,3,15,9.19
"DESL008",7.00214,49.63239,2002,4,16,14.58
"DESL008",7.00214,49.63239,2002,5,17,7.85
"DESL008",7.00214,49.63239,2002,6,18,10.59
"DESL008",7.00214,49.63239,2002,7,19,8.62
"DESL008",7.00214,49.63239,2002,8,20,9.17
"DESL008",7.00214,49.63239,2002,9,21,9.67
"DESL008",7.00214,49.63239,2002,10,22,8.33
"DESL008",7.00214,49.63239,2002,11,23,6.04
"DESL008",7.00214,49.63239,2002,12,24,10.9
"DEBW103",8.75383,49.46481,2001,1,1,13.56
"DEBW103",8.75383,49.46481,2001,2,2,15.5
"DEBW103",8.75383,49.46481,2001,3,3,12.17
"DEBW103",8.75383,49.46481,2001,4,4,11.85
"DEBW103",8.75383,49.46481,2001,5,5,17.24
"DEBW103",8.75383,49.46481,2001,6,6,14.38
"DEBW103",8.75383,49.46481,2001,7,7,14.25
"DEBW103",8.75383,49.46481,2001,8,8,16.49
"DEBW103",8.75383,49.46481,2001,9,9,12.01
"DEBW103",8.75383,49.46481,2001,10,10,18.93
"DEBW103",8.75383,49.46481,2001,11,11,12.48
"DEBW103",8.75383,49.46481,2001,12,12,11.12
"DEBW103",8.75383,49.46481,2005,1,49,15.92
"DEBW103",8.75383,49.46481,2005,2,50,24.05
"DEBW103",8.75383,49.46481,2005,3,51,26.47
"DEBW103",8.75383,49.46481,2005,4,52,21.96
"DEBW103",8.75383,49.46481,2005,5,53,17.9
"DEBW103",8.75383,49.46481,2005,6,54,18.63
"DEBW103",8.75383,49.46481,2005,7,55,15.6
"DEBW103",8.75383,49.46481,2005,8,56,17.55
"DEBW103",8.75383,49.46481,2005,9,57,22.37
"DEBW103",8.75383,49.46481,2005,10,58,26.69
"DEBW103",8.75383,49.46481,2005,11,59,15.18
"DEBW103",8.75383,49.46481,2005,12,60,16.17
"DENI058",7.21398,53.7153,2001,1,1,33.85
"DENI058",7.21398,53.7153,2001,2,2,32.97
"DENI058",7.21398,53.7153,2001,3,3,39.7
"DENI058",7.21398,53.7153,2001,4,4,31.34
"DENI058",7.21398,53.7153,2001,5,5,28.91
"DENI058",7.21398,53.7153,2001,6,6,27.28
"DENI058",7.21398,53.7153,2001,7,7,35.71
"DENI058",7.21398,53.7153,2001,8,8,43.9
"DENI058",7.21398,53.7153,2001,9,9,35.58
"DENI058",7.21398,53.7153,2001,10,10,44.39
"DENI058",7.21398,53.7153,2001,11,11,32.69
"DENI058",7.21398,53.7153,2001,12,12,27.26
"DENI058",7.21398,53.7153,2002,1,13,36.61
"DENI058",7.21398,53.7153,2002,2,14,28.22
"DENI058",7.21398,53.7153,2002,3,15,40.54
"DENI058",7.21398,53.7153,2002,4,16,41.18
"DENI058",7.21398,53.7153,2002,5,17,23.5
"DENI058",7.21398,53.7153,2002,6,18,24.41
"DENI058",7.21398,53.7153,2002,7,19,29.53
"DENI058",7.21398,53.7153,2002,8,20,33.34
"DENI058",7.21398,53.7153,2002,9,21,28.09
"DENI058",7.21398,53.7153,2002,10,22,24.02
"DENI058",7.21398,53.7153,2002,11,23,22.19
"DENI058",7.21398,53.7153,2002,12,24,33.73
"DENI058",7.21398,53.7153,2003,1,25,27.05
"DENI058",7.21398,53.7153,2003,2,26,55.92
"DENI058",7.21398,53.7153,2003,3,27,48.5
"DENI058",7.21398,53.7153,2003,4,28,41.47
"DENI058",7.21398,53.7153,2003,5,29,17.91
"DENI058",7.21398,53.7153,2003,6,30,23.53
"DENI058",7.21398,53.7153,2003,7,31,24.28
"DENI058",7.21398,53.7153,2003,8,32,27.81
"DENI058",7.21398,53.7153,2003,9,33,32.93
"DENI058",7.21398,53.7153,2003,10,34,29.12
"DENI058",7.21398,53.7153,2003,11,35,28.34
"DENI058",7.21398,53.7153,2003,12,36,25.72
"DENI058",7.21398,53.7153,2004,1,37,20.69
"DENI058",7.21398,53.7153,2004,2,38,25.47
"DENI058",7.21398,53.7153,2004,3,39,24.75
"DENI058",7.21398,53.7153,2004,4,40,20.87
"DENI058",7.21398,53.7153,2004,5,41,16.74
"DENI058",7.21398,53.7153,2004,6,42,14.27
"DENI058",7.21398,53.7153,2004,7,43,13.07
"DENI058",7.21398,53.7153,2004,8,44,17.9
"DENI058",7.21398,53.7153,2004,9,45,21.37
"DENI058",7.21398,53.7153,2004,10,46,13.46
"DENI058",7.21398,53.7153,2004,11,47,20.24
"DENI058",7.21398,53.7153,2004,12,48,24.2
"DENI058",7.21398,53.7153,2005,1,49,31.85
"DENI058",7.21398,53.7153,2005,2,50,38.78
"DENI058",7.21398,53.7153,2005,3,51,36.38
"DENI058",7.21398,53.7153,2005,4,52,28.06
"DENI058",7.21398,53.7153,2005,5,53,22.33
"DENI058",7.21398,53.7153,2005,6,54,20.19
"DENI058",7.21398,53.7153,2005,7,55,19.44
"DENI058",7.21398,53.7153,2005,8,56,22.51
"DENI058",7.21398,53.7153,2005,9,57,27.28
"DENI058",7.21398,53.7153,2005,10,58,36.51
"DENI058",7.21398,53.7153,2005,11,59,20.43
"DENI058",7.21398,53.7153,2005,12,60,34.08
"DEBB056",12.73419,52.68995,2002,1,13,24.38
"DEBB056",12.73419,52.68995,2002,2,14,12.62
"DEBB056",12.73419,52.68995,2002,3,15,21.32
"DEBB056",12.73419,52.68995,2002,4,16,25.77
"DEBB056",12.73419,52.68995,2002,5,17,20.06
"DEBB056",12.73419,52.68995,2002,6,18,16.39
"DEBB056",12.73419,52.68995,2002,7,19,17.87
"DEBB056",12.73419,52.68995,2002,8,20,24.32
"DEBB056",12.73419,52.68995,2002,9,21,15.25
"DEBB056",12.73419,52.68995,2002,10,22,11.87
"DEBB056",12.73419,52.68995,2002,11,23,22.28
"DEBB056",12.73419,52.68995,2002,12,24,38.23
"DERP017",7.82652,49.27026,2001,1,1,10.39
"DERP017",7.82652,49.27026,2001,2,2,9.85
"DERP017",7.82652,49.27026,2001,3,3,10.18
"DERP017",7.82652,49.27026,2001,4,4,10.15
"DERP017",7.82652,49.27026,2001,5,5,18.84
"DERP017",7.82652,49.27026,2001,6,6,14.49
"DERP017",7.82652,49.27026,2001,7,7,15.67
"DERP017",7.82652,49.27026,2001,8,8,16.33
"DERP017",7.82652,49.27026,2001,9,9,10.95
"DERP017",7.82652,49.27026,2001,10,10,18.33
"DERP017",7.82652,49.27026,2001,11,11,11.26
"DERP017",7.82652,49.27026,2001,12,12,9.03
"DERP017",7.82652,49.27026,2002,1,13,12.3
"DERP017",7.82652,49.27026,2002,2,14,10.63
"DERP017",7.82652,49.27026,2002,3,15,17.34
"DERP017",7.82652,49.27026,2002,4,16,22.75
"DERP017",7.82652,49.27026,2002,5,17,11.62
"DERP017",7.82652,49.27026,2002,6,18,16.62
"DERP017",7.82652,49.27026,2002,7,19,15.16
"DERP017",7.82652,49.27026,2002,8,20,17.13
"DERP017",7.82652,49.27026,2002,9,21,13.31
"DERP017",7.82652,49.27026,2002,10,22,13.32
"DERP017",7.82652,49.27026,2002,11,23,8.77
"DERP017",7.82652,49.27026,2002,12,24,15.42
"DERP017",7.82652,49.27026,2003,1,25,11.14
"DERP017",7.82652,49.27026,2003,2,26,24.36
"DERP017",7.82652,49.27026,2003,3,27,23.55
"DERP017",7.82652,49.27026,2003,4,28,19.53
"DERP017",7.82652,49.27026,2003,5,29,14.09
"DERP017",7.82652,49.27026,2003,6,30,20.78
"DERP017",7.82652,49.27026,2003,7,31,14.77
"DERP017",7.82652,49.27026,2003,8,32,21.88
"DERP017",7.82652,49.27026,2003,9,33,15.23
"DERP017",7.82652,49.27026,2003,10,34,14.78
"DERP017",7.82652,49.27026,2003,11,35,12.71
"DERP017",7.82652,49.27026,2003,12,36,11.55
"DERP017",7.82652,49.27026,2004,1,37,9.59
"DERP017",7.82652,49.27026,2004,2,38,17.75
"DERP017",7.82652,49.27026,2004,3,39,22.65
"DERP017",7.82652,49.27026,2004,4,40,13.85
"DERP017",7.82652,49.27026,2004,5,41,13.92
"DERP017",7.82652,49.27026,2004,6,42,12.89
"DERP017",7.82652,49.27026,2004,7,43,13.42
"DERP017",7.82652,49.27026,2004,8,44,14.19
"DERP017",7.82652,49.27026,2004,9,45,13.04
"DERP017",7.82652,49.27026,2004,10,46,11.89
"DERP017",7.82652,49.27026,2004,11,47,10.41
"DERP017",7.82652,49.27026,2004,12,48,13.71
"DERP017",7.82652,49.27026,2005,1,49,11.54
"DERP017",7.82652,49.27026,2005,2,50,17.63
"DERP017",7.82652,49.27026,2005,3,51,16.22
"DERP017",7.82652,49.27026,2005,4,52,14.3
"DERP017",7.82652,49.27026,2005,5,53,11.97
"DERP017",7.82652,49.27026,2005,6,54,14.19
"DERP017",7.82652,49.27026,2005,7,55,12.31
"DERP017",7.82652,49.27026,2005,8,56,12.66
"DERP017",7.82652,49.27026,2005,9,57,15.87
"DERP017",7.82652,49.27026,2005,10,58,17.46
"DERP017",7.82652,49.27026,2005,11,59,9.23
"DERP017",7.82652,49.27026,2005,12,60,8.21
"DEUB041",11.1112,47.89884,2001,9,9,5.15
"DEUB041",11.1112,47.89884,2001,10,10,8.74
"DEUB041",11.1112,47.89884,2001,11,11,7.12
"DEUB041",11.1112,47.89884,2001,12,12,12.86
"DEUB041",11.1112,47.89884,2003,1,25,13.29
"DEUB041",11.1112,47.89884,2003,2,26,30.25
"DEUB041",11.1112,47.89884,2003,3,27,14.13
"DEUB041",11.1112,47.89884,2003,4,28,18.29
"DEUB041",11.1112,47.89884,2003,5,29,19.58
"DEUB041",11.1112,47.89884,2003,6,30,19.83
"DEUB041",11.1112,47.89884,2003,7,31,15.79
"DEUB041",11.1112,47.89884,2003,8,32,21.29
"DEUB041",11.1112,47.89884,2003,9,33,14.2
"DEUB041",11.1112,47.89884,2003,10,34,16.49
"DEUB041",11.1112,47.89884,2003,11,35,13.73
"DEUB041",11.1112,47.89884,2003,12,36,13.14
"DEUB041",11.1112,47.89884,2004,1,37,11.39
"DEUB041",11.1112,47.89884,2004,2,38,17.21
"DEUB041",11.1112,47.89884,2004,3,39,25.52
"DEUB041",11.1112,47.89884,2004,4,40,16.5
"DEUB041",11.1112,47.89884,2004,5,41,15.56
"DEUB041",11.1112,47.89884,2004,6,42,13.26
"DEUB041",11.1112,47.89884,2004,7,43,15.86
"DEUB041",11.1112,47.89884,2004,8,44,16.36
"DEUB041",11.1112,47.89884,2004,9,45,14.35
"DEUB041",11.1112,47.89884,2004,10,46,14.42
"DEUB041",11.1112,47.89884,2004,11,47,13.85
"DEUB017",12.06214,50.30661,2001,9,9,11.8
"DEUB017",12.06214,50.30661,2001,10,10,12.83
"DEUB017",12.06214,50.30661,2001,11,11,10.84
"DEUB017",12.06214,50.30661,2001,12,12,13.22
"DEUB017",12.06214,50.30661,2002,1,13,13.39
"DEUB017",12.06214,50.30661,2002,2,14,11.75
"DEUB017",12.06214,50.30661,2002,3,15,14.42
"DEUB017",12.06214,50.30661,2002,4,16,19.36
"DEUB017",12.06214,50.30661,2002,5,17,12.75
"DEUB017",12.06214,50.30661,2002,6,18,14.56
"DEUB017",12.06214,50.30661,2002,7,19,16.08
"DEUB017",12.06214,50.30661,2002,8,20,19.03
"DEUB017",12.06214,50.30661,2002,9,21,13.16
"DEUB017",12.06214,50.30661,2002,10,22,11.2
"DEUB017",12.06214,50.30661,2002,11,23,11.1
"DEUB017",12.06214,50.30661,2002,12,24,20.2
"DEUB017",12.06214,50.30661,2003,1,25,16.71
"DEUB017",12.06214,50.30661,2003,2,26,28.85
"DEUB017",12.06214,50.30661,2003,3,27,24.89
"DEUB017",12.06214,50.30661,2003,4,28,21.68
"DEUB017",12.06214,50.30661,2003,5,29,12.55
"DEUB017",12.06214,50.30661,2003,6,30,16.18
"DEUB017",12.06214,50.30661,2003,7,31,13.79
"DEUB017",12.06214,50.30661,2003,8,32,19.76
"DEUB017",12.06214,50.30661,2003,9,33,13.66
"DEUB017",12.06214,50.30661,2003,10,34,12.64
"DEUB017",12.06214,50.30661,2003,11,35,12.94
"DEUB017",12.06214,50.30661,2003,12,36,12.38
"DEUB017",12.06214,50.30661,2004,1,37,11.41
"DEUB017",12.06214,50.30661,2004,2,38,13.93
"DEUB017",12.06214,50.30661,2004,3,39,17.38
"DEUB017",12.06214,50.30661,2004,4,40,15.65
"DEUB017",12.06214,50.30661,2004,5,41,10.33
"DEUB017",12.06214,50.30661,2004,6,42,12.47
"DEUB017",12.06214,50.30661,2004,7,43,13.64
"DEUB017",12.06214,50.30661,2004,8,44,13.46
"DEUB017",12.06214,50.30661,2004,9,45,12.47
"DEUB017",12.06214,50.30661,2004,10,46,10.08
"DEUB017",12.06214,50.30661,2004,11,47,9.47
"DEUB017",12.06214,50.30661,2004,12,48,15.72
"DEHE043",8.5168,49.82516,2001,1,1,26.04
"DEHE043",8.5168,49.82516,2001,2,2,19.78
"DEHE043",8.5168,49.82516,2001,3,3,16.2
"DEHE043",8.5168,49.82516,2001,4,4,15.67
"DEHE043",8.5168,49.82516,2001,5,5,25.78
"DEHE043",8.5168,49.82516,2001,6,6,15.85
"DEHE043",8.5168,49.82516,2001,7,7,38.52
"DEHE043",8.5168,49.82516,2001,8,8,35.19
"DEHE043",8.5168,49.82516,2001,9,9,23.68
"DEHE043",8.5168,49.82516,2001,10,10,34.98
"DEHE043",8.5168,49.82516,2001,11,11,28.38
"DEHE043",8.5168,49.82516,2001,12,12,20.69
"DEHE043",8.5168,49.82516,2002,1,13,45.63
"DEHE043",8.5168,49.82516,2002,2,14,18.76
"DEHE043",8.5168,49.82516,2002,3,15,31.35
"DEHE043",8.5168,49.82516,2002,4,16,35.61
"DEHE043",8.5168,49.82516,2002,5,17,23.75
"DEHE043",8.5168,49.82516,2002,6,18,32.67
"DEHE043",8.5168,49.82516,2002,7,19,36.55
"DEHE043",8.5168,49.82516,2002,8,20,37.15
"DEHE043",8.5168,49.82516,2002,9,21,23.76
"DEHE043",8.5168,49.82516,2002,10,22,20.63
"DEHE043",8.5168,49.82516,2002,11,23,19.58
"DEHE043",8.5168,49.82516,2002,12,24,27.79
"DEHE043",8.5168,49.82516,2003,1,25,21.9
"DEHE043",8.5168,49.82516,2003,2,26,39.34
"DEHE043",8.5168,49.82516,2003,3,27,32.29
"DEHE043",8.5168,49.82516,2003,4,28,28.5
"DEHE043",8.5168,49.82516,2003,5,29,22.65
"DEHE043",8.5168,49.82516,2003,6,30,28.78
"DEHE043",8.5168,49.82516,2003,7,31,25.6
"DEHE043",8.5168,49.82516,2003,8,32,36.94
"DEHE043",8.5168,49.82516,2003,9,33,24.38
"DEHE043",8.5168,49.82516,2003,10,34,20.81
"DEHE043",8.5168,49.82516,2003,11,35,24.25
"DEHE043",8.5168,49.82516,2003,12,36,22.08
"DEHE043",8.5168,49.82516,2004,1,37,18.77
"DEHE043",8.5168,49.82516,2004,2,38,25.62
"DEHE043",8.5168,49.82516,2004,3,39,24.75
"DEHE043",8.5168,49.82516,2004,4,40,21.91
"DEHE043",8.5168,49.82516,2004,5,41,20.42
"DEHE043",8.5168,49.82516,2004,6,42,20.87
"DEHE043",8.5168,49.82516,2004,7,43,24.83
"DEHE043",8.5168,49.82516,2004,8,44,21.06
"DEHE043",8.5168,49.82516,2004,9,45,21.37
"DEHE043",8.5168,49.82516,2004,10,46,19.56
"DEHE043",8.5168,49.82516,2004,11,47,19.76
"DEHE043",8.5168,49.82516,2004,12,48,26.87
"DEHE043",8.5168,49.82516,2005,1,49,19.7
"DEHE043",8.5168,49.82516,2005,2,50,25.39
"DEHE043",8.5168,49.82516,2005,3,51,24.48
"DEHE043",8.5168,49.82516,2005,4,52,23.6
"DEHE043",8.5168,49.82516,2005,5,53,20.39
"DEHE043",8.5168,49.82516,2005,6,54,24.05
"DEHE043",8.5168,49.82516,2005,7,55,23.8
"DEHE043",8.5168,49.82516,2005,8,56,17.93
"DEHE043",8.5168,49.82516,2005,9,57,26.64
"DEHE043",8.5168,49.82516,2005,10,58,24.49
"DEHE043",8.5168,49.82516,2005,11,59,18.64
"DEHE043",8.5168,49.82516,2005,12,60,17.69
"DEUB004",7.90804,47.91326,2001,9,9,8.32
"DEUB004",7.90804,47.91326,2001,10,10,14.99
"DEUB004",7.90804,47.91326,2001,11,11,9.15
"DEUB004",7.90804,47.91326,2001,12,12,6.29
"DEUB004",7.90804,47.91326,2002,1,13,5.92
"DEUB004",7.90804,47.91326,2002,2,14,8.76
"DEUB004",7.90804,47.91326,2002,3,15,11.92
"DEUB004",7.90804,47.91326,2002,4,16,17.91
"DEUB004",7.90804,47.91326,2002,5,17,9.07
"DEUB004",7.90804,47.91326,2002,6,18,18.05
"DEUB004",7.90804,47.91326,2002,7,19,12.22
"DEUB004",7.90804,47.91326,2002,8,20,11.67
"DEUB004",7.90804,47.91326,2002,9,21,10.92
"DEUB004",7.90804,47.91326,2002,10,22,7.96
"DEUB004",7.90804,47.91326,2002,11,23,5.49
"DEUB004",7.90804,47.91326,2002,12,24,4.83
"DEUB004",7.90804,47.91326,2003,1,25,8.04
"DEUB004",7.90804,47.91326,2003,2,26,14.59
"DEUB004",7.90804,47.91326,2003,3,27,18.84
"DEUB004",7.90804,47.91326,2003,4,28,17.86
"DEUB004",7.90804,47.91326,2003,5,29,18.2
"DEUB004",7.90804,47.91326,2003,6,30,27.1
"DEUB004",7.90804,47.91326,2003,7,31,19.75
"DEUB004",7.90804,47.91326,2003,8,32,28.58
"DEUB004",7.90804,47.91326,2003,9,33,14.47
"DEUB004",7.90804,47.91326,2003,10,34,9.59
"DEUB004",7.90804,47.91326,2003,11,35,9.19
"DEUB004",7.90804,47.91326,2003,12,36,5.88
"DEUB004",7.90804,47.91326,2004,1,37,4.72
"DEUB004",7.90804,47.91326,2004,2,38,13.69
"DEUB004",7.90804,47.91326,2004,3,39,17.95
"DEUB004",7.90804,47.91326,2004,4,40,14.37
"DEUB004",7.90804,47.91326,2004,5,41,14.73
"DEUB004",7.90804,47.91326,2004,6,42,12.7
"DEUB004",7.90804,47.91326,2004,7,43,15.98
"DEUB004",7.90804,47.91326,2004,8,44,14.98
"DEUB004",7.90804,47.91326,2004,9,45,15.92
"DEUB004",7.90804,47.91326,2004,10,46,10.21
"DEUB004",7.90804,47.91326,2004,11,47,7.66
"DEUB004",7.90804,47.91326,2004,12,48,8.19
"DEUB004",7.90804,47.91326,2005,1,49,6.78
"DEUB004",7.90804,47.91326,2005,2,50,11.58
"DEUB004",7.90804,47.91326,2005,3,51,13.63
"DEUB004",7.90804,47.91326,2005,4,52,14.33
"DEUB004",7.90804,47.91326,2005,5,53,12.42
"DEUB004",7.90804,47.91326,2005,6,54,17.08
"DEUB004",7.90804,47.91326,2005,7,55,14.22
"DEUB004",7.90804,47.91326,2005,8,56,13.62
"DEUB004",7.90804,47.91326,2005,9,57,18.84
"DEUB004",7.90804,47.91326,2005,10,58,12.19
"DEUB004",7.90804,47.91326,2005,11,59,6.74
"DEUB004",7.90804,47.91326,2005,12,60,5.44
"DEUB029",10.76953,50.65407,2002,1,13,6.15
"DEUB029",10.76953,50.65407,2002,2,14,7.35
"DEUB029",10.76953,50.65407,2002,3,15,13.85
"DEUB029",10.76953,50.65407,2002,4,16,18.79
"DEUB029",10.76953,50.65407,2002,5,17,11.89
"DEUB029",10.76953,50.65407,2002,6,18,15.39
"DEUB029",10.76953,50.65407,2002,7,19,13.55
"DEUB029",10.76953,50.65407,2002,8,20,20.17
"DEUB029",10.76953,50.65407,2002,9,21,12.02
"DEUB029",10.76953,50.65407,2002,10,22,7.5
"DEUB029",10.76953,50.65407,2002,11,23,7.18
"DEUB029",10.76953,50.65407,2002,12,24,9.68
"DEUB029",10.76953,50.65407,2003,1,25,7.36
"DEUB029",10.76953,50.65407,2003,2,26,13.94
"DEUB029",10.76953,50.65407,2003,3,27,16.25
"DEUB029",10.76953,50.65407,2003,4,28,17.78
"DEUB029",10.76953,50.65407,2003,5,29,12.74
"DEUB029",10.76953,50.65407,2003,6,30,18.2
"DEUB029",10.76953,50.65407,2003,7,31,14.42
"DEUB029",10.76953,50.65407,2003,8,32,23.01
"DEUB029",10.76953,50.65407,2003,9,33,14.82
"DEUB029",10.76953,50.65407,2003,10,34,11.18
"DEUB029",10.76953,50.65407,2003,11,35,10.06
"DEUB029",10.76953,50.65407,2003,12,36,6.96
"DEUB029",10.76953,50.65407,2004,1,37,7.49
"DEUB029",10.76953,50.65407,2004,2,38,13.06
"DEUB029",10.76953,50.65407,2004,3,39,19.84
"DEUB029",10.76953,50.65407,2004,4,40,17.85
"DEUB029",10.76953,50.65407,2004,5,41,11.27
"DEUB029",10.76953,50.65407,2004,6,42,14.12
"DEUB029",10.76953,50.65407,2004,7,43,12.25
"DEUB029",10.76953,50.65407,2004,8,44,14.95
"DEUB029",10.76953,50.65407,2004,9,45,13.01
"DEUB029",10.76953,50.65407,2004,10,46,11.28
"DEUB029",10.76953,50.65407,2004,11,47,6.04
"DEUB029",10.76953,50.65407,2004,12,48,7.01
"DEUB029",10.76953,50.65407,2005,1,49,7.46
"DEUB029",10.76953,50.65407,2005,2,50,14.44
"DEUB029",10.76953,50.65407,2005,3,51,17.07
"DEUB029",10.76953,50.65407,2005,4,52,17.77
"DEUB029",10.76953,50.65407,2005,5,53,11.45
"DEUB029",10.76953,50.65407,2005,6,54,12.33
"DEUB029",10.76953,50.65407,2005,7,55,12.79
"DEUB029",10.76953,50.65407,2005,8,56,13.57
"DEUB029",10.76953,50.65407,2005,9,57,15.94
"DEUB029",10.76953,50.65407,2005,10,58,16.96
"DEUB029",10.76953,50.65407,2005,11,59,6.4
"DEUB029",10.76953,50.65407,2005,12,60,6.19
"DEUB040",13.64492,52.97184,2001,1,1,26.62
"DEUB040",13.64492,52.97184,2001,2,2,14.61
"DEUB040",13.64492,52.97184,2001,3,3,19.15
"DEUB040",13.64492,52.97184,2001,4,4,12.24
"DEUB040",13.64492,52.97184,2001,5,5,16.11
"DEUB040",13.64492,52.97184,2001,6,6,12.94
"DEUB040",13.64492,52.97184,2001,7,7,16.08
"DEUB040",13.64492,52.97184,2001,8,8,18.22
"DEUB040",13.64492,52.97184,2001,9,9,10.75
"DEUB040",13.64492,52.97184,2001,10,10,21.09
"DEUB040",13.64492,52.97184,2001,11,11,12.12
"DEUB040",13.64492,52.97184,2001,12,12,12.54
"DEUB040",13.64492,52.97184,2002,1,13,14.49
"DEUB040",13.64492,52.97184,2002,2,14,9.68
"DEUB040",13.64492,52.97184,2002,3,15,14.38
"DEUB040",13.64492,52.97184,2002,4,16,19.18
"DEUB040",13.64492,52.97184,2002,5,17,16.81
"DEUB040",13.64492,52.97184,2002,6,18,13.57
"DEUB040",13.64492,52.97184,2002,7,19,15.17
"DEUB040",13.64492,52.97184,2002,8,20,26.45
"DEUB040",13.64492,52.97184,2002,9,21,15.48
"DEUB040",13.64492,52.97184,2002,10,22,10.93
"DEUB040",13.64492,52.97184,2002,11,23,16.4
"DEUB040",13.64492,52.97184,2002,12,24,27.69
"DEUB040",13.64492,52.97184,2003,1,25,16.42
"DEUB040",13.64492,52.97184,2003,2,26,29.01
"DEUB040",13.64492,52.97184,2003,3,27,28.77
"DEUB040",13.64492,52.97184,2003,4,28,22.31
"DEUB040",13.64492,52.97184,2003,5,29,12.57
"DEUB040",13.64492,52.97184,2003,6,30,15.27
"DEUB040",13.64492,52.97184,2003,7,31,13.32
"DEUB040",13.64492,52.97184,2003,8,32,15.54
"DEUB040",13.64492,52.97184,2003,9,33,15.28
"DEUB040",13.64492,52.97184,2003,10,34,12.04
"DEUB040",13.64492,52.97184,2003,11,35,18.95
"DEUB040",13.64492,52.97184,2003,12,36,13.97
"DEUB040",13.64492,52.97184,2004,1,37,17.32
"DEUB040",13.64492,52.97184,2004,2,38,11.73
"DEUB040",13.64492,52.97184,2004,3,39,16.97
"DEUB040",13.64492,52.97184,2004,4,40,16.43
"DEUB040",13.64492,52.97184,2004,5,41,10.15
"DEUB040",13.64492,52.97184,2004,6,42,11.55
"DEUB040",13.64492,52.97184,2004,7,43,11.27
"DEUB040",13.64492,52.97184,2004,8,44,13.99
"DEUB040",13.64492,52.97184,2004,9,45,10.76
"DEUB040",13.64492,52.97184,2004,10,46,12.82
"DEUB040",13.64492,52.97184,2004,11,47,10.94
"DEUB040",13.64492,52.97184,2004,12,48,14.03
"DEUB040",13.64492,52.97184,2005,1,49,11.48
"DEUB040",13.64492,52.97184,2005,2,50,19.15
"DEUB040",13.64492,52.97184,2005,3,51,18.37
"DEUB040",13.64492,52.97184,2005,4,52,16.06
"DEUB040",13.64492,52.97184,2005,5,53,11.95
"DEUB040",13.64492,52.97184,2005,6,54,10.83
"DEUB040",13.64492,52.97184,2005,7,55,13.08
"DEUB040",13.64492,52.97184,2005,8,56,12.27
"DEUB040",13.64492,52.97184,2005,9,57,15.6
"DEUB040",13.64492,52.97184,2005,10,58,19.46
"DEBW031",7.76435,47.80847,2001,1,1,6.8
"DEBW031",7.76435,47.80847,2001,2,2,14.36
"DEBW031",7.76435,47.80847,2001,3,3,5.53
"DEBW031",7.76435,47.80847,2001,4,4,7.62
"DEBW031",7.76435,47.80847,2001,5,5,14.35
"DEBW031",7.76435,47.80847,2001,6,6,12.35
"DEBW031",7.76435,47.80847,2001,7,7,13.62
"DEBW031",7.76435,47.80847,2001,8,8,15.88
"DEBW031",7.76435,47.80847,2001,9,9,8.23
"DEBW031",7.76435,47.80847,2001,10,10,14.5
"DEBW031",7.76435,47.80847,2001,11,11,10.8
"DEBW031",7.76435,47.80847,2001,12,12,9.62
"DEBW031",7.76435,47.80847,2005,1,49,7.37
"DEBW031",7.76435,47.80847,2005,2,50,13.39
"DEBW031",7.76435,47.80847,2005,3,51,14.26
"DEBW031",7.76435,47.80847,2005,4,52,12.11
"DEBW031",7.76435,47.80847,2005,5,53,9.42
"DEBW031",7.76435,47.80847,2005,6,54,15.64
"DEBW031",7.76435,47.80847,2005,7,55,13.31
"DEBW031",7.76435,47.80847,2005,8,56,12.48
"DEBW031",7.76435,47.80847,2005,9,57,16.87
"DEBW031",7.76435,47.80847,2005,10,58,12.45
"DEBW031",7.76435,47.80847,2005,11,59,6.82
"DEBW031",7.76435,47.80847,2005,12,60,6.38
"DEBW087",9.20775,48.3454,2001,1,1,19.53
"DEBW087",9.20775,48.3454,2001,2,2,16.93
"DEBW087",9.20775,48.3454,2001,3,3,12.07
"DEBW087",9.20775,48.3454,2001,4,4,12.75
"DEBW087",9.20775,48.3454,2001,5,5,20.34
"DEBW087",9.20775,48.3454,2001,6,6,17.05
"DEBW087",9.20775,48.3454,2001,7,7,18.08
"DEBW087",9.20775,48.3454,2001,8,8,22.18
"DEBW087",9.20775,48.3454,2001,9,9,14
"DEBW087",9.20775,48.3454,2001,10,10,20.44
"DEBW087",9.20775,48.3454,2001,11,11,15.3
"DEBW087",9.20775,48.3454,2001,12,12,15.75
"DEBW087",9.20775,48.3454,2004,1,37,9.58
"DEBW087",9.20775,48.3454,2004,2,38,15.06
"DEBW087",9.20775,48.3454,2004,3,39,19.78
"DEBW087",9.20775,48.3454,2004,4,40,13.63
"DEBW087",9.20775,48.3454,2004,5,41,11.51
"DEBW087",9.20775,48.3454,2004,6,42,8.1
"DEBW087",9.20775,48.3454,2004,7,43,8.72
"DEBW087",9.20775,48.3454,2004,8,44,10.06
"DEBW087",9.20775,48.3454,2004,9,45,8.74
"DEBW087",9.20775,48.3454,2004,10,46,7.32
"DEBW087",9.20775,48.3454,2004,11,47,6.71
"DEBW087",9.20775,48.3454,2004,12,48,7.09
"DEBW087",9.20775,48.3454,2005,1,49,8.12
"DEBW087",9.20775,48.3454,2005,2,50,12.83
"DEBW087",9.20775,48.3454,2005,3,51,18.77
"DEBW087",9.20775,48.3454,2005,4,52,17.57
"DEBW087",9.20775,48.3454,2005,5,53,12.35
"DEBW087",9.20775,48.3454,2005,6,54,18.03
"DEBW087",9.20775,48.3454,2005,7,55,14.44
"DEBW087",9.20775,48.3454,2005,8,56,14.56
"DEBW087",9.20775,48.3454,2005,9,57,21.62
"DEBW087",9.20775,48.3454,2005,10,58,19.07
"DEBW087",9.20775,48.3454,2005,11,59,13.72
"DEBW087",9.20775,48.3454,2005,12,60,12.19
"DENW064",6.28107,50.65324,2003,1,25,12.68
"DENW064",6.28107,50.65324,2003,2,26,21.67
"DENW064",6.28107,50.65324,2003,3,27,23.04
"DENW064",6.28107,50.65324,2003,4,28,21.41
"DENW064",6.28107,50.65324,2003,5,29,16.22
"DENW064",6.28107,50.65324,2003,6,30,24.24
"DENW064",6.28107,50.65324,2003,7,31,17.58
"DENW064",6.28107,50.65324,2003,8,32,27.07
"DENW064",6.28107,50.65324,2003,9,33,12.87
"DENW064",6.28107,50.65324,2003,10,34,16.83
"DENW064",6.28107,50.65324,2003,11,35,16.39
"DENW064",6.28107,50.65324,2003,12,36,12.18
"DENW064",6.28107,50.65324,2004,1,37,9.81
"DENW064",6.28107,50.65324,2004,2,38,18.07
"DENW064",6.28107,50.65324,2004,3,39,19.46
"DENW064",6.28107,50.65324,2004,4,40,17.39
"DENW064",6.28107,50.65324,2004,5,41,16.64
"DENW064",6.28107,50.65324,2004,6,42,14.9
"DENW064",6.28107,50.65324,2004,7,43,13.42
"DENW064",6.28107,50.65324,2004,8,44,11.47
"DENW064",6.28107,50.65324,2004,9,45,13.68
"DENW064",6.28107,50.65324,2004,10,46,14.91
"DENW064",6.28107,50.65324,2004,11,47,12.46
"DENW064",6.28107,50.65324,2004,12,48,13.05
"DENW064",6.28107,50.65324,2005,1,49,12.4
"DENW064",6.28107,50.65324,2005,2,50,14.64
"DENW064",6.28107,50.65324,2005,3,51,17.08
"DENW064",6.28107,50.65324,2005,4,52,15.3
"DENW064",6.28107,50.65324,2005,5,53,15.65
"DENW064",6.28107,50.65324,2005,6,54,16.56
"DENW064",6.28107,50.65324,2005,7,55,14.26
"DENW064",6.28107,50.65324,2005,8,56,12.86
"DENW064",6.28107,50.65324,2005,9,57,18.39
"DENW064",6.28107,50.65324,2005,10,58,19.9
"DENW064",6.28107,50.65324,2005,11,59,10.51
"DENW064",6.28107,50.65324,2005,12,60,10.71
"DENW068",8.14806,51.57066,2003,7,31,20.73
"DENW068",8.14806,51.57066,2003,8,32,28.6
"DENW068",8.14806,51.57066,2003,9,33,18.08
"DENW068",8.14806,51.57066,2003,10,34,17.69
"DENW068",8.14806,51.57066,2003,11,35,19.32
"DENW068",8.14806,51.57066,2003,12,36,16.04
"DENW068",8.14806,51.57066,2004,1,37,13.98
"DENW068",8.14806,51.57066,2004,2,38,23.49
"DENW068",8.14806,51.57066,2004,3,39,30.09
"DENW068",8.14806,51.57066,2004,4,40,22.61
"DENW068",8.14806,51.57066,2004,5,41,15.81
"DENW068",8.14806,51.57066,2004,6,42,16.02
"DENW068",8.14806,51.57066,2004,7,43,18.16
"DENW068",8.14806,51.57066,2004,8,44,16.41
"DENW068",8.14806,51.57066,2004,9,45,14.49
"DENW068",8.14806,51.57066,2004,10,46,14.29
"DENW068",8.14806,51.57066,2004,11,47,16.87
"DENW068",8.14806,51.57066,2004,12,48,23.82
"DENW068",8.14806,51.57066,2005,1,49,17.12
"DENW068",8.14806,51.57066,2005,2,50,24.14
"DENW068",8.14806,51.57066,2005,3,51,28.63
"DENW068",8.14806,51.57066,2005,4,52,23.91
"DENW068",8.14806,51.57066,2005,5,53,16.55
"DENW068",8.14806,51.57066,2005,6,54,17.19
"DENW068",8.14806,51.57066,2005,7,55,19.44
"DENW068",8.14806,51.57066,2005,8,56,19.15
"DENW068",8.14806,51.57066,2005,9,57,23.92
"DENW068",8.14806,51.57066,2005,10,58,20.24
"DENW068",8.14806,51.57066,2005,11,59,16.27
"DENW068",8.14806,51.57066,2005,12,60,18.58
"DENI019",9.57771,51.75975,2001,1,1,15.23
"DENI019",9.57771,51.75975,2001,2,2,10.83
"DENI019",9.57771,51.75975,2001,3,3,16.23
"DENI019",9.57771,51.75975,2001,4,4,13.04
"DENI019",9.57771,51.75975,2001,5,5,22.11
"DENI019",9.57771,51.75975,2001,6,6,16.64
"DENI019",9.57771,51.75975,2001,7,7,18.15
"DENI019",9.57771,51.75975,2001,8,8,20.1
"DENI019",9.57771,51.75975,2001,9,9,11.24
"DENI019",9.57771,51.75975,2001,10,10,18.95
"DENI019",9.57771,51.75975,2001,11,11,9.53
"DENI019",9.57771,51.75975,2001,12,12,8.65
"DENI019",9.57771,51.75975,2002,1,13,12.51
"DENI019",9.57771,51.75975,2002,2,14,8.39
"DENI019",9.57771,51.75975,2002,3,15,17.73
"DENI019",9.57771,51.75975,2002,4,16,25.3
"DENI019",9.57771,51.75975,2002,5,17,18.85
"DENI019",9.57771,51.75975,2002,6,18,16.72
"DENI019",9.57771,51.75975,2002,7,19,16.05
"DENI019",9.57771,51.75975,2002,8,20,24.43
"DENI019",9.57771,51.75975,2002,9,21,13.85
"DENI019",9.57771,51.75975,2002,10,22,11.45
"DENI019",9.57771,51.75975,2002,11,23,10.66
"DENI019",9.57771,51.75975,2002,12,24,19.4
"DENI019",9.57771,51.75975,2003,1,25,9.85
"DENI019",9.57771,51.75975,2003,2,26,28.33
"DENI019",9.57771,51.75975,2003,3,27,29.25
"DENI019",9.57771,51.75975,2003,4,28,29.69
"DENI019",9.57771,51.75975,2003,5,29,16.88
"DENI019",9.57771,51.75975,2003,6,30,20.45
"DENI019",9.57771,51.75975,2003,7,31,15.84
"DENI019",9.57771,51.75975,2003,8,32,22.86
"DENI019",9.57771,51.75975,2003,9,33,16.3
"DENI019",9.57771,51.75975,2003,10,34,13.1
"DENI019",9.57771,51.75975,2003,11,35,15.26
"DENI019",9.57771,51.75975,2003,12,36,10.21
"DENI019",9.57771,51.75975,2004,1,37,9.98
"DENI019",9.57771,51.75975,2004,2,38,14.42
"DENI019",9.57771,51.75975,2004,3,39,29.75
"DENI019",9.57771,51.75975,2004,4,40,26.89
"DENI019",9.57771,51.75975,2004,5,41,19.44
"DENI019",9.57771,51.75975,2004,6,42,21.17
"DENI019",9.57771,51.75975,2004,7,43,16.91
"DENI019",9.57771,51.75975,2004,8,44,17.27
"DENI019",9.57771,51.75975,2004,9,45,14.46
"DENI019",9.57771,51.75975,2004,10,46,15.32
"DENI019",9.57771,51.75975,2004,11,47,10.4
"DENI019",9.57771,51.75975,2004,12,48,15.79
"DENI019",9.57771,51.75975,2005,1,49,11.32
"DENI019",9.57771,51.75975,2005,2,50,18.35
"DENI019",9.57771,51.75975,2005,3,51,22.93
"DENI019",9.57771,51.75975,2005,4,52,23.31
"DENI019",9.57771,51.75975,2005,5,53,13.68
"DENI019",9.57771,51.75975,2005,6,54,14.73
"DENI019",9.57771,51.75975,2005,7,55,13.51
"DENI019",9.57771,51.75975,2005,8,56,14.59
"DENI019",9.57771,51.75975,2005,9,57,19.89
"DENI019",9.57771,51.75975,2005,10,58,22.11
"DENI019",9.57771,51.75975,2005,11,59,10.57
"DENI019",9.57771,51.75975,2005,12,60,9.26
"DEUB026",14.07077,53.73496,2001,1,1,25.31
"DEUB026",14.07077,53.73496,2001,2,2,13.57
"DEUB026",14.07077,53.73496,2001,3,3,19.03
"DEUB026",14.07077,53.73496,2001,4,4,12.43
"DEUB026",14.07077,53.73496,2001,5,5,15.14
"DEUB026",14.07077,53.73496,2001,6,6,11.9
"DEUB026",14.07077,53.73496,2001,7,7,19.2
"DEUB026",14.07077,53.73496,2001,8,8,17.89
"DEUB026",14.07077,53.73496,2001,9,9,11.53
"DEUB026",14.07077,53.73496,2001,10,10,23.38
"DEUB026",14.07077,53.73496,2001,11,11,11.46
"DEUB026",14.07077,53.73496,2001,12,12,14.78
"DEUB026",14.07077,53.73496,2002,1,13,13.84
"DEUB026",14.07077,53.73496,2002,2,14,10.32
"DEUB026",14.07077,53.73496,2002,3,15,18.57
"DEUB026",14.07077,53.73496,2002,4,16,19.75
"DEUB026",14.07077,53.73496,2002,5,17,16.11
"DEUB026",14.07077,53.73496,2002,6,18,13.73
"DEUB026",14.07077,53.73496,2002,7,19,16.15
"DEUB026",14.07077,53.73496,2002,8,20,27.01
"DEUB026",14.07077,53.73496,2002,9,21,13.6
"DEUB026",14.07077,53.73496,2002,10,22,12.32
"DEUB026",14.07077,53.73496,2002,11,23,17.52
"DEUB026",14.07077,53.73496,2002,12,24,29.12
"DEUB026",14.07077,53.73496,2003,1,25,17.8
"DEUB026",14.07077,53.73496,2003,2,26,32.59
"DEUB026",14.07077,53.73496,2003,3,27,31.14
"DEUB026",14.07077,53.73496,2003,4,28,22.02
"DEUB026",14.07077,53.73496,2003,5,29,13.56
"DEUB026",14.07077,53.73496,2003,6,30,15.02
"DEUB026",14.07077,53.73496,2003,7,31,14.16
"DEUB026",14.07077,53.73496,2003,8,32,17.39
"DEUB026",14.07077,53.73496,2003,9,33,15.46
"DEUB026",14.07077,53.73496,2003,10,34,13.01
"DEUB026",14.07077,53.73496,2003,11,35,19.47
"DEUB026",14.07077,53.73496,2003,12,36,13.28
"DEUB026",14.07077,53.73496,2004,1,37,22.65
"DEUB026",14.07077,53.73496,2004,2,38,11.27
"DEUB026",14.07077,53.73496,2004,3,39,16.9
"DEUB026",14.07077,53.73496,2004,4,40,15.5
"DEUB026",14.07077,53.73496,2004,5,41,12.12
"DEUB026",14.07077,53.73496,2004,6,42,10.18
"DEUB026",14.07077,53.73496,2004,7,43,10.85
"DEUB026",14.07077,53.73496,2004,8,44,12.83
"DEUB026",14.07077,53.73496,2004,9,45,11.17
"DEUB026",14.07077,53.73496,2004,10,46,12.78
"DEUB026",14.07077,53.73496,2004,11,47,11.62
"DEUB026",14.07077,53.73496,2004,12,48,13.11
"DEUB026",14.07077,53.73496,2005,1,49,10.43
"DEUB026",14.07077,53.73496,2005,2,50,19.18
"DEUB026",14.07077,53.73496,2005,3,51,16.06
"DEUB026",14.07077,53.73496,2005,4,52,17.61
"DEUB026",14.07077,53.73496,2005,5,53,13.12
"DEUB026",14.07077,53.73496,2005,6,54,10.38
"DEUB026",14.07077,53.73496,2005,7,55,12.25
"DEUB026",14.07077,53.73496,2005,8,56,11.5
"DEUB026",14.07077,53.73496,2005,9,57,15.85
"DEUB026",14.07077,53.73496,2005,10,58,19.47
"DEUB005",10.75673,52.80077,2001,1,1,22.16
"DEUB005",10.75673,52.80077,2001,2,2,13.69
"DEUB005",10.75673,52.80077,2001,3,3,19
"DEUB005",10.75673,52.80077,2001,4,4,11.08
"DEUB005",10.75673,52.80077,2001,7,7,15.75
"DEUB005",10.75673,52.80077,2001,8,8,16.23
"DEUB005",10.75673,52.80077,2001,9,9,10.57
"DEUB005",10.75673,52.80077,2001,10,10,18.99
"DEUB005",10.75673,52.80077,2001,11,11,12.13
"DEUB005",10.75673,52.80077,2001,12,12,16.87
"DEUB005",10.75673,52.80077,2002,1,13,18.12
"DEUB005",10.75673,52.80077,2002,2,14,12.59
"DEUB005",10.75673,52.80077,2002,3,15,20.94
"DEUB005",10.75673,52.80077,2002,4,16,25.72
"DEUB005",10.75673,52.80077,2002,5,17,18.98
"DEUB005",10.75673,52.80077,2002,6,18,17.58
"DEUB005",10.75673,52.80077,2002,7,19,18.73
"DEUB005",10.75673,52.80077,2002,8,20,29.09
"DEUB005",10.75673,52.80077,2002,9,21,16.87
"DEUB005",10.75673,52.80077,2002,10,22,13.25
"DEUB005",10.75673,52.80077,2002,11,23,16.45
"DEUB005",10.75673,52.80077,2002,12,24,35.47
"DEUB005",10.75673,52.80077,2003,1,25,19.21
"DEUB005",10.75673,52.80077,2003,2,26,38.25
"DEUB005",10.75673,52.80077,2003,3,27,44.72
"DEUB005",10.75673,52.80077,2003,4,28,30.87
"DEUB005",10.75673,52.80077,2003,5,29,15.12
"DEUB005",10.75673,52.80077,2003,6,30,20.35
"DEUB005",10.75673,52.80077,2003,7,31,17.47
"DEUB005",10.75673,52.80077,2003,8,32,22.55
"DEUB005",10.75673,52.80077,2003,9,33,21.07
"DEUB005",10.75673,52.80077,2003,10,34,16.72
"DEUB005",10.75673,52.80077,2003,11,35,26.5
"DEUB005",10.75673,52.80077,2003,12,36,20.74
"DEUB005",10.75673,52.80077,2004,1,37,23.54
"DEUB005",10.75673,52.80077,2004,2,38,20.35
"DEUB005",10.75673,52.80077,2004,3,39,24.77
"DEUB005",10.75673,52.80077,2004,4,40,23.91
"DEUB005",10.75673,52.80077,2004,5,41,18.24
"DEUB005",10.75673,52.80077,2004,6,42,17.27
"DEUB005",10.75673,52.80077,2004,7,43,17.16
"DEUB005",10.75673,52.80077,2004,8,44,20.77
"DEUB005",10.75673,52.80077,2004,9,45,17
"DEUB005",10.75673,52.80077,2004,10,46,18.72
"DEUB005",10.75673,52.80077,2004,11,47,16.76
"DEUB005",10.75673,52.80077,2004,12,48,22.37
"DEUB005",10.75673,52.80077,2005,1,49,14.69
"DEUB005",10.75673,52.80077,2005,2,50,22.61
"DEUB005",10.75673,52.80077,2005,3,51,22.38
"DEUB005",10.75673,52.80077,2005,4,52,21.12
"DEUB005",10.75673,52.80077,2005,5,53,15.63
"DEUB005",10.75673,52.80077,2005,6,54,14.38
"DEUB005",10.75673,52.80077,2005,7,55,16.43
"DEUB005",10.75673,52.80077,2005,8,56,16.31
"DEUB005",10.75673,52.80077,2005,9,57,19.75
"DEUB005",10.75673,52.80077,2005,10,58,24.34
"DEUB005",10.75673,52.80077,2005,11,59,14.62
"DEUB005",10.75673,52.80077,2005,12,60,15.87
"DEBB051",14.05746,52.54136,2001,1,1,21.79
"DEBB051",14.05746,52.54136,2001,2,2,14.11
"DEBB051",14.05746,52.54136,2001,3,3,19.34
"DEBB051",14.05746,52.54136,2001,4,4,13.63
"DEBB051",14.05746,52.54136,2001,5,5,20.47
"DEBB051",14.05746,52.54136,2001,6,6,14.24
"DEBB051",14.05746,52.54136,2001,7,7,17.86
"DEBB051",14.05746,52.54136,2001,8,8,19.33
"DEBB051",14.05746,52.54136,2001,9,9,13.97
"DEBB051",14.05746,52.54136,2001,10,10,23.17
"DEBB051",14.05746,52.54136,2001,11,11,12.47
"DEBB051",14.05746,52.54136,2001,12,12,16.32
"DEHE051",9.93586,50.49771,2001,1,1,7.14
"DEHE051",9.93586,50.49771,2001,2,2,7.22
"DEHE051",9.93586,50.49771,2001,3,3,9.16
"DEHE051",9.93586,50.49771,2001,4,4,8.54
"DEHE051",9.93586,50.49771,2001,5,5,18.99
"DEHE051",9.93586,50.49771,2001,6,6,12.7
"DEHE051",9.93586,50.49771,2001,7,7,13.03
"DEHE051",9.93586,50.49771,2001,8,8,14.17
"DEHE051",9.93586,50.49771,2001,9,9,6.3
"DEHE051",9.93586,50.49771,2001,10,10,15.51
"DEHE051",9.93586,50.49771,2001,11,11,5.36
"DEHE051",9.93586,50.49771,2001,12,12,4.48
"DEHE051",9.93586,50.49771,2002,1,13,6
"DEHE051",9.93586,50.49771,2002,2,14,7.49
"DEHE051",9.93586,50.49771,2002,3,15,11.23
"DEHE051",9.93586,50.49771,2002,8,20,23.11
"DEHE051",9.93586,50.49771,2002,9,21,13.4
"DEHE051",9.93586,50.49771,2002,10,22,7.86
"DEHE051",9.93586,50.49771,2002,11,23,6.43
"DEHE051",9.93586,50.49771,2002,12,24,7.24
"DEHE051",9.93586,50.49771,2003,1,25,3.86
"DEHE051",9.93586,50.49771,2003,2,26,11.02
"DEHE051",9.93586,50.49771,2003,3,27,19.94
"DEHE051",9.93586,50.49771,2003,4,28,19.4
"DEHE051",9.93586,50.49771,2003,5,29,14
"DEHE051",9.93586,50.49771,2003,6,30,18.47
"DEHE051",9.93586,50.49771,2003,7,31,15.42
"DEHE051",9.93586,50.49771,2003,8,32,23.73
"DEHE051",9.93586,50.49771,2003,9,33,16.75
"DEHE051",9.93586,50.49771,2003,10,34,10.41
"DEHE051",9.93586,50.49771,2003,11,35,11.54
"DEHE051",9.93586,50.49771,2003,12,36,7.88
"DEHE051",9.93586,50.49771,2004,1,37,6.45
"DEHE051",9.93586,50.49771,2004,2,38,13.86
"DEHE051",9.93586,50.49771,2004,3,39,20.93
"DEHE051",9.93586,50.49771,2004,4,40,16.73
"DEHE051",9.93586,50.49771,2004,5,41,15.17
"DEHE051",9.93586,50.49771,2004,6,42,15.51
"DEHE051",9.93586,50.49771,2004,7,43,12.29
"DEHE051",9.93586,50.49771,2004,8,44,14.95
"DEHE051",9.93586,50.49771,2004,9,45,14.61
"DEHE051",9.93586,50.49771,2004,10,46,8.97
"DEHE051",9.93586,50.49771,2004,11,47,4.03
"DEHE051",9.93586,50.49771,2004,12,48,4.03
"DEHE051",9.93586,50.49771,2005,1,49,4.28
"DEHE051",9.93586,50.49771,2005,2,50,9.93
"DEHE051",9.93586,50.49771,2005,3,51,14.13
"DEHE051",9.93586,50.49771,2005,4,52,16.73
"DEHE051",9.93586,50.49771,2005,5,53,10.46
"DEHE051",9.93586,50.49771,2005,6,54,11.34
"DEHE051",9.93586,50.49771,2005,7,55,12.69
"DEHE051",9.93586,50.49771,2005,8,56,11.43
"DEHE051",9.93586,50.49771,2005,9,57,16.27
"DEHE051",9.93586,50.49771,2005,10,58,17.23
"DEHE051",9.93586,50.49771,2005,11,59,4.96
"DEHE051",9.93586,50.49771,2005,12,60,4.18
"DEBW030",9.57302,48.88449,2001,1,1,16.53
"DEBW030",9.57302,48.88449,2001,2,2,18.29
"DEBW030",9.57302,48.88449,2001,3,3,11.13
"DEBW030",9.57302,48.88449,2001,4,4,10.8
"DEBW030",9.57302,48.88449,2001,5,5,17.25
"DEBW030",9.57302,48.88449,2001,6,6,12
"DEBW030",9.57302,48.88449,2001,7,7,12.77
"DEBW030",9.57302,48.88449,2001,8,8,16.82
"DEBW030",9.57302,48.88449,2001,9,9,10.81
"DEBW030",9.57302,48.88449,2001,10,10,16.53
"DEBW030",9.57302,48.88449,2001,11,11,14.4
"DEBW030",9.57302,48.88449,2001,12,12,13.5
"DEBW030",9.57302,48.88449,2005,1,49,12
"DEBW030",9.57302,48.88449,2005,2,50,21.47
"DEBW030",9.57302,48.88449,2005,3,51,20.72
"DEBW030",9.57302,48.88449,2005,4,52,16.64
"DEBW030",9.57302,48.88449,2005,5,53,11.48
"DEBW030",9.57302,48.88449,2005,6,54,10.64
"DEBW030",9.57302,48.88449,2005,7,55,13.71
"DEBW030",9.57302,48.88449,2005,8,56,14.79
"DEBW030",9.57302,48.88449,2005,9,57,18.58
"DEBW030",9.57302,48.88449,2005,10,58,20.24
"DEBW030",9.57302,48.88449,2005,11,59,15.22
"DEBW030",9.57302,48.88449,2005,12,60,14.9
"DENI060",11.16705,52.95702,2001,1,1,30.35
"DENI060",11.16705,52.95702,2001,2,2,17.04
"DENI060",11.16705,52.95702,2001,3,3,28.95
"DENI060",11.16705,52.95702,2001,4,4,16.82
"DENI060",11.16705,52.95702,2001,5,5,18.2
"DENI060",11.16705,52.95702,2001,6,6,16.75
"DENI060",11.16705,52.95702,2001,7,7,35.76
"DENI060",11.16705,52.95702,2001,8,8,37.83
"DENI060",11.16705,52.95702,2001,9,9,20.7
"DENI060",11.16705,52.95702,2001,10,10,32.79
"DENI060",11.16705,52.95702,2001,11,11,15.93
"DENI060",11.16705,52.95702,2001,12,12,20.65
"DENI060",11.16705,52.95702,2002,1,13,23.22
"DENI060",11.16705,52.95702,2002,2,14,13.94
"DENI060",11.16705,52.95702,2002,3,15,28.42
"DENI060",11.16705,52.95702,2002,4,16,31.94
"DENI060",11.16705,52.95702,2002,5,17,24.73
"DENI060",11.16705,52.95702,2002,6,18,25.62
"DENI060",11.16705,52.95702,2002,7,19,24.47
"DENI060",11.16705,52.95702,2002,8,20,41.13
"DENI060",11.16705,52.95702,2002,9,21,23.67
"DENI060",11.16705,52.95702,2002,10,22,16.05
"DENI060",11.16705,52.95702,2002,11,23,19.67
"DENI060",11.16705,52.95702,2002,12,24,40.45
"DENI060",11.16705,52.95702,2003,1,25,26.44
"DENI060",11.16705,52.95702,2003,2,26,53.71
"DENI060",11.16705,52.95702,2003,3,27,60.77
"DENI060",11.16705,52.95702,2003,4,28,38.65
"DENI060",11.16705,52.95702,2003,5,29,20.83
"DENI060",11.16705,52.95702,2003,6,30,25.08
"DENI060",11.16705,52.95702,2003,7,31,20.89
"DENI060",11.16705,52.95702,2003,8,32,30.5
"DENI060",11.16705,52.95702,2003,9,33,22.29
"DENI060",11.16705,52.95702,2003,10,34,20.29
"DENI060",11.16705,52.95702,2003,11,35,29.74
"DENI060",11.16705,52.95702,2003,12,36,22.62
"DENI060",11.16705,52.95702,2004,1,37,27.31
"DENI060",11.16705,52.95702,2004,2,38,22.04
"DENI060",11.16705,52.95702,2004,3,39,29.47
"DENI060",11.16705,52.95702,2004,4,40,26.95
"DENI060",11.16705,52.95702,2004,5,41,20.16
"DENI060",11.16705,52.95702,2004,6,42,18.63
"DENI060",11.16705,52.95702,2004,7,43,20.32
"DENI060",11.16705,52.95702,2004,8,44,22.13
"DENI060",11.16705,52.95702,2004,9,45,15.83
"DENI060",11.16705,52.95702,2004,10,46,16.83
"DENI060",11.16705,52.95702,2004,11,47,16.07
"DENI060",11.16705,52.95702,2004,12,48,20.27
"DENI060",11.16705,52.95702,2005,1,49,16.07
"DENI060",11.16705,52.95702,2005,2,50,27.07
"DENI060",11.16705,52.95702,2005,3,51,25.56
"DENI060",11.16705,52.95702,2005,4,52,23.08
"DENI060",11.16705,52.95702,2005,5,53,15.47
"DENI060",11.16705,52.95702,2005,6,54,15.04
"DENI060",11.16705,52.95702,2005,7,55,19.93
"DENI060",11.16705,52.95702,2005,8,56,17.69
"DENI060",11.16705,52.95702,2005,9,57,21.55
"DENI060",11.16705,52.95702,2005,10,58,30.91
"DENI060",11.16705,52.95702,2005,11,59,19.14
"DENI060",11.16705,52.95702,2005,12,60,19.36
"DERP015",6.38062,50.26632,2001,1,1,8.59
"DERP015",6.38062,50.26632,2001,2,2,7.75
"DERP015",6.38062,50.26632,2001,3,3,6.98
"DERP015",6.38062,50.26632,2001,4,4,9.51
"DERP015",6.38062,50.26632,2001,5,5,22.8
"DERP015",6.38062,50.26632,2001,6,6,18.36
"DERP015",6.38062,50.26632,2001,7,7,18.97
"DERP015",6.38062,50.26632,2001,8,8,17.68
"DERP015",6.38062,50.26632,2001,9,9,10.53
"DERP015",6.38062,50.26632,2001,10,10,13.87
"DERP015",6.38062,50.26632,2001,11,11,7.84
"DERP015",6.38062,50.26632,2001,12,12,6.73
"DERP015",6.38062,50.26632,2002,1,13,8.28
"DERP015",6.38062,50.26632,2002,2,14,8.06
"DERP015",6.38062,50.26632,2002,3,15,15.22
"DERP015",6.38062,50.26632,2002,4,16,22.5
"DERP015",6.38062,50.26632,2002,5,17,11.24
"DERP015",6.38062,50.26632,2002,6,18,15.07
"DERP015",6.38062,50.26632,2002,7,19,15.1
"DERP015",6.38062,50.26632,2002,8,20,15.48
"DERP015",6.38062,50.26632,2002,9,21,10.27
"DERP015",6.38062,50.26632,2002,10,22,11.08
"DERP015",6.38062,50.26632,2002,11,23,7.01
"DERP015",6.38062,50.26632,2002,12,24,10.55
"DERP015",6.38062,50.26632,2003,1,25,8.34
"DERP015",6.38062,50.26632,2003,2,26,22.13
"DERP015",6.38062,50.26632,2003,3,27,24.85
"DERP015",6.38062,50.26632,2003,4,28,21.42
"DERP015",6.38062,50.26632,2003,5,29,13.74
"DERP015",6.38062,50.26632,2003,6,30,18.52
"DERP015",6.38062,50.26632,2003,7,31,14.58
"DERP015",6.38062,50.26632,2003,8,32,24.82
"DERP015",6.38062,50.26632,2003,9,33,16.16
"DERP015",6.38062,50.26632,2003,10,34,13.94
"DERP015",6.38062,50.26632,2003,11,35,11.82
"DERP015",6.38062,50.26632,2003,12,36,9.6
"DERP015",6.38062,50.26632,2004,1,37,10.72
"DERP015",6.38062,50.26632,2004,2,38,17.05
"DERP015",6.38062,50.26632,2004,3,39,23.02
"DERP015",6.38062,50.26632,2004,4,40,15.27
"DERP015",6.38062,50.26632,2004,5,41,15.48
"DERP015",6.38062,50.26632,2004,6,42,13.19
"DERP015",6.38062,50.26632,2004,7,43,12.66
"DERP015",6.38062,50.26632,2004,8,44,12.76
"DERP015",6.38062,50.26632,2004,9,45,12.99
"DERP015",6.38062,50.26632,2004,10,46,10.19
"DERP015",6.38062,50.26632,2004,11,47,8.59
"DERP015",6.38062,50.26632,2004,12,48,10.37
"DERP015",6.38062,50.26632,2005,1,49,10.49
"DERP015",6.38062,50.26632,2005,2,50,14.72
"DERP015",6.38062,50.26632,2005,3,51,15.14
"DERP015",6.38062,50.26632,2005,4,52,12.84
"DERP015",6.38062,50.26632,2005,5,53,11.86
"DERP015",6.38062,50.26632,2005,6,54,12.71
"DERP015",6.38062,50.26632,2005,7,55,11.16
"DERP015",6.38062,50.26632,2005,8,56,10.82
"DERP015",6.38062,50.26632,2005,9,57,13.69
"DERP015",6.38062,50.26632,2005,10,58,15.64
"DERP015",6.38062,50.26632,2005,11,59,6.79
"DERP015",6.38062,50.26632,2005,12,60,7.94
"DEUB001",8.30821,54.92497,2005,1,49,19.75
"DEUB001",8.30821,54.92497,2005,3,51,17.35
"DEUB001",8.30821,54.92497,2005,4,52,18.6
"DEUB001",8.30821,54.92497,2005,5,53,15.7
"DEUB001",8.30821,54.92497,2005,6,54,14.71
"DEUB001",8.30821,54.92497,2005,7,55,13.4
"DEUB001",8.30821,54.92497,2005,8,56,14.16
"DEUB001",8.30821,54.92497,2005,9,57,18.56
"DEUB001",8.30821,54.92497,2005,10,58,15.97
"DEUB001",8.30821,54.92497,2005,11,59,14.23
"DEUB001",8.30821,54.92497,2005,12,60,17.76
"DERP016",7.97272,50.76675,2001,1,1,12.7
"DERP016",7.97272,50.76675,2001,2,2,11.64
"DERP016",7.97272,50.76675,2001,3,3,11.63
"DERP016",7.97272,50.76675,2001,4,4,8.78
"DERP016",7.97272,50.76675,2001,5,5,15.96
"DERP016",7.97272,50.76675,2001,6,6,14.44
"DERP016",7.97272,50.76675,2001,7,7,13.41
"DERP016",7.97272,50.76675,2001,8,8,14.87
"DERP016",7.97272,50.76675,2001,9,9,10.28
"DERP016",7.97272,50.76675,2001,10,10,16.12
"DERP016",7.97272,50.76675,2001,11,11,9.88
"DERP016",7.97272,50.76675,2001,12,12,9.04
"DERP016",7.97272,50.76675,2002,1,13,12.04
"DERP016",7.97272,50.76675,2002,2,14,8.88
"DERP016",7.97272,50.76675,2002,3,15,15.55
"DERP016",7.97272,50.76675,2002,4,16,27.27
"DERP016",7.97272,50.76675,2002,5,17,14.29
"DERP016",7.97272,50.76675,2002,6,18,19.76
"DERP016",7.97272,50.76675,2002,7,19,17
"DERP016",7.97272,50.76675,2002,10,22,13.19
"DERP016",7.97272,50.76675,2002,11,23,12.09
"DERP016",7.97272,50.76675,2002,12,24,19.16
"DERP016",7.97272,50.76675,2003,1,25,12.65
"DERP016",7.97272,50.76675,2003,2,26,25.38
"DERP016",7.97272,50.76675,2003,3,27,26.83
"DERP016",7.97272,50.76675,2003,4,28,23.95
"DERP016",7.97272,50.76675,2003,5,29,16.21
"DERP016",7.97272,50.76675,2003,6,30,21.89
"DERP016",7.97272,50.76675,2003,7,31,17.56
"DERP016",7.97272,50.76675,2003,8,32,26.81
"DERP016",7.97272,50.76675,2003,9,33,17.87
"DERP016",7.97272,50.76675,2003,10,34,18.22
"DERP016",7.97272,50.76675,2003,11,35,19.53
"DERP016",7.97272,50.76675,2003,12,36,15.4
"DERP016",7.97272,50.76675,2004,1,37,13.14
"DERP016",7.97272,50.76675,2004,2,38,19.74
"DERP016",7.97272,50.76675,2004,3,39,27.81
"DERP016",7.97272,50.76675,2004,4,40,15.45
"DERP016",7.97272,50.76675,2004,5,41,14.59
"DERP016",7.97272,50.76675,2004,6,42,14.03
"DERP016",7.97272,50.76675,2004,7,43,12.65
"DERP016",7.97272,50.76675,2004,8,44,13.84
"DERP016",7.97272,50.76675,2004,9,45,12.35
"DERP016",7.97272,50.76675,2004,10,46,13.01
"DERP016",7.97272,50.76675,2004,11,47,11.76
"DERP016",7.97272,50.76675,2004,12,48,16.35
"DERP016",7.97272,50.76675,2005,1,49,12.58
"DERP016",7.97272,50.76675,2005,2,50,17.45
"DERP016",7.97272,50.76675,2005,3,51,18.93
"DERP016",7.97272,50.76675,2005,4,52,14.81
"DERP016",7.97272,50.76675,2005,5,53,12.49
"DERP016",7.97272,50.76675,2005,6,54,12.48
"DERP016",7.97272,50.76675,2005,7,55,12.16
"DERP016",7.97272,50.76675,2005,8,56,13.29
"DERP016",7.97272,50.76675,2005,9,57,15.95
"DERP016",7.97272,50.76675,2005,10,58,17.67
"DERP016",7.97272,50.76675,2005,11,59,10.14
"DERP016",7.97272,50.76675,2005,12,60,9.42
"DERP013",7.29352,49.42314,2001,1,1,13.25
"DERP013",7.29352,49.42314,2001,2,2,14.01
"DERP013",7.29352,49.42314,2001,3,3,11.42
"DERP013",7.29352,49.42314,2001,4,4,11.22
"DERP013",7.29352,49.42314,2001,5,5,18.68
"DERP013",7.29352,49.42314,2001,6,6,17.33
"DERP013",7.29352,49.42314,2001,7,7,17.54
"DERP013",7.29352,49.42314,2001,8,8,21.28
"DERP013",7.29352,49.42314,2001,9,9,12.23
"DERP013",7.29352,49.42314,2001,10,10,17.91
"DERP013",7.29352,49.42314,2001,11,11,13.03
"DERP013",7.29352,49.42314,2001,12,12,11.24
"DERP013",7.29352,49.42314,2002,1,13,15.92
"DERP013",7.29352,49.42314,2002,2,14,12.21
"DERP013",7.29352,49.42314,2002,3,15,18.91
"DERP013",7.29352,49.42314,2002,4,16,25.41
"DERP013",7.29352,49.42314,2002,5,17,14.47
"DERP013",7.29352,49.42314,2002,6,18,18.28
"DERP013",7.29352,49.42314,2002,7,19,17.47
"DERP013",7.29352,49.42314,2002,8,20,20.65
"DERP013",7.29352,49.42314,2002,9,21,15.19
"DERP013",7.29352,49.42314,2002,10,22,17.5
"DERP013",7.29352,49.42314,2002,11,23,12.92
"DERP013",7.29352,49.42314,2002,12,24,21.19
"DERP013",7.29352,49.42314,2003,1,25,15.95
"DERP013",7.29352,49.42314,2003,2,26,35.33
"DERP013",7.29352,49.42314,2003,3,27,29.39
"DERP013",7.29352,49.42314,2003,4,28,22.38
"DERP013",7.29352,49.42314,2003,5,29,14.98
"DERP013",7.29352,49.42314,2003,6,30,21.13
"DERP013",7.29352,49.42314,2003,7,31,17.25
"DERP013",7.29352,49.42314,2003,8,32,24.49
"DERP013",7.29352,49.42314,2003,9,33,16.94
"DERP013",7.29352,49.42314,2003,10,34,17.5
"DERP013",7.29352,49.42314,2003,11,35,16.62
"DERP013",7.29352,49.42314,2003,12,36,15.9
"DERP013",7.29352,49.42314,2004,1,37,14.64
"DERP013",7.29352,49.42314,2004,2,38,21.43
"DERP013",7.29352,49.42314,2004,3,39,26.44
"DERP013",7.29352,49.42314,2004,4,40,15.85
"DERP013",7.29352,49.42314,2004,5,41,18.06
"DERP013",7.29352,49.42314,2004,6,42,15.68
"DERP013",7.29352,49.42314,2004,7,43,15.92
"DERP013",7.29352,49.42314,2004,8,44,17.97
"DERP013",7.29352,49.42314,2004,9,45,15.74
"DERP013",7.29352,49.42314,2004,10,46,13.44
"DERP013",7.29352,49.42314,2004,11,47,15.31
"DERP013",7.29352,49.42314,2004,12,48,17.5
"DERP013",7.29352,49.42314,2005,1,49,14.91
"DERP013",7.29352,49.42314,2005,2,50,21.17
"DERP013",7.29352,49.42314,2005,3,51,21.82
"DERP013",7.29352,49.42314,2005,4,52,17.56
"DERP013",7.29352,49.42314,2005,5,53,14.64
"DERP013",7.29352,49.42314,2005,6,54,17.32
"DERP013",7.29352,49.42314,2005,7,55,13.7
"DERP013",7.29352,49.42314,2005,8,56,14.25
"DERP013",7.29352,49.42314,2005,9,57,18.48
"DERP013",7.29352,49.42314,2005,10,58,19.89
"DERP013",7.29352,49.42314,2005,11,59,12.6
"DERP013",7.29352,49.42314,2005,12,60,12.41
"DENI051",10.61248,51.75816,2001,1,1,8.04
"DENI051",10.61248,51.75816,2001,2,2,8.14
"DENI051",10.61248,51.75816,2001,3,3,12.13
"DENI051",10.61248,51.75816,2001,4,4,11.79
"DENI051",10.61248,51.75816,2001,5,5,20.3
"DENI051",10.61248,51.75816,2001,6,6,17.9
"DENI051",10.61248,51.75816,2001,7,7,20.28
"DENI051",10.61248,51.75816,2001,8,8,24.57
"DENI051",10.61248,51.75816,2001,9,9,11.82
"DENI051",10.61248,51.75816,2001,10,10,19.32
"DENI051",10.61248,51.75816,2001,11,11,6.9
"DENI051",10.61248,51.75816,2001,12,12,5.95
"DENI051",10.61248,51.75816,2002,1,13,7.26
"DENI051",10.61248,51.75816,2002,2,14,8.49
"DENI051",10.61248,51.75816,2002,3,15,16.92
"DENI051",10.61248,51.75816,2002,4,16,25.37
"DENI051",10.61248,51.75816,2002,5,17,17.32
"DENI051",10.61248,51.75816,2002,6,18,17.89
"DENI051",10.61248,51.75816,2002,7,19,16.56
"DENI051",10.61248,51.75816,2002,8,20,31.58
"DENI051",10.61248,51.75816,2002,9,21,17.03
"DENI051",10.61248,51.75816,2002,10,22,9.32
"DENI051",10.61248,51.75816,2002,11,23,8.84
"DENI051",10.61248,51.75816,2002,12,24,9.98
"DENI051",10.61248,51.75816,2003,1,25,5.72
"DENI051",10.61248,51.75816,2003,2,26,12.54
"DENI051",10.61248,51.75816,2003,3,27,24.35
"DENI051",10.61248,51.75816,2003,4,28,26.26
"DENI051",10.61248,51.75816,2003,5,29,16.18
"DENI051",10.61248,51.75816,2003,6,30,21.31
"DENI051",10.61248,51.75816,2003,7,31,15.57
"DENI051",10.61248,51.75816,2003,8,32,25.59
"DENI051",10.61248,51.75816,2003,9,33,18.26
"DENI051",10.61248,51.75816,2003,10,34,12
"DENI051",10.61248,51.75816,2003,11,35,10.7
"DENI051",10.61248,51.75816,2003,12,36,7.53
"DENI051",10.61248,51.75816,2004,1,37,6.8
"DENI051",10.61248,51.75816,2004,2,38,10.21
"DENI051",10.61248,51.75816,2004,3,39,20
"DENI051",10.61248,51.75816,2004,4,40,20.65
"DENI051",10.61248,51.75816,2004,5,41,13.4
"DENI051",10.61248,51.75816,2004,6,42,16.01
"DENI051",10.61248,51.75816,2004,7,43,12.73
"DENI051",10.61248,51.75816,2004,8,44,17.23
"DENI051",10.61248,51.75816,2004,9,45,12.42
"DENI051",10.61248,51.75816,2004,10,46,11.25
"DENI051",10.61248,51.75816,2004,11,47,7.16
"DENI051",10.61248,51.75816,2004,12,48,5.98
"DENI051",10.61248,51.75816,2005,1,49,5.75
"DENI051",10.61248,51.75816,2005,2,50,9.46
"DENI051",10.61248,51.75816,2005,3,51,17.3
"DENI051",10.61248,51.75816,2005,4,52,20.56
"DENI051",10.61248,51.75816,2005,5,53,11.86
"DENI051",10.61248,51.75816,2005,6,54,12.33
"DENI051",10.61248,51.75816,2005,7,55,12.79
"DENI051",10.61248,51.75816,2005,8,56,13.15
"DENI051",10.61248,51.75816,2005,9,57,19.18
"DENI051",10.61248,51.75816,2005,10,58,15.87
"DENI051",10.61248,51.75816,2005,11,59,5.03
"DENI051",10.61248,51.75816,2005,12,60,4.1
"DEUB028",12.72194,54.43698,2001,9,9,9.34
"DEUB028",12.72194,54.43698,2001,10,10,15
"DEUB028",12.72194,54.43698,2001,11,11,10.78
"DEUB028",12.72194,54.43698,2001,12,12,10.82
"DEUB028",12.72194,54.43698,2002,1,13,14.21
"DEUB028",12.72194,54.43698,2002,2,14,13.81
"DEUB028",12.72194,54.43698,2002,3,15,20.77
"DEUB028",12.72194,54.43698,2002,4,16,18.32
"DEUB028",12.72194,54.43698,2002,5,17,12.39
"DEUB028",12.72194,54.43698,2002,6,18,12.86
"DEUB028",12.72194,54.43698,2002,7,19,13.46
"DEUB028",12.72194,54.43698,2002,8,20,23.39
"DEUB028",12.72194,54.43698,2002,9,21,14.24
"DEUB028",12.72194,54.43698,2002,10,22,10.2
"DEUB028",12.72194,54.43698,2002,11,23,13.15
"DEUB028",12.72194,54.43698,2002,12,24,17.7
"DEUB028",12.72194,54.43698,2003,1,25,13.91
"DEUB028",12.72194,54.43698,2003,2,26,25.42
"DEUB028",12.72194,54.43698,2003,3,27,24.87
"DEUB028",12.72194,54.43698,2003,4,28,18.21
"DEUB028",12.72194,54.43698,2003,5,29,11.57
"DEUB028",12.72194,54.43698,2003,6,30,14.44
"DEUB028",12.72194,54.43698,2003,7,31,13.03
"DEUB028",12.72194,54.43698,2003,8,32,13.49
"DEUB028",12.72194,54.43698,2003,9,33,13.51
"DEUB028",12.72194,54.43698,2003,10,34,9.35
"DEUB028",12.72194,54.43698,2003,11,35,15.48
"DEUB028",12.72194,54.43698,2003,12,36,12.39
"DEUB028",12.72194,54.43698,2004,1,37,15.7
"DEUB028",12.72194,54.43698,2004,2,38,9.48
"DEUB028",12.72194,54.43698,2004,3,39,17.65
"DEUB028",12.72194,54.43698,2004,4,40,17.99
"DEUB028",12.72194,54.43698,2004,5,41,18.84
"DEUB028",12.72194,54.43698,2004,6,42,14.37
"DEUB028",12.72194,54.43698,2004,7,43,13.79
"DEUB028",12.72194,54.43698,2004,8,44,16.53
"DEUB028",12.72194,54.43698,2004,9,45,14.01
"DEUB028",12.72194,54.43698,2004,10,46,14.87
"DEUB028",12.72194,54.43698,2004,11,47,14.77
"DEUB028",12.72194,54.43698,2004,12,48,18.57
"DEUB028",12.72194,54.43698,2005,1,49,14.34
"DEUB028",12.72194,54.43698,2005,2,50,21.67
"DEUB028",12.72194,54.43698,2005,3,51,16.11
"DEUB028",12.72194,54.43698,2005,4,52,17.19
"DEUB028",12.72194,54.43698,2005,5,53,13.16
"DEUB028",12.72194,54.43698,2005,6,54,12.89
"DEUB028",12.72194,54.43698,2005,7,55,13.23
"DEUB028",12.72194,54.43698,2005,8,56,13.26
"DEUB028",12.72194,54.43698,2005,9,57,15.51
"DEUB028",12.72194,54.43698,2005,10,58,20.7
"DEUB028",12.72194,54.43698,2005,11,59,13.57
"DEUB028",12.72194,54.43698,2005,12,60,12.82
"DESN052",13.75145,50.73148,2002,1,13,7.52
"DESN052",13.75145,50.73148,2002,2,14,10.57
"DESN052",13.75145,50.73148,2002,3,15,19.36
"DESN052",13.75145,50.73148,2002,4,16,21
"DESN052",13.75145,50.73148,2002,5,17,16.55
"DESN052",13.75145,50.73148,2002,6,18,13.86
"DESN052",13.75145,50.73148,2002,7,19,13.19
"DESN052",13.75145,50.73148,2002,8,20,22.61
"DESN052",13.75145,50.73148,2002,9,21,8.29
"DESN052",13.75145,50.73148,2002,10,22,9.19
"DESN052",13.75145,50.73148,2002,11,23,8.97
"DESN052",13.75145,50.73148,2002,12,24,12.81
"DEUB042",9.44666,49.24068,2001,9,9,29.56
"DEUB042",9.44666,49.24068,2001,10,10,28.9
"DEUB042",9.44666,49.24068,2001,11,11,26.99
"DEUB042",9.44666,49.24068,2001,12,12,22.76
"DEUB042",9.44666,49.24068,2002,1,13,40.1
"DEUB042",9.44666,49.24068,2002,2,14,16.49
"DEUB042",9.44666,49.24068,2002,3,15,27.21
"DEUB042",9.44666,49.24068,2002,4,16,30.16
"DEUB042",9.44666,49.24068,2002,5,17,16.67
"DEUB042",9.44666,49.24068,2002,6,18,24.2
"DEUB042",9.44666,49.24068,2002,7,19,25.03
"DEUB042",9.44666,49.24068,2002,8,20,24.03
"DEUB042",9.44666,49.24068,2002,9,21,20.21
"DEUB042",9.44666,49.24068,2002,10,22,18.1
"DEUB042",9.44666,49.24068,2002,11,23,17.68
"DEUB042",9.44666,49.24068,2002,12,24,23.73
"DEUB042",9.44666,49.24068,2003,1,25,23.53
"DEUB042",9.44666,49.24068,2003,2,26,43.52
"DEUB042",9.44666,49.24068,2003,3,27,29.46
"DEUB042",9.44666,49.24068,2003,4,28,25.34
"DEUB042",9.44666,49.24068,2003,5,29,20.83
"DEUB042",9.44666,49.24068,2003,6,30,30.07
"DEUB042",9.44666,49.24068,2003,7,31,24.26
"DEUB042",9.44666,49.24068,2003,8,32,26.81
"DEUB042",9.44666,49.24068,2003,9,33,23.57
"DEUB042",9.44666,49.24068,2003,10,34,20.8
"DEUB042",9.44666,49.24068,2003,11,35,24.49
"DEUB042",9.44666,49.24068,2003,12,36,22.97
"DEUB042",9.44666,49.24068,2004,1,37,19.22
"DEUB042",9.44666,49.24068,2004,2,38,28.15
"DEUB042",9.44666,49.24068,2004,3,39,34.93
"DEUB042",9.44666,49.24068,2004,4,40,23.77
"DEUB042",9.44666,49.24068,2004,5,41,19.58
"DEUB042",9.44666,49.24068,2004,6,42,20.94
"DEUB042",9.44666,49.24068,2004,7,43,15.92
"DEUB042",9.44666,49.24068,2004,8,44,12.25
"DEUB042",9.44666,49.24068,2004,9,45,19.24
"DEUB042",9.44666,49.24068,2004,10,46,20.46
"DEUB042",9.44666,49.24068,2004,11,47,21.83
"DEUB042",9.44666,49.24068,2004,12,48,30.71
